Workbook

Sheet E 日分析表
A2: 藥液分析日報表
A3: 線別 | B3: Msap
A4: 日期 | B4: 46136
A5: 分析者 | B5: 克里斯 | K5: 工程變更
A6: 線 別 | B6: 槽 位 | C6: 分析項目 | D6: 規格中值 | E6: 範 圍 | H6: 滴定數(ml) | I6: 濃 度 | J6: 判 定 | K6: ECR編號 | L6: 申請日期 | M6: 截止日期
A7: 粗化線 (PT) | B7: 脫脂槽 Degreasing | C7: CHO (%) | D7: 3±1 | E7: 2 | F7: ~ | G7: 4 | I7: =IF(H7="","",3.2*H7*F值!B4) | J7: =IF(I7="","未取樣",IF(OR(I7<E7,I7>G7),"NG","OK")) -> 未取樣
B8: 銅 Copper | C8: 銅離子 (g/L) | D8: < 42 | E8: 0 | F8: ~ | G8: 42 | I8: =IF(H8="","",3.177*H8*F值!B5) | J8: =IF(I8="","未取樣",IF(OR(I8<E8,I8>G8),"NG","OK")) -> 未取樣
C9: 溫度 (℃) | D9: - | E9: 25 | F9: ~ | G9: 35 | H9: - | J9: =IF(I9="","未取樣",IF(OR(I9<E9,I9>G9),"NG","OK")) -> 未取樣
C10: 比重 | D10: 1.1±0.05 | E10: 1.05 | F10: ~ | G10: 1.15 | H10: - | J10: =IF(I10="","未取樣",IF(OR(I10<E10,I10>G10),"NG","OK")) -> 未取樣
B11: 鹽酸洗 HCL | C11: CHO (%) | D11: 3±1 | E11: 2 | F11: ~ | G11: 4 | I11: =IF(H11="","",3.2*H11*F值!B4) | J11: =IF(I11="","未取樣",IF(OR(I11<E11,I11>G11),"NG","OK")) -> 未取樣
C12: 銅離子 (g/L) | D12: < 300 | F12: ~ | G12: 300 | I12: =IF(H12="","",H12*1.5885*2/25*1000) | J12: =IF(I12="","未取樣",IF(OR(I12<E12,I12>G12),"NG","OK")) -> 未取樣
B13: 抗氧化 Anti-oxidation | C13: PH | D13: > 5 | E13: 5 | F13: ~ | G13: 999 | H13: - | J13: =IF(I13="","未取樣",IF(OR(I13<E13,I13>G13),"NG","OK")) -> 未取樣
I14: .
A15: 顯影線 (DV) | B15: 液洗 Liquid washing | C15: 碳酸鈉 (%) | D15: 1±0.2 | E15: 0.8 | F15: ~ | G15: 1.2 | I15: =IF(H15="","",0.0212*4*H15*F值!B3) | J15: =IF(I15="","未取樣",IF(OR(I15<E15,I15>G15),"NG","OK")) -> 未取樣
C16: PH | D16: > 10.7 | E16: 10.7 | F16: ~ | G16: 999 | H16: - | J16: =IF(I16="","未取樣",IF(OR(I16<E16,I16>G16),"NG","OK")) -> 未取樣
B17: 新液洗 New liquid washing | C17: 碳酸鈉 (%) | D17: 1±0.2 | E17: 0.8 | F17: ~ | G17: 1.2 | I17: =IF(H17="","",0.0212*4*H17*F值!B3) | J17: =IF(I17="","未取樣",IF(OR(I17<E17,I17>G17),"NG","OK")) -> 未取樣
C18: PH | D18: >10.7 | E18: 10.7 | F18: ~ | G18: 999 | H18: - | J18: =IF(I18="","未取樣",IF(OR(I18<E18,I18>G18),"NG","OK")) -> 未取樣
A20: 剝膜線 (ST) | B20: 液洗 Liquid washing | C20: HO (%) | D20: 12±2 | E20: 10 | F20: ~ | G20: 14 | I20: =IF(H20="","",H20/5*6.98*F值!B3) | J20: =IF(I20="","未取樣",IF(OR(I20<E20,I20>G20),"NG","OK")) -> 未取樣 | K20: ECR
B21: 新液洗 New liquid washing | C21: HO (%) | D21: 12±2 | E21: 10 | F21: ~ | G21: 14 | I21: =IF(H21="","",H21/5*6.98*F值!B3) | J21: =IF(I21="","未取樣",IF(OR(I21<E21,I21>G21),"NG","OK")) -> 未取樣 | K21: ECR
B22: 硫酸洗 H2SO4 | C22: CHO (%) | D22: 5±1 | E22: 4 | F22: ~ | G22: 6 | I22: =IF(H22="","",3.2*H22*F值!B4) | J22: =IF(I22="","未取樣",IF(OR(I22<E22,I22>G22),"NG","OK")) -> 未取樣
B23: 添加桶 New liquid washing | C23: HO (%) | D23: 12±2 | E23: 10 | F23: ~ | G23: 14 | I23: =IF(H23="","",H23/5*6.98*F值!B3) | J23: =IF(I23="","未取樣",IF(OR(I23<E23,I23>G23),"NG","OK")) -> 未取樣 | K23: ECR
B24: ST小槽 New liquid washing | C24: HO (%) | D24: 12±2 | E24: 10 | F24: ~ | G24: 14 | I24: =IF(H24="","",H24/5*6.98*F值!B5) | J24: =IF(I24="","未取樣",IF(OR(I24<E24,I24>G24),"NG","OK")) -> 未取樣 | K24: ECR
A26: 快蝕線 (QE) | B26: 銅 copper | C26: 酸 (%) | D26: 3±1 | E26: 2 | F26: ~ | G26: 4 | I26: =IF(H26="","",2.7*H26/5*F值!B4) | J26: =IF(I26="","未取樣",IF(OR(I26<E26,I26>G26),"NG","OK")) -> 未取樣
C27: 銅離子 (g/L) | D27: 22.5±12.5 | E27: 10 | F27: ~ | G27: 35 | I27: =IF(H27="","",3.18*H27*F值!B5) | J27: =IF(I27="","未取樣",IF(OR(I27<E27,I27>G27),"NG","OK")) -> 未取樣
C28: 雙氧水 (%) | D28: 6±1.5 | E28: 4.5 | F28: ~ | G28: 7.5 | I28: =IF(H28="","",0.428*2*H28*F值!B6) | J28: =IF(I28="","未取樣",IF(OR(I28<E28,I28>G28),"NG","OK")) -> 未取樣
B29: 硫酸洗 H2SO4 | C29: CHO (%) | D29: 5±1 | E29: 4 | F29: ~ | G29: 6 | I29: =IF(H29="","",3.2*H29*F值!B4) | J29: =IF(I29="","未取樣",IF(OR(I29<E29,I29>G29),"NG","OK")) -> 未取樣
B30: 抗氧化 Anti-oxidation | C30: PH | D30: > 5 | E30: 5 | F30: ~ | G30: 999 | H30: - | J30: =IF(I30="","未取樣",IF(OR(I30<E30,I30>G30),"NG","OK")) -> 未取樣
A31: 備註:
A35: QA-2-010-02A | C35: 核准： | H35: 確認：

Sheet 新線分析表
A2: 藥液分析日報表
A3: 線別 | B3: Msap | L3: 工程變更
A4: 日期 | B4: 46136 | L4: ECR編號 | M4: 申請日期 | N4: 截止日期
A5: 分析者 | B5: 劉思妤
A6: 線 別 | B6: 槽 位 | C6: 分析項目 | D6: 規格中值 | E6: 範 圍 | H6: 滴定數(ml) | I6: 濃 度 | J6: 判 定
A7: 粗化線 (PT) | B7: 脫脂槽 Degreasing | C7: CHO (%) | D7: 3±1 | E7: 2 | F7: ~ | G7: 4 | I7: =IF(H7="","",3.2*H7*F值!B4) | J7: =IF(I7="","未取樣",IF(OR(I7<E7,I7>G7),"NG","OK")) -> 未取樣 | K7: PT2
B8: 銅 Copper | C8: 銅離子 (g/L) | D8: < 42 | E8: 0 | F8: ~ | G8: 42 | I8: =IF(H8="","",3.177*H8*F值!B5) | J8: =IF(I8="","未取樣",IF(OR(I8<E8,I8>G8),"NG","OK")) -> 未取樣
C9: 溫度 (℃) | D9: - | E9: 25 | F9: ~ | G9: 35 | H9: - | J9: =IF(I9="","未取樣",IF(OR(I9<E9,I9>G9),"NG","OK")) -> 未取樣
C10: 比重 | D10: 1.1±0.05 | E10: 1.05 | F10: ~ | G10: 1.15 | H10: - | J10: =IF(I10="","未取樣",IF(OR(I10<E10,I10>G10),"NG","OK")) -> 未取樣
B11: 鹽酸洗 HCL | C11: CHO (%) | D11: 3±1 | E11: 2 | F11: ~ | G11: 4 | I11: =IF(H11="","",3.2*H11*F值!B4) | J11: =IF(I11="","未取樣",IF(OR(I11<E11,I11>G11),"NG","OK")) -> 未取樣
C12: 銅離子 (g/L) | D12: < 300 | F12: ~ | G12: 300 | I12: =IF(H12="","",H12*1.5885*2/25*1000) | J12: =IF(I12="","未取樣",IF(OR(I12<E12,I12>G12),"NG","OK")) -> 未取樣
B13: 抗氧化 Anti-oxidation | C13: PH | D13: > 5 | E13: 5 | F13: ~ | G13: 999 | H13: - | J13: =IF(I13="","未取樣",IF(OR(I13<E13,I13>G13),"NG","OK")) -> 未取樣
I14: .
A15: 顯影線 (DV) | B15: 液洗 Liquid washing | C15: 碳酸鈉 (%) | D15: 1±0.2 | E15: 0.8 | F15: ~ | G15: 1.2 | I15: =IF(H15="","",0.0212*4*H15*F值!B3) | J15: =IF(I15="","未取樣",IF(OR(I15<E15,I15>G15),"NG","OK")) -> 未取樣 | K15: DV2 | L15: 2512004 | M15: 45996 | N15: 202/2/26
C16: PH | D16: > 10.7 | E16: 10.7 | F16: ~ | G16: 999 | H16: - | J16: =IF(I16="","未取樣",IF(OR(I16<E16,I16>G16),"NG","OK")) -> 未取樣 | M16: 45996 | N16: 202/2/26
B17: 新液洗 New liquid washing | C17: 碳酸鈉 (%) | D17: 1±0.2 | E17: 0.8 | F17: ~ | G17: 1.2 | I17: =IF(H17="","",0.0212*4*H17*F值!B3) | J17: =IF(I17="","未取樣",IF(OR(I17<E17,I17>G17),"NG","OK")) -> 未取樣 | M17: 45996 | N17: 202/2/26
C18: PH | D18: >10.7 | E18: 10.7 | F18: ~ | G18: 999 | H18: - | J18: =IF(I18="","未取樣",IF(OR(I18<E18,I18>G18),"NG","OK")) -> 未取樣 | M18: 45996 | N18: 202/2/26
A20: 剝膜線 (ST) | B20: 液洗(1) Liquid washing | C20: HO (%) | D20: 15±2 | E20: 13 | F20: ~ | G20: 17 | I20: =IF(H20="","",H20/5*11.45*F值!B3) | J20: =IF(I20="","未取樣",IF(OR(I20<E20,I20>G20),"NG","OK")) -> 未取樣 | K20: ST2 | L20: 2601002
B21: 液洗(2) Liquid washing | C21: HO (%) | D21: 15±2 | E21: 13 | F21: ~ | G21: 17 | H21: 6.6 | I21: =IF(H21="","",H21/5*11.45*F值!B3) -> 14.479212 | J21: =IF(I21="","未取樣",IF(OR(I21<E21,I21>G21),"NG","OK")) -> OK
B22: 液洗(3) New liquid washing | C22: HO (%) | D22: 15±2 | E22: 13 | F22: ~ | G22: 17 | H22: 6.5 | I22: =IF(H22="","",H22/5*11.45*F值!B3) -> 14.25983 | J22: =IF(I22="","未取樣",IF(OR(I22<E22,I22>G22),"NG","OK")) -> OK
B23: 硫酸洗(4) H2SO3 | C23: CHO (%) | D23: 5±1 | E23: 4 | F23: ~ | G23: 6 | H23: 1.3 | I23: =IF(H23="","",H23*3.2*F值!B4) -> 4.1392 | J23: =IF(I23="","未取樣",IF(OR(I23<E23,I23>G23),"NG","OK")) -> OK
B24: 添加桶(5) | C24: HO (%) | D24: 15±2 | E24: 13 | F24: ~ | G24: 17 | I24: =IF(H24="","",H24/5*11.45*F值!B3) | J24: =IF(I24="","未取樣",IF(OR(I24<E24,I24>G24),"NG","OK")) -> 未取樣
B25: 添加桶(6) | C25: HO (%) | D25: 15±2 | E25: 13 | F25: ~ | G25: 17 | I25: =IF(H25="","",H25/5*11.45*F值!B3) | J25: =IF(I25="","未取樣",IF(OR(I25<E25,I25>G25),"NG","OK")) -> 未取樣
B27: 銅 copper | C27: 酸 (%) | D27: 4±1 | E27: 3 | F27: ~ | G27: 5 | I27: =IF(H27="","",2.7*H27/5*F值!B4) | J27: =IF(I27="","未取樣",IF(OR(I27<E27,I27>G27),"NG","OK")) -> 未取樣 | K27: QE2 | L27: 2512002 | M27: 45962 | N27: 46081
C28: 銅離子 (g/L) | D28: 22.5±12.5 | E28: 10 | F28: ~ | G28: 35 | I28: =IF(H28="","",3.18*H28*F值!B5) | J28: =IF(I28="","未取樣",IF(OR(I28<E28,I28>G28),"NG","OK")) -> 未取樣 | M28: 45962 | N28: 46081
C29: 雙氧水 (%) | D29: 6±1.5 | E29: 4.5 | F29: ~ | G29: 7.5 | I29: =IF(H29="","",0.428*2*H29*F值!B6) | J29: =IF(I29="","未取樣",IF(OR(I29<E29,I29>G29),"NG","OK")) -> 未取樣 | M29: 45962 | N29: 46081
B30: NS-357 | C30: 硝酸 (%) | D30: 4±1 | E30: 3 | F30: ~ | G30: 5 | I30: =IF(H30="","",37.4*H30*F值!B4/10) | J30: =IF(I30="","未取樣",IF(OR(I30<E30,I30>G30),"NG","OK")) -> 未取樣 | M30: 45996 | N30: 46112
C31: 雙氧水 (%) | D31: 1.5±1 | E31: 0.5 | F31: ~ | G31: 2.5 | I31: =IF(H31="","",0.428*2*H31*F值!B6) | J31: =IF(I31="","未取樣",IF(OR(I31<E31,I31>G31),"NG","OK")) -> 未取樣 | M31: 45996 | N31: 46112
B32: 硫酸洗 H2SO4 | C32: 酸洗 | D32: 5±1 | E32: 4 | F32: ~ | G32: 6 | I32: =IF(H32="","",H32*3.2*F值!B4) | J32: =IF(I32="","未取樣",IF(OR(I32<E32,I32>G32),"NG","OK")) -> 未取樣 | M32: 45962 | N32: 46081
B33: 抗氧化 Anti-oxidation | C33: CHO (%) | D33: 5±2 | E33: 5 | F33: ~ | G33: 7 | J33: 未取樣
A34: 備註:
A38: QA-2-010-02A | C38: 核准： | H38: 確認：

Sheet 小槽
A2: 藥液分析日報表
A3: 線別 | B3: mSAP
A4: 日期 | B4: ='E 日分析表'!B4 -> 46136
A5: 分析者 | B5: ='E 日分析表'!B5 -> 克里斯 | K5: 工程變更
A6: 線 別 | B6: 槽 位 | C6: 分析項目 | D6: 規格中值 | E6: 範 圍 | H6: 滴定數(ml) | I6: 濃 度 | J6: 判 定 | K6: ECR編號 | L6: 申請日期 | M6: 截止日期
A7: 粗化線 (PT) | I7: =IF(H7="","",3.2*H7*[1]F值!B4) | J7: =IF(I7="","未取樣",IF(OR(I7<E7,I7>G7),"NG","OK")) -> 未取樣
I8: =IF(H8="","",3.177*H8*[1]F值!B5) | J8: =IF(I8="","未取樣",IF(OR(I8<E8,I8>G8),"NG","OK")) -> 未取樣
J9: =IF(I9="","未取樣",IF(OR(I9<E9,I9>G9),"NG","OK")) -> 未取樣
J10: =IF(I10="","未取樣",IF(OR(I10<E10,I10>G10),"NG","OK")) -> 未取樣
I11: =IF(H11="","",3.2*H11*[1]F值!B4) | J11: =IF(I11="","未取樣",IF(OR(I11<E11,I11>G11),"NG","OK")) -> 未取樣
I12: =IF(H12="","",H12*1.5885*2/25*1000) | J12: =IF(I12="","未取樣",IF(OR(I12<E12,I12>G12),"NG","OK")) -> 未取樣
J13: =IF(I13="","未取樣",IF(OR(I13<E13,I13>G13),"NG","OK")) -> 未取樣
A15: 顯影線 (DV) | I15: =IF(H15="","",0.0212*4*H15*[1]F值!B3) | J15: =IF(I15="","未取樣",IF(OR(I15<E15,I15>G15),"NG","OK")) -> 未取樣
J16: =IF(I16="","未取樣",IF(OR(I16<E16,I16>G16),"NG","OK")) -> 未取樣
I17: =IF(H17="","",0.0212*4*H17*[1]F值!B3) | J17: =IF(I17="","未取樣",IF(OR(I17<E17,I17>G17),"NG","OK")) -> 未取樣
J18: =IF(I18="","未取樣",IF(OR(I18<E18,I18>G18),"NG","OK")) -> 未取樣
A20: 剝膜線 (ST) | B20: 線外配槽 | C20: HO (%) | D20: 12±2 | E20: 10 | F20: ~ | G20: 14 | I20: =IF(H20="","",H20/5*6.98*[1]F值!B3) | J20: =IF(I20="","未取樣",IF(OR(I20<E20,I20>G20),"NG","OK")) -> 未取樣 | K20: 2512001 | L20: 45992 | M20: 46081
I21: =IF(H21="","",H21/5*6.98*[1]F值!B3) | J21: =IF(I21="","未取樣",IF(OR(I21<E21,I21>G21),"NG","OK")) -> 未取樣
I22: =IF(H22="","",H22/5*6.98*[1]F值!B5) | J22: =IF(I22="","未取樣",IF(OR(I22<E22,I22>G22),"NG","OK")) -> 未取樣
I23: =IF(H23="","",3.2*H23*[1]F值!B4) | J23: =IF(I23="","未取樣",IF(OR(I23<E23,I23>G23),"NG","OK")) -> 未取樣
A25: 快蝕線 (QE) | B25: 線外配槽 | C25: 硝酸 (%) | D25: 4±1 | E25: 3 | F25: ~ | G25: 5 | I25: =IF(H25="","",37.4*H25*[1]F值!B4/10) | J25: =IF(I25="","未取樣",IF(OR(I25<E25,I25>G25),"NG","OK")) -> 未取樣 | K25: 2512003 | L25: 45996 | M25: 46112 | N25: 硝酸化驗方式： | O25: 藥液 (1 ml) | P25: + | Q25: MO (1滴) | R25: 用NAOH滴定
C26: 雙氧水 (%) | D26: 1.5±1 | E26: 0.5 | F26: ~ | G26: 2.5 | I26: =IF(H26="","",0.428*H26*2) | J26: =IF(I26="","未取樣",IF(OR(I26<E26,I26>G26),"NG","OK")) -> 未取樣 | K26: 2512006 | L26: 45996 | M26: 46112
C27: 酸洗 | D27: 5±1 | E27: 4 | F27: ~ | G27: 6 | I27: =IF(H27="","",3.2*H27*[2]F值!B3) | J27: =IF(I27="","未取樣",IF(OR(I27<E27,I27>G27),"NG","OK")) -> 未取樣
I28: =IF(H28="","",3.2*H28*[1]F值!B4) | J28: =IF(I28="","未取樣",IF(OR(I28<E28,I28>G28),"NG","OK")) -> 未取樣 | O28: 1.1
H29: - | J29: =IF(I29="","未取樣",IF(OR(I29<E29,I29>G29),"NG","OK")) -> 未取樣
A30: 備註:
A34: QA-2-010-02A | C34: 核准： | H34: 確認：

Sheet 除鈀
A2: 藥液分析日報表
A3: 線別 | B3: mSAP
A4: 日期 | B4: ='E 日分析表'!B4 -> 46136
A5: 分析者 | B5: ='E 日分析表'!B5 -> 克里斯 | K5: 工程變更
A6: 線 別 | B6: 槽 位 | C6: 分析項目 | D6: 規格中值 | E6: 範 圍 | H6: 滴定數(ml) | I6: 濃 度 | J6: 判 定 | K6: ECR編號 | L6: 申請日期 | M6: 截止日期
A7: 除鈀線 (DP) | B7: 除鈀槽 | C7: 主劑 (ml/L) | D7: 275±125 | E7: 150 | F7: ~ | G7: 400 | H7: 2.8 | I7: =IF(H7="","",(25-H7)*13.3) -> 295.26 | J7: =IF(I7="","未取樣",IF(OR(I7<E7,I7>G7),"NG","OK")) -> OK
C8: SPS (g/L) | D8: 0.55±0.25 | E8: 0.3 | F8: ~ | G8: 0.8 | H8: 0.364 | I8: =IF(H8="","",H8*0.93) -> 0.33852 | J8: =IF(I8="","未取樣",IF(OR(I8<E8,I8>G8),"NG","OK")) -> OK | K8: 曝氣:0.242
C9: 溫度 (℃) | D9: 25~45 | E9: 24 | F9: ~ | G9: 45 | H9: - | I9: 30.3 | J9: =IF(I9="","未取樣",IF(OR(I9<E9,I9>G9),"NG","OK")) -> OK | K9: 打氣:0.239
C10: PH | D10: 10±0.2 | E10: 9.8 | F10: ~ | G10: 10.2 | H10: - | I10: 10 | J10: =IF(I10="","未取樣",IF(OR(I10<E10,I10>G10),"NG","OK")) -> OK
B11: 清潔槽 | C11: 鹼洗 (ml/L) | D11: 100±20 | E11: 80 | F11: ~ | G11: 120 | H11: 3.7 | I11: =IF(H11="","",H11*7.5*4*[3]F值!B4) -> 108.78 | J11: =IF(I11="","未取樣",IF(OR(I11<E11,I11>G11),"NG","OK")) -> OK
B12: 酸洗槽 | C12: 酸洗 (%) | D12: 5±1 | E12: 4 | F12: ~ | G12: 6 | H12: 1.6 | I12: =IF(H12="","",H12*3.2*[3]F值!B6) -> 5.12 | J12: =IF(I12="","未取樣",IF(OR(I12<E12,I12>G12),"NG","OK")) -> OK
B13: 抗氧化 | C13: PH | D13: > 5 | E13: 5 | F13: ~ | G13: 999 | H13: - | I13: 3.76 | J13: =IF(I13="","未取樣",IF(OR(I13<E13,I13>G13),"NG","OK")) -> NG
A14: 備註:
A18: QA-2-010-02A | C18: 核准： | H18: 確認：

Sheet F值
A2: 標準液F值
A3: 0.4N HCl | B3: 0.958
A4: 1 N NaOH | B4: 0.995
A5: 0.05N EDTA | B5: 1
A6: 0.1N KMnO4 | B6: 1
