Workbook
Name ___xlnm.Print_Area: NA()
Name __xlnm.Print_Area: NA()
Name _1150807A1: #REF!
Name _1150810A1: #REF!
Name _1150810A2: #REF!
Name _1150901A1: #REF!
Name _1150907A2: #REF!
Name _1150908A2: #REF!
Name _1150910A1: #REF!
Name _1150923A1: #REF!
Name _1151001A1: #REF!
Name _1151005A1: #REF!
Name _1151008A1: #REF!
Name _1151012A1: #REF!
Name _1151014A2: #REF!
Name _1151015A1: #REF!
Name _1151015A2: #REF!
Name _1151101A1: #REF!
Name _1151101A2: #REF!
Name _1151102A1: #REF!
Name _1151103A1: #REF!
Name _1151104A2: #REF!
Name _1151106A1: #REF!
Name _1151109A1: #REF!
Name _1151110A2: #REF!
Name _1151112A1: #REF!
Name _1151113A1: #REF!
Name _1151113A2: #REF!
Name _1151201A1: #REF!
Name _1151201A2: #REF!
Name _1151203A1: #REF!
Name _1160502B1: #REF!
Name _200X: #REF!
Name _2151113B2: #REF!
Name _2151113B3: #REF!
Name _2151113B4: #REF!
Name _215111B1: #REF!
Name _215111B2: #REF!
Name _215111B3_4: #REF!
Name _2151201B1_2: #REF!
Name _2151201B3_4: #REF!
Name _2151201B5_6: #REF!
Name _2151201B7_8: #REF!
Name _2151201B9_10: #REF!
Name _2151202B4: #REF!
Name _2151202B5: #REF!
Name _2151205B1_2: #REF!
Name _2151205B3: #REF!
Name _2151205B4: #REF!
Name _2151205B5: #REF!
Name _2151209B1: #REF!
Name _2151209B2: #REF!
Name _2151209B3: #REF!
Name _2160105B1: #REF!
Name _2160105B6: #REF!
Name _2160105B7: #REF!
Name _2160105B8: #REF!
Name _2160106B1: #REF!
Name _2160106B4: #REF!
Name _2160106B5: #REF!

Sheet 0831.
A1: PT咬蝕量量測記錄表 | G1: PT咬蝕量量測記錄表 | R1: QE咬蝕量量測記錄表 | X1: QE咬蝕量量測記錄表
A2: PT-01 | G2: PT-02 | R2: QE-01 | X2: QE-02
A3: OP | B3: 1 | C3: 2 | D3: 3 | E3: 4 | F3: 5 | G3: OP | H3: 1 | I3: 2 | J3: 3 | K3: 4 | L3: 5 | M3: 6 | N3: 7 | O3: 8 | P3: 9 | Q3: 10 | R3: OP | S3: 1 | T3: 2 | U3: 3 | V3: 4 | W3: 5 | X3: OP | Y3: 1 | Z3: 2 | AA3: 3 | AB3: 4 | AC3: 5 | AD3: 6 | AE3: 7 | AF3: 8 | AG3: 9 | AH3: 10
A4: BEFORE | G4: BEFORE | R4: BEFORE | X4: BEFORE
A14: AFTER | G14: AFTER | R14: AFTER | X14: AFTER
A25: 項次 | B25: 單位 | C25: 規格 | E25: 數值 | G25: 項次 | H25: 單位 | I25: 規格 | K25: 數值 | R25: 項次 | S25: 單位 | T25: 規格 | V25: 數值 | X25: 項次 | Y25: 單位 | Z25: 規格 | AB25: 數值
A26: 咬蝕量 | B26: um | C26: 0.3 | D26: ±0.1 | E26: =AVERAGE(B4:F13)-AVERAGE(B14:F23) -> #DIV/0! | G26: 咬蝕量 | H26: um | I26: 0.3 | J26: ±0.1 | K26: =AVERAGE(H4:Q13)-AVERAGE(H14:Q23) -> #DIV/0! | R26: 咬蝕量 | S26: um | T26: 1.07 | U26: ±0.21 | V26: =AVERAGE(S4:W13)-AVERAGE(S14:W23) -> #DIV/0! | X26: 咬蝕量 | Y26: um | Z26: 1.38 | AA26: ±0.23 | AB26: =AVERAGE(Y4:AH13)-AVERAGE(Y14:AH23) -> #DIV/0!
A27: 線速 | B27: M/min | C27: ="--" -> -- | E27: 1.7 | G27: 線速 | H27: M/min | I27: ="--" -> -- | K27: 1.5 | R27: 線速 | S27: M/min | T27: ="--" -> -- | V27: 1.4 | X27: 線速 | Y27: M/min | Z27: ="--" -> -- | AB27: 1.5
A28: 咬蝕速率 | B28: um/min | C28: 0.52±0.15 | E28: =(E26/(0.975/E27)) -> #DIV/0! | G28: 咬蝕速率 | H28: um/min | I28: 0.46±0.10 | K28: =(K26/(0.975/K27)) -> #DIV/0! | R28: 咬蝕速率 | S28: um/min | T28: 0.77±0.15 | V28: =(V26/(1.944/V27)) -> #DIV/0! | X28: 咬蝕速率 | Y28: um/min | Z28: 0.9±0.15 | AB28: =(AB26/(2.268/AB27)) -> #DIV/0!
A29: 生產速度(SPEED) | B29: M/min | C29: =0.972*E28/C26 -> #DIV/0! | E29: 以咬蝕量0.3um計算線速 | G29: 生產速度(SPEED) | H29: M/min | I29: =0.972*K28/I26 -> #DIV/0! | K29: 以咬蝕量0.3um計算線速 | R29: 生產速度(SPEED) | S29: M/min | T29: =1.944*V28/1.8 -> #DIV/0! | V29: 以咬蝕量1.8um計算線速 | X29: 生產速度(SPEED) | Y29: M/min | Z29: =2.268*AB28/1.5 -> #DIV/0! | AB29: 以咬蝕量1.5um計算線速
A30: 量測日期 | C30: =TODAY() -> 46251 | R30: 量測日期 | T30: =TODAY() -> 46251
A31: PT-01 | G31: PT-02 | R31: QE-01 | X31: QE-02
A32: 咬蝕量 | G32: 咬蝕量 | R32: 咬蝕量 | X32: 咬蝕量
A33: PT1+ | B33: =B4-B14 -> 0 | C33: =C4-C14 -> 0 | D33: =D4-D14 -> 0 | E33: =E4-E14 -> 0 | F33: =F4-F14 -> 0 | G33: PT2+ | H33: =H4-H14 -> 0 | I33: =I4-I14 -> 0 | J33: =J4-J14 -> 0 | K33: =K4-K14 -> 0 | L33: =L4-L14 -> 0 | M33: =M4-M14 -> 0 | N33: =N4-N14 -> 0 | O33: =O4-O14 -> 0 | ... Q33: =Q4-Q14 -> 0 | R33: PT1+ | S33: =S4-S14 -> 0 | T33: =T4-T14 -> 0 | U33: =U4-U14 -> 0 | V33: =V4-V14 -> 0 | W33: =W4-W14 -> 0 | X33: PT2+ | Y33: =Y4-Y14 -> 0 | Z33: =Z4-Z14 -> 0 | AA33: =AA4-AA14 -> 0 | AB33: =AB4-AB14 -> 0 | AC33: =AC4-AC14 -> 0 | AD33: =AD4-AD14 -> 0 | AE33: =AE4-AE14 -> 0 | AF33: =AF4-AF14 -> 0 | ... AH33: =AH4-AH14 -> 0
B34: =B5-B15 -> 0 | C34: =C5-C15 -> 0 | D34: =D5-D15 -> 0 | E34: =E5-E15 -> 0 | F34: =F5-F15 -> 0 | H34: =H5-H15 -> 0 | I34: =I5-I15 -> 0 | J34: =J5-J15 -> 0 | K34: =K5-K15 -> 0 | L34: =L5-L15 -> 0 | M34: =M5-M15 -> 0 | N34: =N5-N15 -> 0 | O34: =O5-O15 -> 0 | ... Q34: =Q5-Q15 -> 0 | S34: =S5-S15 -> 0 | T34: =T5-T15 -> 0 | U34: =U5-U15 -> 0 | V34: =V5-V15 -> 0 | W34: =W5-W15 -> 0 | Y34: =Y5-Y15 -> 0 | Z34: =Z5-Z15 -> 0 | AA34: =AA5-AA15 -> 0 | AB34: =AB5-AB15 -> 0 | AC34: =AC5-AC15 -> 0 | AD34: =AD5-AD15 -> 0 | AE34: =AE5-AE15 -> 0 | AF34: =AF5-AF15 -> 0 | ... AH34: =AH5-AH15 -> 0
B35: =B6-B16 -> 0 | C35: =C6-C16 -> 0 | D35: =D6-D16 -> 0 | E35: =E6-E16 -> 0 | F35: =F6-F16 -> 0 | H35: =H6-H16 -> 0 | I35: =I6-I16 -> 0 | J35: =J6-J16 -> 0 | K35: =K6-K16 -> 0 | L35: =L6-L16 -> 0 | M35: =M6-M16 -> 0 | N35: =N6-N16 -> 0 | O35: =O6-O16 -> 0 | ... Q35: =Q6-Q16 -> 0 | S35: =S6-S16 -> 0 | T35: =T6-T16 -> 0 | U35: =U6-U16 -> 0 | V35: =V6-V16 -> 0 | W35: =W6-W16 -> 0 | Y35: =Y6-Y16 -> 0 | Z35: =Z6-Z16 -> 0 | AA35: =AA6-AA16 -> 0 | AB35: =AB6-AB16 -> 0 | AC35: =AC6-AC16 -> 0 | AD35: =AD6-AD16 -> 0 | AE35: =AE6-AE16 -> 0 | AF35: =AF6-AF16 -> 0 | ... AH35: =AH6-AH16 -> 0
B36: =B7-B17 -> 0 | C36: =C7-C17 -> 0 | D36: =D7-D17 -> 0 | E36: =E7-E17 -> 0 | F36: =F7-F17 -> 0 | H36: =H7-H17 -> 0 | I36: =I7-I17 -> 0 | J36: =J7-J17 -> 0 | K36: =K7-K17 -> 0 | L36: =L7-L17 -> 0 | M36: =M7-M17 -> 0 | N36: =N7-N17 -> 0 | O36: =O7-O17 -> 0 | ... Q36: =Q7-Q17 -> 0 | S36: =S7-S17 -> 0 | T36: =T7-T17 -> 0 | U36: =U7-U17 -> 0 | V36: =V7-V17 -> 0 | W36: =W7-W17 -> 0 | Y36: =Y7-Y17 -> 0 | Z36: =Z7-Z17 -> 0 | AA36: =AA7-AA17 -> 0 | AB36: =AB7-AB17 -> 0 | AC36: =AC7-AC17 -> 0 | AD36: =AD7-AD17 -> 0 | AE36: =AE7-AE17 -> 0 | AF36: =AF7-AF17 -> 0 | ... AH36: =AH7-AH17 -> 0
B37: =B8-B18 -> 0 | C37: =C8-C18 -> 0 | D37: =D8-D18 -> 0 | E37: =E8-E18 -> 0 | F37: =F8-F18 -> 0 | H37: =H8-H18 -> 0 | I37: =I8-I18 -> 0 | J37: =J8-J18 -> 0 | K37: =K8-K18 -> 0 | L37: =L8-L18 -> 0 | M37: =M8-M18 -> 0 | N37: =N8-N18 -> 0 | O37: =O8-O18 -> 0 | ... Q37: =Q8-Q18 -> 0 | S37: =S8-S18 -> 0 | T37: =T8-T18 -> 0 | U37: =U8-U18 -> 0 | V37: =V8-V18 -> 0 | W37: =W8-W18 -> 0 | Y37: =Y8-Y18 -> 0 | Z37: =Z8-Z18 -> 0 | AA37: =AA8-AA18 -> 0 | AB37: =AB8-AB18 -> 0 | AC37: =AC8-AC18 -> 0 | AD37: =AD8-AD18 -> 0 | AE37: =AE8-AE18 -> 0 | AF37: =AF8-AF18 -> 0 | ... AH37: =AH8-AH18 -> 0
A38: PT1- | B38: =B9-B19 -> 0 | C38: =C9-C19 -> 0 | D38: =D9-D19 -> 0 | E38: =E9-E19 -> 0 | F38: =F9-F19 -> 0 | G38: PT2- | H38: =H9-H19 -> 0 | I38: =I9-I19 -> 0 | J38: =J9-J19 -> 0 | K38: =K9-K19 -> 0 | L38: =L9-L19 -> 0 | M38: =M9-M19 -> 0 | N38: =N9-N19 -> 0 | O38: =O9-O19 -> 0 | ... Q38: =Q9-Q19 -> 0 | R38: PT1- | S38: =S9-S19 -> 0 | T38: =T9-T19 -> 0 | U38: =U9-U19 -> 0 | V38: =V9-V19 -> 0 | W38: =W9-W19 -> 0 | X38: PT2- | Y38: =Y9-Y19 -> 0 | Z38: =Z9-Z19 -> 0 | AA38: =AA9-AA19 -> 0 | AB38: =AB9-AB19 -> 0 | AC38: =AC9-AC19 -> 0 | AD38: =AD9-AD19 -> 0 | AE38: =AE9-AE19 -> 0 | AF38: =AF9-AF19 -> 0 | ... AH38: =AH9-AH19 -> 0
B39: =B10-B20 -> 0 | C39: =C10-C20 -> 0 | D39: =D10-D20 -> 0 | E39: =E10-E20 -> 0 | F39: =F10-F20 -> 0 | H39: =H10-H20 -> 0 | I39: =I10-I20 -> 0 | J39: =J10-J20 -> 0 | K39: =K10-K20 -> 0 | L39: =L10-L20 -> 0 | M39: =M10-M20 -> 0 | N39: =N10-N20 -> 0 | O39: =O10-O20 -> 0 | ... Q39: =Q10-Q20 -> 0 | S39: =S10-S20 -> 0 | T39: =T10-T20 -> 0 | U39: =U10-U20 -> 0 | V39: =V10-V20 -> 0 | W39: =W10-W20 -> 0 | Y39: =Y10-Y20 -> 0 | Z39: =Z10-Z20 -> 0 | AA39: =AA10-AA20 -> 0 | AB39: =AB10-AB20 -> 0 | AC39: =AC10-AC20 -> 0 | AD39: =AD10-AD20 -> 0 | AE39: =AE10-AE20 -> 0 | AF39: =AF10-AF20 -> 0 | ... AH39: =AH10-AH20 -> 0
B40: =B11-B21 -> 0 | C40: =C11-C21 -> 0 | D40: =D11-D21 -> 0 | E40: =E11-E21 -> 0 | F40: =F11-F21 -> 0 | H40: =H11-H21 -> 0 | I40: =I11-I21 -> 0 | J40: =J11-J21 -> 0 | K40: =K11-K21 -> 0 | L40: =L11-L21 -> 0 | M40: =M11-M21 -> 0 | N40: =N11-N21 -> 0 | O40: =O11-O21 -> 0 | ... Q40: =Q11-Q21 -> 0 | S40: =S11-S21 -> 0 | T40: =T11-T21 -> 0 | U40: =U11-U21 -> 0 | V40: =V11-V21 -> 0 | W40: =W11-W21 -> 0 | Y40: =Y11-Y21 -> 0 | Z40: =Z11-Z21 -> 0 | AA40: =AA11-AA21 -> 0 | AB40: =AB11-AB21 -> 0 | AC40: =AC11-AC21 -> 0 | AD40: =AD11-AD21 -> 0 | AE40: =AE11-AE21 -> 0 | AF40: =AF11-AF21 -> 0 | ... AH40: =AH11-AH21 -> 0
B41: =B12-B22 -> 0 | C41: =C12-C22 -> 0 | D41: =D12-D22 -> 0 | E41: =E12-E22 -> 0 | F41: =F12-F22 -> 0 | H41: =H12-H22 -> 0 | I41: =I12-I22 -> 0 | J41: =J12-J22 -> 0 | K41: =K12-K22 -> 0 | L41: =L12-L22 -> 0 | M41: =M12-M22 -> 0 | N41: =N12-N22 -> 0 | O41: =O12-O22 -> 0 | ... Q41: =Q12-Q22 -> 0 | S41: =S12-S22 -> 0 | T41: =T12-T22 -> 0 | U41: =U12-U22 -> 0 | V41: =V12-V22 -> 0 | W41: =W12-W22 -> 0 | Y41: =Y12-Y22 -> 0 | Z41: =Z12-Z22 -> 0 | AA41: =AA12-AA22 -> 0 | AB41: =AB12-AB22 -> 0 | AC41: =AC12-AC22 -> 0 | AD41: =AD12-AD22 -> 0 | AE41: =AE12-AE22 -> 0 | AF41: =AF12-AF22 -> 0 | ... AH41: =AH12-AH22 -> 0
B42: =B13-B23 -> 0 | C42: =C13-C23 -> 0 | D42: =D13-D23 -> 0 | E42: =E13-E23 -> 0 | F42: =F13-F23 -> 0 | H42: =H13-H23 -> 0 | I42: =I13-I23 -> 0 | J42: =J13-J23 -> 0 | K42: =K13-K23 -> 0 | L42: =L13-L23 -> 0 | M42: =M13-M23 -> 0 | N42: =N13-N23 -> 0 | O42: =O13-O23 -> 0 | ... Q42: =Q13-Q23 -> 0 | S42: =S13-S23 -> 0 | T42: =T13-T23 -> 0 | U42: =U13-U23 -> 0 | V42: =V13-V23 -> 0 | W42: =W13-W23 -> 0 | Y42: =Y13-Y23 -> 0 | Z42: =Z13-Z23 -> 0 | AA42: =AA13-AA23 -> 0 | AB42: =AB13-AB23 -> 0 | AC42: =AC13-AC23 -> 0 | AD42: =AD13-AD23 -> 0 | AE42: =AE13-AE23 -> 0 | AF42: =AF13-AF23 -> 0 | ... AH42: =AH13-AH23 -> 0
A43: A side- EA | B43: =AVERAGE(B33:F37) -> 0 | C43: R | D43: =MAX(B33:F37)-MIN(B33:F37) -> 0 | E43: ER | F43: =B43/(0.975/E27) -> 0 | G43: A side- EA | H43: =AVERAGE(H33:Q37) -> 0 | I43: R | J43: =MAX(H33:Q37)-MIN(H33:Q37) -> 0 | K43: ER | L43: =H43/(0.975/K27) -> 0 | M43: % | N43: =1-(J43/2*H43) -> 1 | O43: T-R | P43: =MAX(H33:Q42)-MIN(H33:Q42) -> 0 | R43: A side- EA | S43: =AVERAGE(S33:W37) -> 0 | T43: R | U43: =MAX(S33:W37)-MIN(S33:W37) -> 0 | V43: ER | W43: =S43/(1.944/V27) -> 0 | X43: A side- EA | Y43: =AVERAGE(Y33:AH37) -> 0 | Z43: R | AA43: =MAX(Y33:AH37)-MIN(Y33:AH37) -> 0 | AB43: ER | AC43: =Y43/(2.268/AB27) -> 0 | AD43: % | AE43: =1-(AA43/2*Y43) -> 1 | AF43: T-R | AG43: =MAX(Y33:AH42)-MIN(Y33:AH42) -> 0
A44: B side- EA | B44: =AVERAGE(B39:F42) -> 0 | C44: R | D44: =MAX(B38:F42)-MIN(B38:F42) -> 0 | E44: ER | F44: =B44/(0.975/E27) -> 0 | G44: B side- EA | H44: =AVERAGE(H39:Q42) -> 0 | I44: R | J44: =MAX(H38:Q42)-MIN(H38:Q42) -> 0 | K44: ER | L44: =H44/(0.975/K27) -> 0 | M44: % | N44: =1-(J44/2*H44) -> 1 | O44: T-% | P44: =1-(P43/2*AVERAGE(H43:H44)) -> 1 | R44: B side- EA | S44: =AVERAGE(S39:W42) -> 0 | T44: R | U44: =MAX(S38:W42)-MIN(S38:W42) -> 0 | V44: ER | W44: =S44/(1.944/V27) -> 0 | X44: B side- EA | Y44: =AVERAGE(Y39:AH42) -> 0 | Z44: R | AA44: =MAX(Y38:AH42)-MIN(Y38:AH42) -> 0 | AB44: ER | AC44: =Y44/(2.268/AB27) -> 0 | AD44: % | AE44: =1-(AA44/2*Y44) -> 1 | AF44: T-% | AG44: =1-(AG43/2*AVERAGE(Y43:Y44)) -> 1
A46: PD-3-581-06B

Sheet 0828.
A1: PT咬蝕量量測記錄表 | G1: PT咬蝕量量測記錄表 | R1: QE咬蝕量量測記錄表 | X1: QE咬蝕量量測記錄表
A2: PT-01 | G2: PT-02 | R2: QE-01 | X2: QE-02
A3: OP | B3: 1 | C3: 2 | D3: 3 | E3: 4 | F3: 5 | G3: OP | H3: 1 | I3: 2 | J3: 3 | K3: 4 | L3: 5 | M3: 6 | N3: 7 | O3: 8 | P3: 9 | Q3: 10 | R3: OP | S3: 1 | T3: 2 | U3: 3 | V3: 4 | W3: 5 | X3: OP | Y3: 1 | Z3: 2 | AA3: 3 | AB3: 4 | AC3: 5 | AD3: 6 | AE3: 7 | AF3: 8 | AG3: 9 | AH3: 10
A4: BEFORE | G4: BEFORE | R4: BEFORE | X4: BEFORE
A14: AFTER | G14: AFTER | R14: AFTER | X14: AFTER
A25: 項次 | B25: 單位 | C25: 規格 | E25: 數值 | G25: 項次 | H25: 單位 | I25: 規格 | K25: 數值 | R25: 項次 | S25: 單位 | T25: 規格 | V25: 數值 | X25: 項次 | Y25: 單位 | Z25: 規格 | AB25: 數值
A26: 咬蝕量 | B26: um | C26: 0.3 | D26: ±0.1 | E26: =AVERAGE(B4:F13)-AVERAGE(B14:F23) -> #DIV/0! | G26: 咬蝕量 | H26: um | I26: 0.3 | J26: ±0.1 | K26: =AVERAGE(H4:Q13)-AVERAGE(H14:Q23) -> #DIV/0! | R26: 咬蝕量 | S26: um | T26: 1.07 | U26: ±0.21 | V26: =AVERAGE(S4:W13)-AVERAGE(S14:W23) -> #DIV/0! | X26: 咬蝕量 | Y26: um | Z26: 1.38 | AA26: ±0.23 | AB26: =AVERAGE(Y4:AH13)-AVERAGE(Y14:AH23) -> #DIV/0!
A27: 線速 | B27: M/min | C27: ="--" -> -- | E27: 1.7 | G27: 線速 | H27: M/min | I27: ="--" -> -- | K27: 1.5 | R27: 線速 | S27: M/min | T27: ="--" -> -- | V27: 1.4 | X27: 線速 | Y27: M/min | Z27: ="--" -> -- | AB27: 1.5
A28: 咬蝕速率 | B28: um/min | C28: 0.52±0.15 | E28: =(E26/(0.975/E27)) -> #DIV/0! | G28: 咬蝕速率 | H28: um/min | I28: 0.46±0.10 | K28: =(K26/(0.975/K27)) -> #DIV/0! | R28: 咬蝕速率 | S28: um/min | T28: 0.77±0.15 | V28: =(V26/(1.944/V27)) -> #DIV/0! | X28: 咬蝕速率 | Y28: um/min | Z28: 0.9±0.15 | AB28: =(AB26/(2.268/AB27)) -> #DIV/0!
A29: 生產速度(SPEED) | B29: M/min | C29: =0.972*E28/C26 -> #DIV/0! | E29: 以咬蝕量0.3um計算線速 | G29: 生產速度(SPEED) | H29: M/min | I29: =0.972*K28/I26 -> #DIV/0! | K29: 以咬蝕量0.3um計算線速 | R29: 生產速度(SPEED) | S29: M/min | T29: =1.944*V28/1.8 -> #DIV/0! | V29: 以咬蝕量1.8um計算線速 | X29: 生產速度(SPEED) | Y29: M/min | Z29: =2.268*AB28/1.5 -> #DIV/0! | AB29: 以咬蝕量1.5um計算線速
A30: 量測日期 | C30: =TODAY() -> 46251 | R30: 量測日期 | T30: =TODAY() -> 46251
A31: PT-01 | G31: PT-02 | R31: QE-01 | X31: QE-02
A32: 咬蝕量 | G32: 咬蝕量 | R32: 咬蝕量 | X32: 咬蝕量
A33: PT1+ | B33: =B4-B14 -> 0 | C33: =C4-C14 -> 0 | D33: =D4-D14 -> 0 | E33: =E4-E14 -> 0 | F33: =F4-F14 -> 0 | G33: PT2+ | H33: =H4-H14 -> 0 | I33: =I4-I14 -> 0 | J33: =J4-J14 -> 0 | K33: =K4-K14 -> 0 | L33: =L4-L14 -> 0 | M33: =M4-M14 -> 0 | N33: =N4-N14 -> 0 | O33: =O4-O14 -> 0 | ... Q33: =Q4-Q14 -> 0 | R33: PT1+ | S33: =S4-S14 -> 0 | T33: =T4-T14 -> 0 | U33: =U4-U14 -> 0 | V33: =V4-V14 -> 0 | W33: =W4-W14 -> 0 | X33: PT2+ | Y33: =Y4-Y14 -> 0 | Z33: =Z4-Z14 -> 0 | AA33: =AA4-AA14 -> 0 | AB33: =AB4-AB14 -> 0 | AC33: =AC4-AC14 -> 0 | AD33: =AD4-AD14 -> 0 | AE33: =AE4-AE14 -> 0 | AF33: =AF4-AF14 -> 0 | ... AH33: =AH4-AH14 -> 0
B34: =B5-B15 -> 0 | C34: =C5-C15 -> 0 | D34: =D5-D15 -> 0 | E34: =E5-E15 -> 0 | F34: =F5-F15 -> 0 | H34: =H5-H15 -> 0 | I34: =I5-I15 -> 0 | J34: =J5-J15 -> 0 | K34: =K5-K15 -> 0 | L34: =L5-L15 -> 0 | M34: =M5-M15 -> 0 | N34: =N5-N15 -> 0 | O34: =O5-O15 -> 0 | ... Q34: =Q5-Q15 -> 0 | S34: =S5-S15 -> 0 | T34: =T5-T15 -> 0 | U34: =U5-U15 -> 0 | V34: =V5-V15 -> 0 | W34: =W5-W15 -> 0 | Y34: =Y5-Y15 -> 0 | Z34: =Z5-Z15 -> 0 | AA34: =AA5-AA15 -> 0 | AB34: =AB5-AB15 -> 0 | AC34: =AC5-AC15 -> 0 | AD34: =AD5-AD15 -> 0 | AE34: =AE5-AE15 -> 0 | AF34: =AF5-AF15 -> 0 | ... AH34: =AH5-AH15 -> 0
B35: =B6-B16 -> 0 | C35: =C6-C16 -> 0 | D35: =D6-D16 -> 0 | E35: =E6-E16 -> 0 | F35: =F6-F16 -> 0 | H35: =H6-H16 -> 0 | I35: =I6-I16 -> 0 | J35: =J6-J16 -> 0 | K35: =K6-K16 -> 0 | L35: =L6-L16 -> 0 | M35: =M6-M16 -> 0 | N35: =N6-N16 -> 0 | O35: =O6-O16 -> 0 | ... Q35: =Q6-Q16 -> 0 | S35: =S6-S16 -> 0 | T35: =T6-T16 -> 0 | U35: =U6-U16 -> 0 | V35: =V6-V16 -> 0 | W35: =W6-W16 -> 0 | Y35: =Y6-Y16 -> 0 | Z35: =Z6-Z16 -> 0 | AA35: =AA6-AA16 -> 0 | AB35: =AB6-AB16 -> 0 | AC35: =AC6-AC16 -> 0 | AD35: =AD6-AD16 -> 0 | AE35: =AE6-AE16 -> 0 | AF35: =AF6-AF16 -> 0 | ... AH35: =AH6-AH16 -> 0
B36: =B7-B17 -> 0 | C36: =C7-C17 -> 0 | D36: =D7-D17 -> 0 | E36: =E7-E17 -> 0 | F36: =F7-F17 -> 0 | H36: =H7-H17 -> 0 | I36: =I7-I17 -> 0 | J36: =J7-J17 -> 0 | K36: =K7-K17 -> 0 | L36: =L7-L17 -> 0 | M36: =M7-M17 -> 0 | N36: =N7-N17 -> 0 | O36: =O7-O17 -> 0 | ... Q36: =Q7-Q17 -> 0 | S36: =S7-S17 -> 0 | T36: =T7-T17 -> 0 | U36: =U7-U17 -> 0 | V36: =V7-V17 -> 0 | W36: =W7-W17 -> 0 | Y36: =Y7-Y17 -> 0 | Z36: =Z7-Z17 -> 0 | AA36: =AA7-AA17 -> 0 | AB36: =AB7-AB17 -> 0 | AC36: =AC7-AC17 -> 0 | AD36: =AD7-AD17 -> 0 | AE36: =AE7-AE17 -> 0 | AF36: =AF7-AF17 -> 0 | ... AH36: =AH7-AH17 -> 0
B37: =B8-B18 -> 0 | C37: =C8-C18 -> 0 | D37: =D8-D18 -> 0 | E37: =E8-E18 -> 0 | F37: =F8-F18 -> 0 | H37: =H8-H18 -> 0 | I37: =I8-I18 -> 0 | J37: =J8-J18 -> 0 | K37: =K8-K18 -> 0 | L37: =L8-L18 -> 0 | M37: =M8-M18 -> 0 | N37: =N8-N18 -> 0 | O37: =O8-O18 -> 0 | ... Q37: =Q8-Q18 -> 0 | S37: =S8-S18 -> 0 | T37: =T8-T18 -> 0 | U37: =U8-U18 -> 0 | V37: =V8-V18 -> 0 | W37: =W8-W18 -> 0 | Y37: =Y8-Y18 -> 0 | Z37: =Z8-Z18 -> 0 | AA37: =AA8-AA18 -> 0 | AB37: =AB8-AB18 -> 0 | AC37: =AC8-AC18 -> 0 | AD37: =AD8-AD18 -> 0 | AE37: =AE8-AE18 -> 0 | AF37: =AF8-AF18 -> 0 | ... AH37: =AH8-AH18 -> 0
A38: PT1- | B38: =B9-B19 -> 0 | C38: =C9-C19 -> 0 | D38: =D9-D19 -> 0 | E38: =E9-E19 -> 0 | F38: =F9-F19 -> 0 | G38: PT2- | H38: =H9-H19 -> 0 | I38: =I9-I19 -> 0 | J38: =J9-J19 -> 0 | K38: =K9-K19 -> 0 | L38: =L9-L19 -> 0 | M38: =M9-M19 -> 0 | N38: =N9-N19 -> 0 | O38: =O9-O19 -> 0 | ... Q38: =Q9-Q19 -> 0 | R38: PT1- | S38: =S9-S19 -> 0 | T38: =T9-T19 -> 0 | U38: =U9-U19 -> 0 | V38: =V9-V19 -> 0 | W38: =W9-W19 -> 0 | X38: PT2- | Y38: =Y9-Y19 -> 0 | Z38: =Z9-Z19 -> 0 | AA38: =AA9-AA19 -> 0 | AB38: =AB9-AB19 -> 0 | AC38: =AC9-AC19 -> 0 | AD38: =AD9-AD19 -> 0 | AE38: =AE9-AE19 -> 0 | AF38: =AF9-AF19 -> 0 | ... AH38: =AH9-AH19 -> 0
B39: =B10-B20 -> 0 | C39: =C10-C20 -> 0 | D39: =D10-D20 -> 0 | E39: =E10-E20 -> 0 | F39: =F10-F20 -> 0 | H39: =H10-H20 -> 0 | I39: =I10-I20 -> 0 | J39: =J10-J20 -> 0 | K39: =K10-K20 -> 0 | L39: =L10-L20 -> 0 | M39: =M10-M20 -> 0 | N39: =N10-N20 -> 0 | O39: =O10-O20 -> 0 | ... Q39: =Q10-Q20 -> 0 | S39: =S10-S20 -> 0 | T39: =T10-T20 -> 0 | U39: =U10-U20 -> 0 | V39: =V10-V20 -> 0 | W39: =W10-W20 -> 0 | Y39: =Y10-Y20 -> 0 | Z39: =Z10-Z20 -> 0 | AA39: =AA10-AA20 -> 0 | AB39: =AB10-AB20 -> 0 | AC39: =AC10-AC20 -> 0 | AD39: =AD10-AD20 -> 0 | AE39: =AE10-AE20 -> 0 | AF39: =AF10-AF20 -> 0 | ... AH39: =AH10-AH20 -> 0
B40: =B11-B21 -> 0 | C40: =C11-C21 -> 0 | D40: =D11-D21 -> 0 | E40: =E11-E21 -> 0 | F40: =F11-F21 -> 0 | H40: =H11-H21 -> 0 | I40: =I11-I21 -> 0 | J40: =J11-J21 -> 0 | K40: =K11-K21 -> 0 | L40: =L11-L21 -> 0 | M40: =M11-M21 -> 0 | N40: =N11-N21 -> 0 | O40: =O11-O21 -> 0 | ... Q40: =Q11-Q21 -> 0 | S40: =S11-S21 -> 0 | T40: =T11-T21 -> 0 | U40: =U11-U21 -> 0 | V40: =V11-V21 -> 0 | W40: =W11-W21 -> 0 | Y40: =Y11-Y21 -> 0 | Z40: =Z11-Z21 -> 0 | AA40: =AA11-AA21 -> 0 | AB40: =AB11-AB21 -> 0 | AC40: =AC11-AC21 -> 0 | AD40: =AD11-AD21 -> 0 | AE40: =AE11-AE21 -> 0 | AF40: =AF11-AF21 -> 0 | ... AH40: =AH11-AH21 -> 0
B41: =B12-B22 -> 0 | C41: =C12-C22 -> 0 | D41: =D12-D22 -> 0 | E41: =E12-E22 -> 0 | F41: =F12-F22 -> 0 | H41: =H12-H22 -> 0 | I41: =I12-I22 -> 0 | J41: =J12-J22 -> 0 | K41: =K12-K22 -> 0 | L41: =L12-L22 -> 0 | M41: =M12-M22 -> 0 | N41: =N12-N22 -> 0 | O41: =O12-O22 -> 0 | ... Q41: =Q12-Q22 -> 0 | S41: =S12-S22 -> 0 | T41: =T12-T22 -> 0 | U41: =U12-U22 -> 0 | V41: =V12-V22 -> 0 | W41: =W12-W22 -> 0 | Y41: =Y12-Y22 -> 0 | Z41: =Z12-Z22 -> 0 | AA41: =AA12-AA22 -> 0 | AB41: =AB12-AB22 -> 0 | AC41: =AC12-AC22 -> 0 | AD41: =AD12-AD22 -> 0 | AE41: =AE12-AE22 -> 0 | AF41: =AF12-AF22 -> 0 | ... AH41: =AH12-AH22 -> 0
B42: =B13-B23 -> 0 | C42: =C13-C23 -> 0 | D42: =D13-D23 -> 0 | E42: =E13-E23 -> 0 | F42: =F13-F23 -> 0 | H42: =H13-H23 -> 0 | I42: =I13-I23 -> 0 | J42: =J13-J23 -> 0 | K42: =K13-K23 -> 0 | L42: =L13-L23 -> 0 | M42: =M13-M23 -> 0 | N42: =N13-N23 -> 0 | O42: =O13-O23 -> 0 | ... Q42: =Q13-Q23 -> 0 | S42: =S13-S23 -> 0 | T42: =T13-T23 -> 0 | U42: =U13-U23 -> 0 | V42: =V13-V23 -> 0 | W42: =W13-W23 -> 0 | Y42: =Y13-Y23 -> 0 | Z42: =Z13-Z23 -> 0 | AA42: =AA13-AA23 -> 0 | AB42: =AB13-AB23 -> 0 | AC42: =AC13-AC23 -> 0 | AD42: =AD13-AD23 -> 0 | AE42: =AE13-AE23 -> 0 | AF42: =AF13-AF23 -> 0 | ... AH42: =AH13-AH23 -> 0
A43: A side- EA | B43: =AVERAGE(B33:F37) -> 0 | C43: R | D43: =MAX(B33:F37)-MIN(B33:F37) -> 0 | E43: ER | F43: =B43/(0.975/E27) -> 0 | G43: A side- EA | H43: =AVERAGE(H33:Q37) -> 0 | I43: R | J43: =MAX(H33:Q37)-MIN(H33:Q37) -> 0 | K43: ER | L43: =H43/(0.975/K27) -> 0 | M43: % | N43: =1-(J43/2*H43) -> 1 | O43: T-R | P43: =MAX(H33:Q42)-MIN(H33:Q42) -> 0 | R43: A side- EA | S43: =AVERAGE(S33:W37) -> 0 | T43: R | U43: =MAX(S33:W37)-MIN(S33:W37) -> 0 | V43: ER | W43: =S43/(1.944/V27) -> 0 | X43: A side- EA | Y43: =AVERAGE(Y33:AH37) -> 0 | Z43: R | AA43: =MAX(Y33:AH37)-MIN(Y33:AH37) -> 0 | AB43: ER | AC43: =Y43/(2.268/AB27) -> 0 | AD43: % | AE43: =1-(AA43/2*Y43) -> 1 | AF43: T-R | AG43: =MAX(Y33:AH42)-MIN(Y33:AH42) -> 0
A44: B side- EA | B44: =AVERAGE(B39:F42) -> 0 | C44: R | D44: =MAX(B38:F42)-MIN(B38:F42) -> 0 | E44: ER | F44: =B44/(0.975/E27) -> 0 | G44: B side- EA | H44: =AVERAGE(H39:Q42) -> 0 | I44: R | J44: =MAX(H38:Q42)-MIN(H38:Q42) -> 0 | K44: ER | L44: =H44/(0.975/K27) -> 0 | M44: % | N44: =1-(J44/2*H44) -> 1 | O44: T-% | P44: =1-(P43/2*AVERAGE(H43:H44)) -> 1 | R44: B side- EA | S44: =AVERAGE(S39:W42) -> 0 | T44: R | U44: =MAX(S38:W42)-MIN(S38:W42) -> 0 | V44: ER | W44: =S44/(1.944/V27) -> 0 | X44: B side- EA | Y44: =AVERAGE(Y39:AH42) -> 0 | Z44: R | AA44: =MAX(Y38:AH42)-MIN(Y38:AH42) -> 0 | AB44: ER | AC44: =Y44/(2.268/AB27) -> 0 | AD44: % | AE44: =1-(AA44/2*Y44) -> 1 | AF44: T-% | AG44: =1-(AG43/2*AVERAGE(Y43:Y44)) -> 1
A46: PD-3-581-06B

Sheet 0827.
A1: PT咬蝕量量測記錄表 | G1: PT咬蝕量量測記錄表 | R1: QE咬蝕量量測記錄表 | X1: QE咬蝕量量測記錄表
A2: PT-01 | G2: PT-02 | R2: QE-01 | X2: QE-02
A3: OP | B3: 1 | C3: 2 | D3: 3 | E3: 4 | F3: 5 | G3: OP | H3: 1 | I3: 2 | J3: 3 | K3: 4 | L3: 5 | M3: 6 | N3: 7 | O3: 8 | P3: 9 | Q3: 10 | R3: OP | S3: 1 | T3: 2 | U3: 3 | V3: 4 | W3: 5 | X3: OP | Y3: 1 | Z3: 2 | AA3: 3 | AB3: 4 | AC3: 5 | AD3: 6 | AE3: 7 | AF3: 8 | AG3: 9 | AH3: 10
A4: BEFORE | G4: BEFORE | R4: BEFORE | X4: BEFORE
A14: AFTER | G14: AFTER | R14: AFTER | X14: AFTER
A25: 項次 | B25: 單位 | C25: 規格 | E25: 數值 | G25: 項次 | H25: 單位 | I25: 規格 | K25: 數值 | R25: 項次 | S25: 單位 | T25: 規格 | V25: 數值 | X25: 項次 | Y25: 單位 | Z25: 規格 | AB25: 數值
A26: 咬蝕量 | B26: um | C26: 0.3 | D26: ±0.1 | E26: =AVERAGE(B4:F13)-AVERAGE(B14:F23) -> #DIV/0! | G26: 咬蝕量 | H26: um | I26: 0.3 | J26: ±0.1 | K26: =AVERAGE(H4:Q13)-AVERAGE(H14:Q23) -> #DIV/0! | R26: 咬蝕量 | S26: um | T26: 1.07 | U26: ±0.21 | V26: =AVERAGE(S4:W13)-AVERAGE(S14:W23) -> #DIV/0! | X26: 咬蝕量 | Y26: um | Z26: 1.38 | AA26: ±0.23 | AB26: =AVERAGE(Y4:AH13)-AVERAGE(Y14:AH23) -> #DIV/0!
A27: 線速 | B27: M/min | C27: ="--" -> -- | E27: 1.7 | G27: 線速 | H27: M/min | I27: ="--" -> -- | K27: 1.5 | R27: 線速 | S27: M/min | T27: ="--" -> -- | V27: 1.4 | X27: 線速 | Y27: M/min | Z27: ="--" -> -- | AB27: 1.5
A28: 咬蝕速率 | B28: um/min | C28: 0.52±0.15 | E28: =(E26/(0.975/E27)) -> #DIV/0! | G28: 咬蝕速率 | H28: um/min | I28: 0.46±0.10 | K28: =(K26/(0.975/K27)) -> #DIV/0! | R28: 咬蝕速率 | S28: um/min | T28: 0.77±0.15 | V28: =(V26/(1.944/V27)) -> #DIV/0! | X28: 咬蝕速率 | Y28: um/min | Z28: 0.9±0.15 | AB28: =(AB26/(2.268/AB27)) -> #DIV/0!
A29: 生產速度(SPEED) | B29: M/min | C29: =0.972*E28/C26 -> #DIV/0! | E29: 以咬蝕量0.3um計算線速 | G29: 生產速度(SPEED) | H29: M/min | I29: =0.972*K28/I26 -> #DIV/0! | K29: 以咬蝕量0.3um計算線速 | R29: 生產速度(SPEED) | S29: M/min | T29: =1.944*V28/1.8 -> #DIV/0! | V29: 以咬蝕量1.8um計算線速 | X29: 生產速度(SPEED) | Y29: M/min | Z29: =2.268*AB28/1.5 -> #DIV/0! | AB29: 以咬蝕量1.5um計算線速
A30: 量測日期 | C30: =TODAY() -> 46251 | R30: 量測日期 | T30: =TODAY() -> 46251
A31: PT-01 | G31: PT-02 | R31: QE-01 | X31: QE-02
A32: 咬蝕量 | G32: 咬蝕量 | R32: 咬蝕量 | X32: 咬蝕量
A33: PT1+ | B33: =B4-B14 -> 0 | C33: =C4-C14 -> 0 | D33: =D4-D14 -> 0 | E33: =E4-E14 -> 0 | F33: =F4-F14 -> 0 | G33: PT2+ | H33: =H4-H14 -> 0 | I33: =I4-I14 -> 0 | J33: =J4-J14 -> 0 | K33: =K4-K14 -> 0 | L33: =L4-L14 -> 0 | M33: =M4-M14 -> 0 | N33: =N4-N14 -> 0 | O33: =O4-O14 -> 0 | ... Q33: =Q4-Q14 -> 0 | R33: PT1+ | S33: =S4-S14 -> 0 | T33: =T4-T14 -> 0 | U33: =U4-U14 -> 0 | V33: =V4-V14 -> 0 | W33: =W4-W14 -> 0 | X33: PT2+ | Y33: =Y4-Y14 -> 0 | Z33: =Z4-Z14 -> 0 | AA33: =AA4-AA14 -> 0 | AB33: =AB4-AB14 -> 0 | AC33: =AC4-AC14 -> 0 | AD33: =AD4-AD14 -> 0 | AE33: =AE4-AE14 -> 0 | AF33: =AF4-AF14 -> 0 | ... AH33: =AH4-AH14 -> 0
B34: =B5-B15 -> 0 | C34: =C5-C15 -> 0 | D34: =D5-D15 -> 0 | E34: =E5-E15 -> 0 | F34: =F5-F15 -> 0 | H34: =H5-H15 -> 0 | I34: =I5-I15 -> 0 | J34: =J5-J15 -> 0 | K34: =K5-K15 -> 0 | L34: =L5-L15 -> 0 | M34: =M5-M15 -> 0 | N34: =N5-N15 -> 0 | O34: =O5-O15 -> 0 | ... Q34: =Q5-Q15 -> 0 | S34: =S5-S15 -> 0 | T34: =T5-T15 -> 0 | U34: =U5-U15 -> 0 | V34: =V5-V15 -> 0 | W34: =W5-W15 -> 0 | Y34: =Y5-Y15 -> 0 | Z34: =Z5-Z15 -> 0 | AA34: =AA5-AA15 -> 0 | AB34: =AB5-AB15 -> 0 | AC34: =AC5-AC15 -> 0 | AD34: =AD5-AD15 -> 0 | AE34: =AE5-AE15 -> 0 | AF34: =AF5-AF15 -> 0 | ... AH34: =AH5-AH15 -> 0
B35: =B6-B16 -> 0 | C35: =C6-C16 -> 0 | D35: =D6-D16 -> 0 | E35: =E6-E16 -> 0 | F35: =F6-F16 -> 0 | H35: =H6-H16 -> 0 | I35: =I6-I16 -> 0 | J35: =J6-J16 -> 0 | K35: =K6-K16 -> 0 | L35: =L6-L16 -> 0 | M35: =M6-M16 -> 0 | N35: =N6-N16 -> 0 | O35: =O6-O16 -> 0 | ... Q35: =Q6-Q16 -> 0 | S35: =S6-S16 -> 0 | T35: =T6-T16 -> 0 | U35: =U6-U16 -> 0 | V35: =V6-V16 -> 0 | W35: =W6-W16 -> 0 | Y35: =Y6-Y16 -> 0 | Z35: =Z6-Z16 -> 0 | AA35: =AA6-AA16 -> 0 | AB35: =AB6-AB16 -> 0 | AC35: =AC6-AC16 -> 0 | AD35: =AD6-AD16 -> 0 | AE35: =AE6-AE16 -> 0 | AF35: =AF6-AF16 -> 0 | ... AH35: =AH6-AH16 -> 0
B36: =B7-B17 -> 0 | C36: =C7-C17 -> 0 | D36: =D7-D17 -> 0 | E36: =E7-E17 -> 0 | F36: =F7-F17 -> 0 | H36: =H7-H17 -> 0 | I36: =I7-I17 -> 0 | J36: =J7-J17 -> 0 | K36: =K7-K17 -> 0 | L36: =L7-L17 -> 0 | M36: =M7-M17 -> 0 | N36: =N7-N17 -> 0 | O36: =O7-O17 -> 0 | ... Q36: =Q7-Q17 -> 0 | S36: =S7-S17 -> 0 | T36: =T7-T17 -> 0 | U36: =U7-U17 -> 0 | V36: =V7-V17 -> 0 | W36: =W7-W17 -> 0 | Y36: =Y7-Y17 -> 0 | Z36: =Z7-Z17 -> 0 | AA36: =AA7-AA17 -> 0 | AB36: =AB7-AB17 -> 0 | AC36: =AC7-AC17 -> 0 | AD36: =AD7-AD17 -> 0 | AE36: =AE7-AE17 -> 0 | AF36: =AF7-AF17 -> 0 | ... AH36: =AH7-AH17 -> 0
B37: =B8-B18 -> 0 | C37: =C8-C18 -> 0 | D37: =D8-D18 -> 0 | E37: =E8-E18 -> 0 | F37: =F8-F18 -> 0 | H37: =H8-H18 -> 0 | I37: =I8-I18 -> 0 | J37: =J8-J18 -> 0 | K37: =K8-K18 -> 0 | L37: =L8-L18 -> 0 | M37: =M8-M18 -> 0 | N37: =N8-N18 -> 0 | O37: =O8-O18 -> 0 | ... Q37: =Q8-Q18 -> 0 | S37: =S8-S18 -> 0 | T37: =T8-T18 -> 0 | U37: =U8-U18 -> 0 | V37: =V8-V18 -> 0 | W37: =W8-W18 -> 0 | Y37: =Y8-Y18 -> 0 | Z37: =Z8-Z18 -> 0 | AA37: =AA8-AA18 -> 0 | AB37: =AB8-AB18 -> 0 | AC37: =AC8-AC18 -> 0 | AD37: =AD8-AD18 -> 0 | AE37: =AE8-AE18 -> 0 | AF37: =AF8-AF18 -> 0 | ... AH37: =AH8-AH18 -> 0
A38: PT1- | B38: =B9-B19 -> 0 | C38: =C9-C19 -> 0 | D38: =D9-D19 -> 0 | E38: =E9-E19 -> 0 | F38: =F9-F19 -> 0 | G38: PT2- | H38: =H9-H19 -> 0 | I38: =I9-I19 -> 0 | J38: =J9-J19 -> 0 | K38: =K9-K19 -> 0 | L38: =L9-L19 -> 0 | M38: =M9-M19 -> 0 | N38: =N9-N19 -> 0 | O38: =O9-O19 -> 0 | ... Q38: =Q9-Q19 -> 0 | R38: PT1- | S38: =S9-S19 -> 0 | T38: =T9-T19 -> 0 | U38: =U9-U19 -> 0 | V38: =V9-V19 -> 0 | W38: =W9-W19 -> 0 | X38: PT2- | Y38: =Y9-Y19 -> 0 | Z38: =Z9-Z19 -> 0 | AA38: =AA9-AA19 -> 0 | AB38: =AB9-AB19 -> 0 | AC38: =AC9-AC19 -> 0 | AD38: =AD9-AD19 -> 0 | AE38: =AE9-AE19 -> 0 | AF38: =AF9-AF19 -> 0 | ... AH38: =AH9-AH19 -> 0
B39: =B10-B20 -> 0 | C39: =C10-C20 -> 0 | D39: =D10-D20 -> 0 | E39: =E10-E20 -> 0 | F39: =F10-F20 -> 0 | H39: =H10-H20 -> 0 | I39: =I10-I20 -> 0 | J39: =J10-J20 -> 0 | K39: =K10-K20 -> 0 | L39: =L10-L20 -> 0 | M39: =M10-M20 -> 0 | N39: =N10-N20 -> 0 | O39: =O10-O20 -> 0 | ... Q39: =Q10-Q20 -> 0 | S39: =S10-S20 -> 0 | T39: =T10-T20 -> 0 | U39: =U10-U20 -> 0 | V39: =V10-V20 -> 0 | W39: =W10-W20 -> 0 | Y39: =Y10-Y20 -> 0 | Z39: =Z10-Z20 -> 0 | AA39: =AA10-AA20 -> 0 | AB39: =AB10-AB20 -> 0 | AC39: =AC10-AC20 -> 0 | AD39: =AD10-AD20 -> 0 | AE39: =AE10-AE20 -> 0 | AF39: =AF10-AF20 -> 0 | ... AH39: =AH10-AH20 -> 0
B40: =B11-B21 -> 0 | C40: =C11-C21 -> 0 | D40: =D11-D21 -> 0 | E40: =E11-E21 -> 0 | F40: =F11-F21 -> 0 | H40: =H11-H21 -> 0 | I40: =I11-I21 -> 0 | J40: =J11-J21 -> 0 | K40: =K11-K21 -> 0 | L40: =L11-L21 -> 0 | M40: =M11-M21 -> 0 | N40: =N11-N21 -> 0 | O40: =O11-O21 -> 0 | ... Q40: =Q11-Q21 -> 0 | S40: =S11-S21 -> 0 | T40: =T11-T21 -> 0 | U40: =U11-U21 -> 0 | V40: =V11-V21 -> 0 | W40: =W11-W21 -> 0 | Y40: =Y11-Y21 -> 0 | Z40: =Z11-Z21 -> 0 | AA40: =AA11-AA21 -> 0 | AB40: =AB11-AB21 -> 0 | AC40: =AC11-AC21 -> 0 | AD40: =AD11-AD21 -> 0 | AE40: =AE11-AE21 -> 0 | AF40: =AF11-AF21 -> 0 | ... AH40: =AH11-AH21 -> 0
B41: =B12-B22 -> 0 | C41: =C12-C22 -> 0 | D41: =D12-D22 -> 0 | E41: =E12-E22 -> 0 | F41: =F12-F22 -> 0 | H41: =H12-H22 -> 0 | I41: =I12-I22 -> 0 | J41: =J12-J22 -> 0 | K41: =K12-K22 -> 0 | L41: =L12-L22 -> 0 | M41: =M12-M22 -> 0 | N41: =N12-N22 -> 0 | O41: =O12-O22 -> 0 | ... Q41: =Q12-Q22 -> 0 | S41: =S12-S22 -> 0 | T41: =T12-T22 -> 0 | U41: =U12-U22 -> 0 | V41: =V12-V22 -> 0 | W41: =W12-W22 -> 0 | Y41: =Y12-Y22 -> 0 | Z41: =Z12-Z22 -> 0 | AA41: =AA12-AA22 -> 0 | AB41: =AB12-AB22 -> 0 | AC41: =AC12-AC22 -> 0 | AD41: =AD12-AD22 -> 0 | AE41: =AE12-AE22 -> 0 | AF41: =AF12-AF22 -> 0 | ... AH41: =AH12-AH22 -> 0
B42: =B13-B23 -> 0 | C42: =C13-C23 -> 0 | D42: =D13-D23 -> 0 | E42: =E13-E23 -> 0 | F42: =F13-F23 -> 0 | H42: =H13-H23 -> 0 | I42: =I13-I23 -> 0 | J42: =J13-J23 -> 0 | K42: =K13-K23 -> 0 | L42: =L13-L23 -> 0 | M42: =M13-M23 -> 0 | N42: =N13-N23 -> 0 | O42: =O13-O23 -> 0 | ... Q42: =Q13-Q23 -> 0 | S42: =S13-S23 -> 0 | T42: =T13-T23 -> 0 | U42: =U13-U23 -> 0 | V42: =V13-V23 -> 0 | W42: =W13-W23 -> 0 | Y42: =Y13-Y23 -> 0 | Z42: =Z13-Z23 -> 0 | AA42: =AA13-AA23 -> 0 | AB42: =AB13-AB23 -> 0 | AC42: =AC13-AC23 -> 0 | AD42: =AD13-AD23 -> 0 | AE42: =AE13-AE23 -> 0 | AF42: =AF13-AF23 -> 0 | ... AH42: =AH13-AH23 -> 0
A43: A side- EA | B43: =AVERAGE(B33:F37) -> 0 | C43: R | D43: =MAX(B33:F37)-MIN(B33:F37) -> 0 | E43: ER | F43: =B43/(0.975/E27) -> 0 | G43: A side- EA | H43: =AVERAGE(H33:Q37) -> 0 | I43: R | J43: =MAX(H33:Q37)-MIN(H33:Q37) -> 0 | K43: ER | L43: =H43/(0.975/K27) -> 0 | M43: % | N43: =1-(J43/2*H43) -> 1 | O43: T-R | P43: =MAX(H33:Q42)-MIN(H33:Q42) -> 0 | R43: A side- EA | S43: =AVERAGE(S33:W37) -> 0 | T43: R | U43: =MAX(S33:W37)-MIN(S33:W37) -> 0 | V43: ER | W43: =S43/(1.944/V27) -> 0 | X43: A side- EA | Y43: =AVERAGE(Y33:AH37) -> 0 | Z43: R | AA43: =MAX(Y33:AH37)-MIN(Y33:AH37) -> 0 | AB43: ER | AC43: =Y43/(2.268/AB27) -> 0 | AD43: % | AE43: =1-(AA43/2*Y43) -> 1 | AF43: T-R | AG43: =MAX(Y33:AH42)-MIN(Y33:AH42) -> 0
A44: B side- EA | B44: =AVERAGE(B39:F42) -> 0 | C44: R | D44: =MAX(B38:F42)-MIN(B38:F42) -> 0 | E44: ER | F44: =B44/(0.975/E27) -> 0 | G44: B side- EA | H44: =AVERAGE(H39:Q42) -> 0 | I44: R | J44: =MAX(H38:Q42)-MIN(H38:Q42) -> 0 | K44: ER | L44: =H44/(0.975/K27) -> 0 | M44: % | N44: =1-(J44/2*H44) -> 1 | O44: T-% | P44: =1-(P43/2*AVERAGE(H43:H44)) -> 1 | R44: B side- EA | S44: =AVERAGE(S39:W42) -> 0 | T44: R | U44: =MAX(S38:W42)-MIN(S38:W42) -> 0 | V44: ER | W44: =S44/(1.944/V27) -> 0 | X44: B side- EA | Y44: =AVERAGE(Y39:AH42) -> 0 | Z44: R | AA44: =MAX(Y38:AH42)-MIN(Y38:AH42) -> 0 | AB44: ER | AC44: =Y44/(2.268/AB27) -> 0 | AD44: % | AE44: =1-(AA44/2*Y44) -> 1 | AF44: T-% | AG44: =1-(AG43/2*AVERAGE(Y43:Y44)) -> 1
A46: PD-3-581-06B

Sheet 0826.
A1: PT咬蝕量量測記錄表 | G1: PT咬蝕量量測記錄表 | R1: QE咬蝕量量測記錄表 | X1: QE咬蝕量量測記錄表
A2: PT-01 | G2: PT-02 | R2: QE-01 | X2: QE-02
A3: OP | B3: 1 | C3: 2 | D3: 3 | E3: 4 | F3: 5 | G3: OP | H3: 1 | I3: 2 | J3: 3 | K3: 4 | L3: 5 | M3: 6 | N3: 7 | O3: 8 | P3: 9 | Q3: 10 | R3: OP | S3: 1 | T3: 2 | U3: 3 | V3: 4 | W3: 5 | X3: OP | Y3: 1 | Z3: 2 | AA3: 3 | AB3: 4 | AC3: 5 | AD3: 6 | AE3: 7 | AF3: 8 | AG3: 9 | AH3: 10
A4: BEFORE | G4: BEFORE | R4: BEFORE | X4: BEFORE
A14: AFTER | G14: AFTER | R14: AFTER | X14: AFTER
A25: 項次 | B25: 單位 | C25: 規格 | E25: 數值 | G25: 項次 | H25: 單位 | I25: 規格 | K25: 數值 | R25: 項次 | S25: 單位 | T25: 規格 | V25: 數值 | X25: 項次 | Y25: 單位 | Z25: 規格 | AB25: 數值
A26: 咬蝕量 | B26: um | C26: 0.3 | D26: ±0.1 | E26: =AVERAGE(B4:F13)-AVERAGE(B14:F23) -> #DIV/0! | G26: 咬蝕量 | H26: um | I26: 0.3 | J26: ±0.1 | K26: =AVERAGE(H4:Q13)-AVERAGE(H14:Q23) -> #DIV/0! | R26: 咬蝕量 | S26: um | T26: 1.07 | U26: ±0.21 | V26: =AVERAGE(S4:W13)-AVERAGE(S14:W23) -> #DIV/0! | X26: 咬蝕量 | Y26: um | Z26: 1.38 | AA26: ±0.23 | AB26: =AVERAGE(Y4:AH13)-AVERAGE(Y14:AH23) -> #DIV/0!
A27: 線速 | B27: M/min | C27: ="--" -> -- | E27: 1.7 | G27: 線速 | H27: M/min | I27: ="--" -> -- | K27: 1.5 | R27: 線速 | S27: M/min | T27: ="--" -> -- | V27: 1.4 | X27: 線速 | Y27: M/min | Z27: ="--" -> -- | AB27: 1.5
A28: 咬蝕速率 | B28: um/min | C28: 0.52±0.15 | E28: =(E26/(0.975/E27)) -> #DIV/0! | G28: 咬蝕速率 | H28: um/min | I28: 0.46±0.10 | K28: =(K26/(0.975/K27)) -> #DIV/0! | R28: 咬蝕速率 | S28: um/min | T28: 0.77±0.15 | V28: =(V26/(1.944/V27)) -> #DIV/0! | X28: 咬蝕速率 | Y28: um/min | Z28: 0.9±0.15 | AB28: =(AB26/(2.268/AB27)) -> #DIV/0!
A29: 生產速度(SPEED) | B29: M/min | C29: =0.972*E28/C26 -> #DIV/0! | E29: 以咬蝕量0.3um計算線速 | G29: 生產速度(SPEED) | H29: M/min | I29: =0.972*K28/I26 -> #DIV/0! | K29: 以咬蝕量0.3um計算線速 | R29: 生產速度(SPEED) | S29: M/min | T29: =1.944*V28/1.8 -> #DIV/0! | V29: 以咬蝕量1.8um計算線速 | X29: 生產速度(SPEED) | Y29: M/min | Z29: =2.268*AB28/1.5 -> #DIV/0! | AB29: 以咬蝕量1.5um計算線速
A30: 量測日期 | C30: =TODAY() -> 46251 | R30: 量測日期 | T30: =TODAY() -> 46251
A31: PT-01 | G31: PT-02 | R31: QE-01 | X31: QE-02
A32: 咬蝕量 | G32: 咬蝕量 | R32: 咬蝕量 | X32: 咬蝕量
A33: PT1+ | B33: =B4-B14 -> 0 | C33: =C4-C14 -> 0 | D33: =D4-D14 -> 0 | E33: =E4-E14 -> 0 | F33: =F4-F14 -> 0 | G33: PT2+ | H33: =H4-H14 -> 0 | I33: =I4-I14 -> 0 | J33: =J4-J14 -> 0 | K33: =K4-K14 -> 0 | L33: =L4-L14 -> 0 | M33: =M4-M14 -> 0 | N33: =N4-N14 -> 0 | O33: =O4-O14 -> 0 | ... Q33: =Q4-Q14 -> 0 | R33: PT1+ | S33: =S4-S14 -> 0 | T33: =T4-T14 -> 0 | U33: =U4-U14 -> 0 | V33: =V4-V14 -> 0 | W33: =W4-W14 -> 0 | X33: PT2+ | Y33: =Y4-Y14 -> 0 | Z33: =Z4-Z14 -> 0 | AA33: =AA4-AA14 -> 0 | AB33: =AB4-AB14 -> 0 | AC33: =AC4-AC14 -> 0 | AD33: =AD4-AD14 -> 0 | AE33: =AE4-AE14 -> 0 | AF33: =AF4-AF14 -> 0 | ... AH33: =AH4-AH14 -> 0
B34: =B5-B15 -> 0 | C34: =C5-C15 -> 0 | D34: =D5-D15 -> 0 | E34: =E5-E15 -> 0 | F34: =F5-F15 -> 0 | H34: =H5-H15 -> 0 | I34: =I5-I15 -> 0 | J34: =J5-J15 -> 0 | K34: =K5-K15 -> 0 | L34: =L5-L15 -> 0 | M34: =M5-M15 -> 0 | N34: =N5-N15 -> 0 | O34: =O5-O15 -> 0 | ... Q34: =Q5-Q15 -> 0 | S34: =S5-S15 -> 0 | T34: =T5-T15 -> 0 | U34: =U5-U15 -> 0 | V34: =V5-V15 -> 0 | W34: =W5-W15 -> 0 | Y34: =Y5-Y15 -> 0 | Z34: =Z5-Z15 -> 0 | AA34: =AA5-AA15 -> 0 | AB34: =AB5-AB15 -> 0 | AC34: =AC5-AC15 -> 0 | AD34: =AD5-AD15 -> 0 | AE34: =AE5-AE15 -> 0 | AF34: =AF5-AF15 -> 0 | ... AH34: =AH5-AH15 -> 0
B35: =B6-B16 -> 0 | C35: =C6-C16 -> 0 | D35: =D6-D16 -> 0 | E35: =E6-E16 -> 0 | F35: =F6-F16 -> 0 | H35: =H6-H16 -> 0 | I35: =I6-I16 -> 0 | J35: =J6-J16 -> 0 | K35: =K6-K16 -> 0 | L35: =L6-L16 -> 0 | M35: =M6-M16 -> 0 | N35: =N6-N16 -> 0 | O35: =O6-O16 -> 0 | ... Q35: =Q6-Q16 -> 0 | S35: =S6-S16 -> 0 | T35: =T6-T16 -> 0 | U35: =U6-U16 -> 0 | V35: =V6-V16 -> 0 | W35: =W6-W16 -> 0 | Y35: =Y6-Y16 -> 0 | Z35: =Z6-Z16 -> 0 | AA35: =AA6-AA16 -> 0 | AB35: =AB6-AB16 -> 0 | AC35: =AC6-AC16 -> 0 | AD35: =AD6-AD16 -> 0 | AE35: =AE6-AE16 -> 0 | AF35: =AF6-AF16 -> 0 | ... AH35: =AH6-AH16 -> 0
B36: =B7-B17 -> 0 | C36: =C7-C17 -> 0 | D36: =D7-D17 -> 0 | E36: =E7-E17 -> 0 | F36: =F7-F17 -> 0 | H36: =H7-H17 -> 0 | I36: =I7-I17 -> 0 | J36: =J7-J17 -> 0 | K36: =K7-K17 -> 0 | L36: =L7-L17 -> 0 | M36: =M7-M17 -> 0 | N36: =N7-N17 -> 0 | O36: =O7-O17 -> 0 | ... Q36: =Q7-Q17 -> 0 | S36: =S7-S17 -> 0 | T36: =T7-T17 -> 0 | U36: =U7-U17 -> 0 | V36: =V7-V17 -> 0 | W36: =W7-W17 -> 0 | Y36: =Y7-Y17 -> 0 | Z36: =Z7-Z17 -> 0 | AA36: =AA7-AA17 -> 0 | AB36: =AB7-AB17 -> 0 | AC36: =AC7-AC17 -> 0 | AD36: =AD7-AD17 -> 0 | AE36: =AE7-AE17 -> 0 | AF36: =AF7-AF17 -> 0 | ... AH36: =AH7-AH17 -> 0
B37: =B8-B18 -> 0 | C37: =C8-C18 -> 0 | D37: =D8-D18 -> 0 | E37: =E8-E18 -> 0 | F37: =F8-F18 -> 0 | H37: =H8-H18 -> 0 | I37: =I8-I18 -> 0 | J37: =J8-J18 -> 0 | K37: =K8-K18 -> 0 | L37: =L8-L18 -> 0 | M37: =M8-M18 -> 0 | N37: =N8-N18 -> 0 | O37: =O8-O18 -> 0 | ... Q37: =Q8-Q18 -> 0 | S37: =S8-S18 -> 0 | T37: =T8-T18 -> 0 | U37: =U8-U18 -> 0 | V37: =V8-V18 -> 0 | W37: =W8-W18 -> 0 | Y37: =Y8-Y18 -> 0 | Z37: =Z8-Z18 -> 0 | AA37: =AA8-AA18 -> 0 | AB37: =AB8-AB18 -> 0 | AC37: =AC8-AC18 -> 0 | AD37: =AD8-AD18 -> 0 | AE37: =AE8-AE18 -> 0 | AF37: =AF8-AF18 -> 0 | ... AH37: =AH8-AH18 -> 0
A38: PT1- | B38: =B9-B19 -> 0 | C38: =C9-C19 -> 0 | D38: =D9-D19 -> 0 | E38: =E9-E19 -> 0 | F38: =F9-F19 -> 0 | G38: PT2- | H38: =H9-H19 -> 0 | I38: =I9-I19 -> 0 | J38: =J9-J19 -> 0 | K38: =K9-K19 -> 0 | L38: =L9-L19 -> 0 | M38: =M9-M19 -> 0 | N38: =N9-N19 -> 0 | O38: =O9-O19 -> 0 | ... Q38: =Q9-Q19 -> 0 | R38: PT1- | S38: =S9-S19 -> 0 | T38: =T9-T19 -> 0 | U38: =U9-U19 -> 0 | V38: =V9-V19 -> 0 | W38: =W9-W19 -> 0 | X38: PT2- | Y38: =Y9-Y19 -> 0 | Z38: =Z9-Z19 -> 0 | AA38: =AA9-AA19 -> 0 | AB38: =AB9-AB19 -> 0 | AC38: =AC9-AC19 -> 0 | AD38: =AD9-AD19 -> 0 | AE38: =AE9-AE19 -> 0 | AF38: =AF9-AF19 -> 0 | ... AH38: =AH9-AH19 -> 0
B39: =B10-B20 -> 0 | C39: =C10-C20 -> 0 | D39: =D10-D20 -> 0 | E39: =E10-E20 -> 0 | F39: =F10-F20 -> 0 | H39: =H10-H20 -> 0 | I39: =I10-I20 -> 0 | J39: =J10-J20 -> 0 | K39: =K10-K20 -> 0 | L39: =L10-L20 -> 0 | M39: =M10-M20 -> 0 | N39: =N10-N20 -> 0 | O39: =O10-O20 -> 0 | ... Q39: =Q10-Q20 -> 0 | S39: =S10-S20 -> 0 | T39: =T10-T20 -> 0 | U39: =U10-U20 -> 0 | V39: =V10-V20 -> 0 | W39: =W10-W20 -> 0 | Y39: =Y10-Y20 -> 0 | Z39: =Z10-Z20 -> 0 | AA39: =AA10-AA20 -> 0 | AB39: =AB10-AB20 -> 0 | AC39: =AC10-AC20 -> 0 | AD39: =AD10-AD20 -> 0 | AE39: =AE10-AE20 -> 0 | AF39: =AF10-AF20 -> 0 | ... AH39: =AH10-AH20 -> 0
B40: =B11-B21 -> 0 | C40: =C11-C21 -> 0 | D40: =D11-D21 -> 0 | E40: =E11-E21 -> 0 | F40: =F11-F21 -> 0 | H40: =H11-H21 -> 0 | I40: =I11-I21 -> 0 | J40: =J11-J21 -> 0 | K40: =K11-K21 -> 0 | L40: =L11-L21 -> 0 | M40: =M11-M21 -> 0 | N40: =N11-N21 -> 0 | O40: =O11-O21 -> 0 | ... Q40: =Q11-Q21 -> 0 | S40: =S11-S21 -> 0 | T40: =T11-T21 -> 0 | U40: =U11-U21 -> 0 | V40: =V11-V21 -> 0 | W40: =W11-W21 -> 0 | Y40: =Y11-Y21 -> 0 | Z40: =Z11-Z21 -> 0 | AA40: =AA11-AA21 -> 0 | AB40: =AB11-AB21 -> 0 | AC40: =AC11-AC21 -> 0 | AD40: =AD11-AD21 -> 0 | AE40: =AE11-AE21 -> 0 | AF40: =AF11-AF21 -> 0 | ... AH40: =AH11-AH21 -> 0
B41: =B12-B22 -> 0 | C41: =C12-C22 -> 0 | D41: =D12-D22 -> 0 | E41: =E12-E22 -> 0 | F41: =F12-F22 -> 0 | H41: =H12-H22 -> 0 | I41: =I12-I22 -> 0 | J41: =J12-J22 -> 0 | K41: =K12-K22 -> 0 | L41: =L12-L22 -> 0 | M41: =M12-M22 -> 0 | N41: =N12-N22 -> 0 | O41: =O12-O22 -> 0 | ... Q41: =Q12-Q22 -> 0 | S41: =S12-S22 -> 0 | T41: =T12-T22 -> 0 | U41: =U12-U22 -> 0 | V41: =V12-V22 -> 0 | W41: =W12-W22 -> 0 | Y41: =Y12-Y22 -> 0 | Z41: =Z12-Z22 -> 0 | AA41: =AA12-AA22 -> 0 | AB41: =AB12-AB22 -> 0 | AC41: =AC12-AC22 -> 0 | AD41: =AD12-AD22 -> 0 | AE41: =AE12-AE22 -> 0 | AF41: =AF12-AF22 -> 0 | ... AH41: =AH12-AH22 -> 0
B42: =B13-B23 -> 0 | C42: =C13-C23 -> 0 | D42: =D13-D23 -> 0 | E42: =E13-E23 -> 0 | F42: =F13-F23 -> 0 | H42: =H13-H23 -> 0 | I42: =I13-I23 -> 0 | J42: =J13-J23 -> 0 | K42: =K13-K23 -> 0 | L42: =L13-L23 -> 0 | M42: =M13-M23 -> 0 | N42: =N13-N23 -> 0 | O42: =O13-O23 -> 0 | ... Q42: =Q13-Q23 -> 0 | S42: =S13-S23 -> 0 | T42: =T13-T23 -> 0 | U42: =U13-U23 -> 0 | V42: =V13-V23 -> 0 | W42: =W13-W23 -> 0 | Y42: =Y13-Y23 -> 0 | Z42: =Z13-Z23 -> 0 | AA42: =AA13-AA23 -> 0 | AB42: =AB13-AB23 -> 0 | AC42: =AC13-AC23 -> 0 | AD42: =AD13-AD23 -> 0 | AE42: =AE13-AE23 -> 0 | AF42: =AF13-AF23 -> 0 | ... AH42: =AH13-AH23 -> 0
A43: A side- EA | B43: =AVERAGE(B33:F37) -> 0 | C43: R | D43: =MAX(B33:F37)-MIN(B33:F37) -> 0 | E43: ER | F43: =B43/(0.975/E27) -> 0 | G43: A side- EA | H43: =AVERAGE(H33:Q37) -> 0 | I43: R | J43: =MAX(H33:Q37)-MIN(H33:Q37) -> 0 | K43: ER | L43: =H43/(0.975/K27) -> 0 | M43: % | N43: =1-(J43/2*H43) -> 1 | O43: T-R | P43: =MAX(H33:Q42)-MIN(H33:Q42) -> 0 | R43: A side- EA | S43: =AVERAGE(S33:W37) -> 0 | T43: R | U43: =MAX(S33:W37)-MIN(S33:W37) -> 0 | V43: ER | W43: =S43/(1.944/V27) -> 0 | X43: A side- EA | Y43: =AVERAGE(Y33:AH37) -> 0 | Z43: R | AA43: =MAX(Y33:AH37)-MIN(Y33:AH37) -> 0 | AB43: ER | AC43: =Y43/(2.268/AB27) -> 0 | AD43: % | AE43: =1-(AA43/2*Y43) -> 1 | AF43: T-R | AG43: =MAX(Y33:AH42)-MIN(Y33:AH42) -> 0
A44: B side- EA | B44: =AVERAGE(B39:F42) -> 0 | C44: R | D44: =MAX(B38:F42)-MIN(B38:F42) -> 0 | E44: ER | F44: =B44/(0.975/E27) -> 0 | G44: B side- EA | H44: =AVERAGE(H39:Q42) -> 0 | I44: R | J44: =MAX(H38:Q42)-MIN(H38:Q42) -> 0 | K44: ER | L44: =H44/(0.975/K27) -> 0 | M44: % | N44: =1-(J44/2*H44) -> 1 | O44: T-% | P44: =1-(P43/2*AVERAGE(H43:H44)) -> 1 | R44: B side- EA | S44: =AVERAGE(S39:W42) -> 0 | T44: R | U44: =MAX(S38:W42)-MIN(S38:W42) -> 0 | V44: ER | W44: =S44/(1.944/V27) -> 0 | X44: B side- EA | Y44: =AVERAGE(Y39:AH42) -> 0 | Z44: R | AA44: =MAX(Y38:AH42)-MIN(Y38:AH42) -> 0 | AB44: ER | AC44: =Y44/(2.268/AB27) -> 0 | AD44: % | AE44: =1-(AA44/2*Y44) -> 1 | AF44: T-% | AG44: =1-(AG43/2*AVERAGE(Y43:Y44)) -> 1
A46: PD-3-581-06B

Sheet 0825.
A1: PT咬蝕量量測記錄表 | G1: PT咬蝕量量測記錄表 | R1: QE咬蝕量量測記錄表 | X1: QE咬蝕量量測記錄表
A2: PT-01 | G2: PT-02 | R2: QE-01 | X2: QE-02
A3: OP | B3: 1 | C3: 2 | D3: 3 | E3: 4 | F3: 5 | G3: OP | H3: 1 | I3: 2 | J3: 3 | K3: 4 | L3: 5 | M3: 6 | N3: 7 | O3: 8 | P3: 9 | Q3: 10 | R3: OP | S3: 1 | T3: 2 | U3: 3 | V3: 4 | W3: 5 | X3: OP | Y3: 1 | Z3: 2 | AA3: 3 | AB3: 4 | AC3: 5 | AD3: 6 | AE3: 7 | AF3: 8 | AG3: 9 | AH3: 10
A4: BEFORE | G4: BEFORE | R4: BEFORE | X4: BEFORE
A14: AFTER | G14: AFTER | R14: AFTER | X14: AFTER
A25: 項次 | B25: 單位 | C25: 規格 | E25: 數值 | G25: 項次 | H25: 單位 | I25: 規格 | K25: 數值 | R25: 項次 | S25: 單位 | T25: 規格 | V25: 數值 | X25: 項次 | Y25: 單位 | Z25: 規格 | AB25: 數值
A26: 咬蝕量 | B26: um | C26: 0.3 | D26: ±0.1 | E26: =AVERAGE(B4:F13)-AVERAGE(B14:F23) -> #DIV/0! | G26: 咬蝕量 | H26: um | I26: 0.3 | J26: ±0.1 | K26: =AVERAGE(H4:Q13)-AVERAGE(H14:Q23) -> #DIV/0! | R26: 咬蝕量 | S26: um | T26: 1.07 | U26: ±0.21 | V26: =AVERAGE(S4:W13)-AVERAGE(S14:W23) -> #DIV/0! | X26: 咬蝕量 | Y26: um | Z26: 1.38 | AA26: ±0.23 | AB26: =AVERAGE(Y4:AH13)-AVERAGE(Y14:AH23) -> #DIV/0!
A27: 線速 | B27: M/min | C27: ="--" -> -- | E27: 1.7 | G27: 線速 | H27: M/min | I27: ="--" -> -- | K27: 1.5 | R27: 線速 | S27: M/min | T27: ="--" -> -- | V27: 1.4 | X27: 線速 | Y27: M/min | Z27: ="--" -> -- | AB27: 1.5
A28: 咬蝕速率 | B28: um/min | C28: 0.52±0.15 | E28: =(E26/(0.975/E27)) -> #DIV/0! | G28: 咬蝕速率 | H28: um/min | I28: 0.46±0.10 | K28: =(K26/(0.975/K27)) -> #DIV/0! | R28: 咬蝕速率 | S28: um/min | T28: 0.77±0.15 | V28: =(V26/(1.944/V27)) -> #DIV/0! | X28: 咬蝕速率 | Y28: um/min | Z28: 0.9±0.15 | AB28: =(AB26/(2.268/AB27)) -> #DIV/0!
A29: 生產速度(SPEED) | B29: M/min | C29: =0.972*E28/C26 -> #DIV/0! | E29: 以咬蝕量0.3um計算線速 | G29: 生產速度(SPEED) | H29: M/min | I29: =0.972*K28/I26 -> #DIV/0! | K29: 以咬蝕量0.3um計算線速 | R29: 生產速度(SPEED) | S29: M/min | T29: =1.944*V28/1.8 -> #DIV/0! | V29: 以咬蝕量1.8um計算線速 | X29: 生產速度(SPEED) | Y29: M/min | Z29: =2.268*AB28/1.5 -> #DIV/0! | AB29: 以咬蝕量1.5um計算線速
A30: 量測日期 | C30: =TODAY() -> 46251 | R30: 量測日期 | T30: =TODAY() -> 46251
A31: PT-01 | G31: PT-02 | R31: QE-01 | X31: QE-02
A32: 咬蝕量 | G32: 咬蝕量 | R32: 咬蝕量 | X32: 咬蝕量
A33: PT1+ | B33: =B4-B14 -> 0 | C33: =C4-C14 -> 0 | D33: =D4-D14 -> 0 | E33: =E4-E14 -> 0 | F33: =F4-F14 -> 0 | G33: PT2+ | H33: =H4-H14 -> 0 | I33: =I4-I14 -> 0 | J33: =J4-J14 -> 0 | K33: =K4-K14 -> 0 | L33: =L4-L14 -> 0 | M33: =M4-M14 -> 0 | N33: =N4-N14 -> 0 | O33: =O4-O14 -> 0 | ... Q33: =Q4-Q14 -> 0 | R33: PT1+ | S33: =S4-S14 -> 0 | T33: =T4-T14 -> 0 | U33: =U4-U14 -> 0 | V33: =V4-V14 -> 0 | W33: =W4-W14 -> 0 | X33: PT2+ | Y33: =Y4-Y14 -> 0 | Z33: =Z4-Z14 -> 0 | AA33: =AA4-AA14 -> 0 | AB33: =AB4-AB14 -> 0 | AC33: =AC4-AC14 -> 0 | AD33: =AD4-AD14 -> 0 | AE33: =AE4-AE14 -> 0 | AF33: =AF4-AF14 -> 0 | ... AH33: =AH4-AH14 -> 0
B34: =B5-B15 -> 0 | C34: =C5-C15 -> 0 | D34: =D5-D15 -> 0 | E34: =E5-E15 -> 0 | F34: =F5-F15 -> 0 | H34: =H5-H15 -> 0 | I34: =I5-I15 -> 0 | J34: =J5-J15 -> 0 | K34: =K5-K15 -> 0 | L34: =L5-L15 -> 0 | M34: =M5-M15 -> 0 | N34: =N5-N15 -> 0 | O34: =O5-O15 -> 0 | ... Q34: =Q5-Q15 -> 0 | S34: =S5-S15 -> 0 | T34: =T5-T15 -> 0 | U34: =U5-U15 -> 0 | V34: =V5-V15 -> 0 | W34: =W5-W15 -> 0 | Y34: =Y5-Y15 -> 0 | Z34: =Z5-Z15 -> 0 | AA34: =AA5-AA15 -> 0 | AB34: =AB5-AB15 -> 0 | AC34: =AC5-AC15 -> 0 | AD34: =AD5-AD15 -> 0 | AE34: =AE5-AE15 -> 0 | AF34: =AF5-AF15 -> 0 | ... AH34: =AH5-AH15 -> 0
B35: =B6-B16 -> 0 | C35: =C6-C16 -> 0 | D35: =D6-D16 -> 0 | E35: =E6-E16 -> 0 | F35: =F6-F16 -> 0 | H35: =H6-H16 -> 0 | I35: =I6-I16 -> 0 | J35: =J6-J16 -> 0 | K35: =K6-K16 -> 0 | L35: =L6-L16 -> 0 | M35: =M6-M16 -> 0 | N35: =N6-N16 -> 0 | O35: =O6-O16 -> 0 | ... Q35: =Q6-Q16 -> 0 | S35: =S6-S16 -> 0 | T35: =T6-T16 -> 0 | U35: =U6-U16 -> 0 | V35: =V6-V16 -> 0 | W35: =W6-W16 -> 0 | Y35: =Y6-Y16 -> 0 | Z35: =Z6-Z16 -> 0 | AA35: =AA6-AA16 -> 0 | AB35: =AB6-AB16 -> 0 | AC35: =AC6-AC16 -> 0 | AD35: =AD6-AD16 -> 0 | AE35: =AE6-AE16 -> 0 | AF35: =AF6-AF16 -> 0 | ... AH35: =AH6-AH16 -> 0
B36: =B7-B17 -> 0 | C36: =C7-C17 -> 0 | D36: =D7-D17 -> 0 | E36: =E7-E17 -> 0 | F36: =F7-F17 -> 0 | H36: =H7-H17 -> 0 | I36: =I7-I17 -> 0 | J36: =J7-J17 -> 0 | K36: =K7-K17 -> 0 | L36: =L7-L17 -> 0 | M36: =M7-M17 -> 0 | N36: =N7-N17 -> 0 | O36: =O7-O17 -> 0 | ... Q36: =Q7-Q17 -> 0 | S36: =S7-S17 -> 0 | T36: =T7-T17 -> 0 | U36: =U7-U17 -> 0 | V36: =V7-V17 -> 0 | W36: =W7-W17 -> 0 | Y36: =Y7-Y17 -> 0 | Z36: =Z7-Z17 -> 0 | AA36: =AA7-AA17 -> 0 | AB36: =AB7-AB17 -> 0 | AC36: =AC7-AC17 -> 0 | AD36: =AD7-AD17 -> 0 | AE36: =AE7-AE17 -> 0 | AF36: =AF7-AF17 -> 0 | ... AH36: =AH7-AH17 -> 0
B37: =B8-B18 -> 0 | C37: =C8-C18 -> 0 | D37: =D8-D18 -> 0 | E37: =E8-E18 -> 0 | F37: =F8-F18 -> 0 | H37: =H8-H18 -> 0 | I37: =I8-I18 -> 0 | J37: =J8-J18 -> 0 | K37: =K8-K18 -> 0 | L37: =L8-L18 -> 0 | M37: =M8-M18 -> 0 | N37: =N8-N18 -> 0 | O37: =O8-O18 -> 0 | ... Q37: =Q8-Q18 -> 0 | S37: =S8-S18 -> 0 | T37: =T8-T18 -> 0 | U37: =U8-U18 -> 0 | V37: =V8-V18 -> 0 | W37: =W8-W18 -> 0 | Y37: =Y8-Y18 -> 0 | Z37: =Z8-Z18 -> 0 | AA37: =AA8-AA18 -> 0 | AB37: =AB8-AB18 -> 0 | AC37: =AC8-AC18 -> 0 | AD37: =AD8-AD18 -> 0 | AE37: =AE8-AE18 -> 0 | AF37: =AF8-AF18 -> 0 | ... AH37: =AH8-AH18 -> 0
A38: PT1- | B38: =B9-B19 -> 0 | C38: =C9-C19 -> 0 | D38: =D9-D19 -> 0 | E38: =E9-E19 -> 0 | F38: =F9-F19 -> 0 | G38: PT2- | H38: =H9-H19 -> 0 | I38: =I9-I19 -> 0 | J38: =J9-J19 -> 0 | K38: =K9-K19 -> 0 | L38: =L9-L19 -> 0 | M38: =M9-M19 -> 0 | N38: =N9-N19 -> 0 | O38: =O9-O19 -> 0 | ... Q38: =Q9-Q19 -> 0 | R38: PT1- | S38: =S9-S19 -> 0 | T38: =T9-T19 -> 0 | U38: =U9-U19 -> 0 | V38: =V9-V19 -> 0 | W38: =W9-W19 -> 0 | X38: PT2- | Y38: =Y9-Y19 -> 0 | Z38: =Z9-Z19 -> 0 | AA38: =AA9-AA19 -> 0 | AB38: =AB9-AB19 -> 0 | AC38: =AC9-AC19 -> 0 | AD38: =AD9-AD19 -> 0 | AE38: =AE9-AE19 -> 0 | AF38: =AF9-AF19 -> 0 | ... AH38: =AH9-AH19 -> 0
B39: =B10-B20 -> 0 | C39: =C10-C20 -> 0 | D39: =D10-D20 -> 0 | E39: =E10-E20 -> 0 | F39: =F10-F20 -> 0 | H39: =H10-H20 -> 0 | I39: =I10-I20 -> 0 | J39: =J10-J20 -> 0 | K39: =K10-K20 -> 0 | L39: =L10-L20 -> 0 | M39: =M10-M20 -> 0 | N39: =N10-N20 -> 0 | O39: =O10-O20 -> 0 | ... Q39: =Q10-Q20 -> 0 | S39: =S10-S20 -> 0 | T39: =T10-T20 -> 0 | U39: =U10-U20 -> 0 | V39: =V10-V20 -> 0 | W39: =W10-W20 -> 0 | Y39: =Y10-Y20 -> 0 | Z39: =Z10-Z20 -> 0 | AA39: =AA10-AA20 -> 0 | AB39: =AB10-AB20 -> 0 | AC39: =AC10-AC20 -> 0 | AD39: =AD10-AD20 -> 0 | AE39: =AE10-AE20 -> 0 | AF39: =AF10-AF20 -> 0 | ... AH39: =AH10-AH20 -> 0
B40: =B11-B21 -> 0 | C40: =C11-C21 -> 0 | D40: =D11-D21 -> 0 | E40: =E11-E21 -> 0 | F40: =F11-F21 -> 0 | H40: =H11-H21 -> 0 | I40: =I11-I21 -> 0 | J40: =J11-J21 -> 0 | K40: =K11-K21 -> 0 | L40: =L11-L21 -> 0 | M40: =M11-M21 -> 0 | N40: =N11-N21 -> 0 | O40: =O11-O21 -> 0 | ... Q40: =Q11-Q21 -> 0 | S40: =S11-S21 -> 0 | T40: =T11-T21 -> 0 | U40: =U11-U21 -> 0 | V40: =V11-V21 -> 0 | W40: =W11-W21 -> 0 | Y40: =Y11-Y21 -> 0 | Z40: =Z11-Z21 -> 0 | AA40: =AA11-AA21 -> 0 | AB40: =AB11-AB21 -> 0 | AC40: =AC11-AC21 -> 0 | AD40: =AD11-AD21 -> 0 | AE40: =AE11-AE21 -> 0 | AF40: =AF11-AF21 -> 0 | ... AH40: =AH11-AH21 -> 0
B41: =B12-B22 -> 0 | C41: =C12-C22 -> 0 | D41: =D12-D22 -> 0 | E41: =E12-E22 -> 0 | F41: =F12-F22 -> 0 | H41: =H12-H22 -> 0 | I41: =I12-I22 -> 0 | J41: =J12-J22 -> 0 | K41: =K12-K22 -> 0 | L41: =L12-L22 -> 0 | M41: =M12-M22 -> 0 | N41: =N12-N22 -> 0 | O41: =O12-O22 -> 0 | ... Q41: =Q12-Q22 -> 0 | S41: =S12-S22 -> 0 | T41: =T12-T22 -> 0 | U41: =U12-U22 -> 0 | V41: =V12-V22 -> 0 | W41: =W12-W22 -> 0 | Y41: =Y12-Y22 -> 0 | Z41: =Z12-Z22 -> 0 | AA41: =AA12-AA22 -> 0 | AB41: =AB12-AB22 -> 0 | AC41: =AC12-AC22 -> 0 | AD41: =AD12-AD22 -> 0 | AE41: =AE12-AE22 -> 0 | AF41: =AF12-AF22 -> 0 | ... AH41: =AH12-AH22 -> 0
B42: =B13-B23 -> 0 | C42: =C13-C23 -> 0 | D42: =D13-D23 -> 0 | E42: =E13-E23 -> 0 | F42: =F13-F23 -> 0 | H42: =H13-H23 -> 0 | I42: =I13-I23 -> 0 | J42: =J13-J23 -> 0 | K42: =K13-K23 -> 0 | L42: =L13-L23 -> 0 | M42: =M13-M23 -> 0 | N42: =N13-N23 -> 0 | O42: =O13-O23 -> 0 | ... Q42: =Q13-Q23 -> 0 | S42: =S13-S23 -> 0 | T42: =T13-T23 -> 0 | U42: =U13-U23 -> 0 | V42: =V13-V23 -> 0 | W42: =W13-W23 -> 0 | Y42: =Y13-Y23 -> 0 | Z42: =Z13-Z23 -> 0 | AA42: =AA13-AA23 -> 0 | AB42: =AB13-AB23 -> 0 | AC42: =AC13-AC23 -> 0 | AD42: =AD13-AD23 -> 0 | AE42: =AE13-AE23 -> 0 | AF42: =AF13-AF23 -> 0 | ... AH42: =AH13-AH23 -> 0
A43: A side- EA | B43: =AVERAGE(B33:F37) -> 0 | C43: R | D43: =MAX(B33:F37)-MIN(B33:F37) -> 0 | E43: ER | F43: =B43/(0.975/E27) -> 0 | G43: A side- EA | H43: =AVERAGE(H33:Q37) -> 0 | I43: R | J43: =MAX(H33:Q37)-MIN(H33:Q37) -> 0 | K43: ER | L43: =H43/(0.975/K27) -> 0 | M43: % | N43: =1-(J43/2*H43) -> 1 | O43: T-R | P43: =MAX(H33:Q42)-MIN(H33:Q42) -> 0 | R43: A side- EA | S43: =AVERAGE(S33:W37) -> 0 | T43: R | U43: =MAX(S33:W37)-MIN(S33:W37) -> 0 | V43: ER | W43: =S43/(1.944/V27) -> 0 | X43: A side- EA | Y43: =AVERAGE(Y33:AH37) -> 0 | Z43: R | AA43: =MAX(Y33:AH37)-MIN(Y33:AH37) -> 0 | AB43: ER | AC43: =Y43/(2.268/AB27) -> 0 | AD43: % | AE43: =1-(AA43/2*Y43) -> 1 | AF43: T-R | AG43: =MAX(Y33:AH42)-MIN(Y33:AH42) -> 0
A44: B side- EA | B44: =AVERAGE(B39:F42) -> 0 | C44: R | D44: =MAX(B38:F42)-MIN(B38:F42) -> 0 | E44: ER | F44: =B44/(0.975/E27) -> 0 | G44: B side- EA | H44: =AVERAGE(H39:Q42) -> 0 | I44: R | J44: =MAX(H38:Q42)-MIN(H38:Q42) -> 0 | K44: ER | L44: =H44/(0.975/K27) -> 0 | M44: % | N44: =1-(J44/2*H44) -> 1 | O44: T-% | P44: =1-(P43/2*AVERAGE(H43:H44)) -> 1 | R44: B side- EA | S44: =AVERAGE(S39:W42) -> 0 | T44: R | U44: =MAX(S38:W42)-MIN(S38:W42) -> 0 | V44: ER | W44: =S44/(1.944/V27) -> 0 | X44: B side- EA | Y44: =AVERAGE(Y39:AH42) -> 0 | Z44: R | AA44: =MAX(Y38:AH42)-MIN(Y38:AH42) -> 0 | AB44: ER | AC44: =Y44/(2.268/AB27) -> 0 | AD44: % | AE44: =1-(AA44/2*Y44) -> 1 | AF44: T-% | AG44: =1-(AG43/2*AVERAGE(Y43:Y44)) -> 1
A46: PD-3-581-06B

Sheet 0824.
A1: PT咬蝕量量測記錄表 | G1: PT咬蝕量量測記錄表 | R1: QE咬蝕量量測記錄表 | X1: QE咬蝕量量測記錄表
A2: PT-01 | G2: PT-02 | R2: QE-01 | X2: QE-02
A3: OP | B3: 1 | C3: 2 | D3: 3 | E3: 4 | F3: 5 | G3: OP | H3: 1 | I3: 2 | J3: 3 | K3: 4 | L3: 5 | M3: 6 | N3: 7 | O3: 8 | P3: 9 | Q3: 10 | R3: OP | S3: 1 | T3: 2 | U3: 3 | V3: 4 | W3: 5 | X3: OP | Y3: 1 | Z3: 2 | AA3: 3 | AB3: 4 | AC3: 5 | AD3: 6 | AE3: 7 | AF3: 8 | AG3: 9 | AH3: 10
A4: BEFORE | G4: BEFORE | R4: BEFORE | X4: BEFORE
A14: AFTER | G14: AFTER | R14: AFTER | X14: AFTER
A25: 項次 | B25: 單位 | C25: 規格 | E25: 數值 | G25: 項次 | H25: 單位 | I25: 規格 | K25: 數值 | R25: 項次 | S25: 單位 | T25: 規格 | V25: 數值 | X25: 項次 | Y25: 單位 | Z25: 規格 | AB25: 數值
A26: 咬蝕量 | B26: um | C26: 0.3 | D26: ±0.1 | E26: =AVERAGE(B4:F13)-AVERAGE(B14:F23) -> #DIV/0! | G26: 咬蝕量 | H26: um | I26: 0.3 | J26: ±0.1 | K26: =AVERAGE(H4:Q13)-AVERAGE(H14:Q23) -> #DIV/0! | R26: 咬蝕量 | S26: um | T26: 1.07 | U26: ±0.21 | V26: =AVERAGE(S4:W13)-AVERAGE(S14:W23) -> #DIV/0! | X26: 咬蝕量 | Y26: um | Z26: 1.38 | AA26: ±0.23 | AB26: =AVERAGE(Y4:AH13)-AVERAGE(Y14:AH23) -> #DIV/0!
A27: 線速 | B27: M/min | C27: ="--" -> -- | E27: 1.7 | G27: 線速 | H27: M/min | I27: ="--" -> -- | K27: 1.5 | R27: 線速 | S27: M/min | T27: ="--" -> -- | V27: 1.4 | X27: 線速 | Y27: M/min | Z27: ="--" -> -- | AB27: 1.5
A28: 咬蝕速率 | B28: um/min | C28: 0.52±0.15 | E28: =(E26/(0.975/E27)) -> #DIV/0! | G28: 咬蝕速率 | H28: um/min | I28: 0.46±0.10 | K28: =(K26/(0.975/K27)) -> #DIV/0! | R28: 咬蝕速率 | S28: um/min | T28: 0.77±0.15 | V28: =(V26/(1.944/V27)) -> #DIV/0! | X28: 咬蝕速率 | Y28: um/min | Z28: 0.9±0.15 | AB28: =(AB26/(2.268/AB27)) -> #DIV/0!
A29: 生產速度(SPEED) | B29: M/min | C29: =0.972*E28/C26 -> #DIV/0! | E29: 以咬蝕量0.3um計算線速 | G29: 生產速度(SPEED) | H29: M/min | I29: =0.972*K28/I26 -> #DIV/0! | K29: 以咬蝕量0.3um計算線速 | R29: 生產速度(SPEED) | S29: M/min | T29: =1.944*V28/1.8 -> #DIV/0! | V29: 以咬蝕量1.8um計算線速 | X29: 生產速度(SPEED) | Y29: M/min | Z29: =2.268*AB28/1.5 -> #DIV/0! | AB29: 以咬蝕量1.5um計算線速
A30: 量測日期 | C30: =TODAY() -> 46251 | R30: 量測日期 | T30: =TODAY() -> 46251
A31: PT-01 | G31: PT-02 | R31: QE-01 | X31: QE-02
A32: 咬蝕量 | G32: 咬蝕量 | R32: 咬蝕量 | X32: 咬蝕量
A33: PT1+ | B33: =B4-B14 -> 0 | C33: =C4-C14 -> 0 | D33: =D4-D14 -> 0 | E33: =E4-E14 -> 0 | F33: =F4-F14 -> 0 | G33: PT2+ | H33: =H4-H14 -> 0 | I33: =I4-I14 -> 0 | J33: =J4-J14 -> 0 | K33: =K4-K14 -> 0 | L33: =L4-L14 -> 0 | M33: =M4-M14 -> 0 | N33: =N4-N14 -> 0 | O33: =O4-O14 -> 0 | ... Q33: =Q4-Q14 -> 0 | R33: PT1+ | S33: =S4-S14 -> 0 | T33: =T4-T14 -> 0 | U33: =U4-U14 -> 0 | V33: =V4-V14 -> 0 | W33: =W4-W14 -> 0 | X33: PT2+ | Y33: =Y4-Y14 -> 0 | Z33: =Z4-Z14 -> 0 | AA33: =AA4-AA14 -> 0 | AB33: =AB4-AB14 -> 0 | AC33: =AC4-AC14 -> 0 | AD33: =AD4-AD14 -> 0 | AE33: =AE4-AE14 -> 0 | AF33: =AF4-AF14 -> 0 | ... AH33: =AH4-AH14 -> 0
B34: =B5-B15 -> 0 | C34: =C5-C15 -> 0 | D34: =D5-D15 -> 0 | E34: =E5-E15 -> 0 | F34: =F5-F15 -> 0 | H34: =H5-H15 -> 0 | I34: =I5-I15 -> 0 | J34: =J5-J15 -> 0 | K34: =K5-K15 -> 0 | L34: =L5-L15 -> 0 | M34: =M5-M15 -> 0 | N34: =N5-N15 -> 0 | O34: =O5-O15 -> 0 | ... Q34: =Q5-Q15 -> 0 | S34: =S5-S15 -> 0 | T34: =T5-T15 -> 0 | U34: =U5-U15 -> 0 | V34: =V5-V15 -> 0 | W34: =W5-W15 -> 0 | Y34: =Y5-Y15 -> 0 | Z34: =Z5-Z15 -> 0 | AA34: =AA5-AA15 -> 0 | AB34: =AB5-AB15 -> 0 | AC34: =AC5-AC15 -> 0 | AD34: =AD5-AD15 -> 0 | AE34: =AE5-AE15 -> 0 | AF34: =AF5-AF15 -> 0 | ... AH34: =AH5-AH15 -> 0
B35: =B6-B16 -> 0 | C35: =C6-C16 -> 0 | D35: =D6-D16 -> 0 | E35: =E6-E16 -> 0 | F35: =F6-F16 -> 0 | H35: =H6-H16 -> 0 | I35: =I6-I16 -> 0 | J35: =J6-J16 -> 0 | K35: =K6-K16 -> 0 | L35: =L6-L16 -> 0 | M35: =M6-M16 -> 0 | N35: =N6-N16 -> 0 | O35: =O6-O16 -> 0 | ... Q35: =Q6-Q16 -> 0 | S35: =S6-S16 -> 0 | T35: =T6-T16 -> 0 | U35: =U6-U16 -> 0 | V35: =V6-V16 -> 0 | W35: =W6-W16 -> 0 | Y35: =Y6-Y16 -> 0 | Z35: =Z6-Z16 -> 0 | AA35: =AA6-AA16 -> 0 | AB35: =AB6-AB16 -> 0 | AC35: =AC6-AC16 -> 0 | AD35: =AD6-AD16 -> 0 | AE35: =AE6-AE16 -> 0 | AF35: =AF6-AF16 -> 0 | ... AH35: =AH6-AH16 -> 0
B36: =B7-B17 -> 0 | C36: =C7-C17 -> 0 | D36: =D7-D17 -> 0 | E36: =E7-E17 -> 0 | F36: =F7-F17 -> 0 | H36: =H7-H17 -> 0 | I36: =I7-I17 -> 0 | J36: =J7-J17 -> 0 | K36: =K7-K17 -> 0 | L36: =L7-L17 -> 0 | M36: =M7-M17 -> 0 | N36: =N7-N17 -> 0 | O36: =O7-O17 -> 0 | ... Q36: =Q7-Q17 -> 0 | S36: =S7-S17 -> 0 | T36: =T7-T17 -> 0 | U36: =U7-U17 -> 0 | V36: =V7-V17 -> 0 | W36: =W7-W17 -> 0 | Y36: =Y7-Y17 -> 0 | Z36: =Z7-Z17 -> 0 | AA36: =AA7-AA17 -> 0 | AB36: =AB7-AB17 -> 0 | AC36: =AC7-AC17 -> 0 | AD36: =AD7-AD17 -> 0 | AE36: =AE7-AE17 -> 0 | AF36: =AF7-AF17 -> 0 | ... AH36: =AH7-AH17 -> 0
B37: =B8-B18 -> 0 | C37: =C8-C18 -> 0 | D37: =D8-D18 -> 0 | E37: =E8-E18 -> 0 | F37: =F8-F18 -> 0 | H37: =H8-H18 -> 0 | I37: =I8-I18 -> 0 | J37: =J8-J18 -> 0 | K37: =K8-K18 -> 0 | L37: =L8-L18 -> 0 | M37: =M8-M18 -> 0 | N37: =N8-N18 -> 0 | O37: =O8-O18 -> 0 | ... Q37: =Q8-Q18 -> 0 | S37: =S8-S18 -> 0 | T37: =T8-T18 -> 0 | U37: =U8-U18 -> 0 | V37: =V8-V18 -> 0 | W37: =W8-W18 -> 0 | Y37: =Y8-Y18 -> 0 | Z37: =Z8-Z18 -> 0 | AA37: =AA8-AA18 -> 0 | AB37: =AB8-AB18 -> 0 | AC37: =AC8-AC18 -> 0 | AD37: =AD8-AD18 -> 0 | AE37: =AE8-AE18 -> 0 | AF37: =AF8-AF18 -> 0 | ... AH37: =AH8-AH18 -> 0
A38: PT1- | B38: =B9-B19 -> 0 | C38: =C9-C19 -> 0 | D38: =D9-D19 -> 0 | E38: =E9-E19 -> 0 | F38: =F9-F19 -> 0 | G38: PT2- | H38: =H9-H19 -> 0 | I38: =I9-I19 -> 0 | J38: =J9-J19 -> 0 | K38: =K9-K19 -> 0 | L38: =L9-L19 -> 0 | M38: =M9-M19 -> 0 | N38: =N9-N19 -> 0 | O38: =O9-O19 -> 0 | ... Q38: =Q9-Q19 -> 0 | R38: PT1- | S38: =S9-S19 -> 0 | T38: =T9-T19 -> 0 | U38: =U9-U19 -> 0 | V38: =V9-V19 -> 0 | W38: =W9-W19 -> 0 | X38: PT2- | Y38: =Y9-Y19 -> 0 | Z38: =Z9-Z19 -> 0 | AA38: =AA9-AA19 -> 0 | AB38: =AB9-AB19 -> 0 | AC38: =AC9-AC19 -> 0 | AD38: =AD9-AD19 -> 0 | AE38: =AE9-AE19 -> 0 | AF38: =AF9-AF19 -> 0 | ... AH38: =AH9-AH19 -> 0
B39: =B10-B20 -> 0 | C39: =C10-C20 -> 0 | D39: =D10-D20 -> 0 | E39: =E10-E20 -> 0 | F39: =F10-F20 -> 0 | H39: =H10-H20 -> 0 | I39: =I10-I20 -> 0 | J39: =J10-J20 -> 0 | K39: =K10-K20 -> 0 | L39: =L10-L20 -> 0 | M39: =M10-M20 -> 0 | N39: =N10-N20 -> 0 | O39: =O10-O20 -> 0 | ... Q39: =Q10-Q20 -> 0 | S39: =S10-S20 -> 0 | T39: =T10-T20 -> 0 | U39: =U10-U20 -> 0 | V39: =V10-V20 -> 0 | W39: =W10-W20 -> 0 | Y39: =Y10-Y20 -> 0 | Z39: =Z10-Z20 -> 0 | AA39: =AA10-AA20 -> 0 | AB39: =AB10-AB20 -> 0 | AC39: =AC10-AC20 -> 0 | AD39: =AD10-AD20 -> 0 | AE39: =AE10-AE20 -> 0 | AF39: =AF10-AF20 -> 0 | ... AH39: =AH10-AH20 -> 0
B40: =B11-B21 -> 0 | C40: =C11-C21 -> 0 | D40: =D11-D21 -> 0 | E40: =E11-E21 -> 0 | F40: =F11-F21 -> 0 | H40: =H11-H21 -> 0 | I40: =I11-I21 -> 0 | J40: =J11-J21 -> 0 | K40: =K11-K21 -> 0 | L40: =L11-L21 -> 0 | M40: =M11-M21 -> 0 | N40: =N11-N21 -> 0 | O40: =O11-O21 -> 0 | ... Q40: =Q11-Q21 -> 0 | S40: =S11-S21 -> 0 | T40: =T11-T21 -> 0 | U40: =U11-U21 -> 0 | V40: =V11-V21 -> 0 | W40: =W11-W21 -> 0 | Y40: =Y11-Y21 -> 0 | Z40: =Z11-Z21 -> 0 | AA40: =AA11-AA21 -> 0 | AB40: =AB11-AB21 -> 0 | AC40: =AC11-AC21 -> 0 | AD40: =AD11-AD21 -> 0 | AE40: =AE11-AE21 -> 0 | AF40: =AF11-AF21 -> 0 | ... AH40: =AH11-AH21 -> 0
B41: =B12-B22 -> 0 | C41: =C12-C22 -> 0 | D41: =D12-D22 -> 0 | E41: =E12-E22 -> 0 | F41: =F12-F22 -> 0 | H41: =H12-H22 -> 0 | I41: =I12-I22 -> 0 | J41: =J12-J22 -> 0 | K41: =K12-K22 -> 0 | L41: =L12-L22 -> 0 | M41: =M12-M22 -> 0 | N41: =N12-N22 -> 0 | O41: =O12-O22 -> 0 | ... Q41: =Q12-Q22 -> 0 | S41: =S12-S22 -> 0 | T41: =T12-T22 -> 0 | U41: =U12-U22 -> 0 | V41: =V12-V22 -> 0 | W41: =W12-W22 -> 0 | Y41: =Y12-Y22 -> 0 | Z41: =Z12-Z22 -> 0 | AA41: =AA12-AA22 -> 0 | AB41: =AB12-AB22 -> 0 | AC41: =AC12-AC22 -> 0 | AD41: =AD12-AD22 -> 0 | AE41: =AE12-AE22 -> 0 | AF41: =AF12-AF22 -> 0 | ... AH41: =AH12-AH22 -> 0
B42: =B13-B23 -> 0 | C42: =C13-C23 -> 0 | D42: =D13-D23 -> 0 | E42: =E13-E23 -> 0 | F42: =F13-F23 -> 0 | H42: =H13-H23 -> 0 | I42: =I13-I23 -> 0 | J42: =J13-J23 -> 0 | K42: =K13-K23 -> 0 | L42: =L13-L23 -> 0 | M42: =M13-M23 -> 0 | N42: =N13-N23 -> 0 | O42: =O13-O23 -> 0 | ... Q42: =Q13-Q23 -> 0 | S42: =S13-S23 -> 0 | T42: =T13-T23 -> 0 | U42: =U13-U23 -> 0 | V42: =V13-V23 -> 0 | W42: =W13-W23 -> 0 | Y42: =Y13-Y23 -> 0 | Z42: =Z13-Z23 -> 0 | AA42: =AA13-AA23 -> 0 | AB42: =AB13-AB23 -> 0 | AC42: =AC13-AC23 -> 0 | AD42: =AD13-AD23 -> 0 | AE42: =AE13-AE23 -> 0 | AF42: =AF13-AF23 -> 0 | ... AH42: =AH13-AH23 -> 0
A43: A side- EA | B43: =AVERAGE(B33:F37) -> 0 | C43: R | D43: =MAX(B33:F37)-MIN(B33:F37) -> 0 | E43: ER | F43: =B43/(0.975/E27) -> 0 | G43: A side- EA | H43: =AVERAGE(H33:Q37) -> 0 | I43: R | J43: =MAX(H33:Q37)-MIN(H33:Q37) -> 0 | K43: ER | L43: =H43/(0.975/K27) -> 0 | M43: % | N43: =1-(J43/2*H43) -> 1 | O43: T-R | P43: =MAX(H33:Q42)-MIN(H33:Q42) -> 0 | R43: A side- EA | S43: =AVERAGE(S33:W37) -> 0 | T43: R | U43: =MAX(S33:W37)-MIN(S33:W37) -> 0 | V43: ER | W43: =S43/(1.944/V27) -> 0 | X43: A side- EA | Y43: =AVERAGE(Y33:AH37) -> 0 | Z43: R | AA43: =MAX(Y33:AH37)-MIN(Y33:AH37) -> 0 | AB43: ER | AC43: =Y43/(2.268/AB27) -> 0 | AD43: % | AE43: =1-(AA43/2*Y43) -> 1 | AF43: T-R | AG43: =MAX(Y33:AH42)-MIN(Y33:AH42) -> 0
A44: B side- EA | B44: =AVERAGE(B39:F42) -> 0 | C44: R | D44: =MAX(B38:F42)-MIN(B38:F42) -> 0 | E44: ER | F44: =B44/(0.975/E27) -> 0 | G44: B side- EA | H44: =AVERAGE(H39:Q42) -> 0 | I44: R | J44: =MAX(H38:Q42)-MIN(H38:Q42) -> 0 | K44: ER | L44: =H44/(0.975/K27) -> 0 | M44: % | N44: =1-(J44/2*H44) -> 1 | O44: T-% | P44: =1-(P43/2*AVERAGE(H43:H44)) -> 1 | R44: B side- EA | S44: =AVERAGE(S39:W42) -> 0 | T44: R | U44: =MAX(S38:W42)-MIN(S38:W42) -> 0 | V44: ER | W44: =S44/(1.944/V27) -> 0 | X44: B side- EA | Y44: =AVERAGE(Y39:AH42) -> 0 | Z44: R | AA44: =MAX(Y38:AH42)-MIN(Y38:AH42) -> 0 | AB44: ER | AC44: =Y44/(2.268/AB27) -> 0 | AD44: % | AE44: =1-(AA44/2*Y44) -> 1 | AF44: T-% | AG44: =1-(AG43/2*AVERAGE(Y43:Y44)) -> 1
A46: PD-3-581-06B

Sheet 0821.
A1: PT咬蝕量量測記錄表 | G1: PT咬蝕量量測記錄表 | R1: QE咬蝕量量測記錄表 | X1: QE咬蝕量量測記錄表
A2: PT-01 | G2: PT-02 | R2: QE-01 | X2: QE-02
A3: OP | B3: 1 | C3: 2 | D3: 3 | E3: 4 | F3: 5 | G3: OP | H3: 1 | I3: 2 | J3: 3 | K3: 4 | L3: 5 | M3: 6 | N3: 7 | O3: 8 | P3: 9 | Q3: 10 | R3: OP | S3: 1 | T3: 2 | U3: 3 | V3: 4 | W3: 5 | X3: OP | Y3: 1 | Z3: 2 | AA3: 3 | AB3: 4 | AC3: 5 | AD3: 6 | AE3: 7 | AF3: 8 | AG3: 9 | AH3: 10
A4: BEFORE | G4: BEFORE | R4: BEFORE | X4: BEFORE
A14: AFTER | G14: AFTER | R14: AFTER | X14: AFTER
A25: 項次 | B25: 單位 | C25: 規格 | E25: 數值 | G25: 項次 | H25: 單位 | I25: 規格 | K25: 數值 | R25: 項次 | S25: 單位 | T25: 規格 | V25: 數值 | X25: 項次 | Y25: 單位 | Z25: 規格 | AB25: 數值
A26: 咬蝕量 | B26: um | C26: 0.3 | D26: ±0.1 | E26: =AVERAGE(B4:F13)-AVERAGE(B14:F23) -> #DIV/0! | G26: 咬蝕量 | H26: um | I26: 0.3 | J26: ±0.1 | K26: =AVERAGE(H4:Q13)-AVERAGE(H14:Q23) -> #DIV/0! | R26: 咬蝕量 | S26: um | T26: 1.07 | U26: ±0.21 | V26: =AVERAGE(S4:W13)-AVERAGE(S14:W23) -> #DIV/0! | X26: 咬蝕量 | Y26: um | Z26: 1.38 | AA26: ±0.23 | AB26: =AVERAGE(Y4:AH13)-AVERAGE(Y14:AH23) -> #DIV/0!
A27: 線速 | B27: M/min | C27: ="--" -> -- | E27: 1.7 | G27: 線速 | H27: M/min | I27: ="--" -> -- | K27: 1.5 | R27: 線速 | S27: M/min | T27: ="--" -> -- | V27: 1.4 | X27: 線速 | Y27: M/min | Z27: ="--" -> -- | AB27: 1.5
A28: 咬蝕速率 | B28: um/min | C28: 0.52±0.15 | E28: =(E26/(0.975/E27)) -> #DIV/0! | G28: 咬蝕速率 | H28: um/min | I28: 0.46±0.10 | K28: =(K26/(0.975/K27)) -> #DIV/0! | R28: 咬蝕速率 | S28: um/min | T28: 0.77±0.15 | V28: =(V26/(1.944/V27)) -> #DIV/0! | X28: 咬蝕速率 | Y28: um/min | Z28: 0.9±0.15 | AB28: =(AB26/(2.268/AB27)) -> #DIV/0!
A29: 生產速度(SPEED) | B29: M/min | C29: =0.972*E28/C26 -> #DIV/0! | E29: 以咬蝕量0.3um計算線速 | G29: 生產速度(SPEED) | H29: M/min | I29: =0.972*K28/I26 -> #DIV/0! | K29: 以咬蝕量0.3um計算線速 | R29: 生產速度(SPEED) | S29: M/min | T29: =1.944*V28/1.8 -> #DIV/0! | V29: 以咬蝕量1.8um計算線速 | X29: 生產速度(SPEED) | Y29: M/min | Z29: =2.268*AB28/1.5 -> #DIV/0! | AB29: 以咬蝕量1.5um計算線速
A30: 量測日期 | C30: =TODAY() -> 46251 | R30: 量測日期 | T30: =TODAY() -> 46251
A31: PT-01 | G31: PT-02 | R31: QE-01 | X31: QE-02
A32: 咬蝕量 | G32: 咬蝕量 | R32: 咬蝕量 | X32: 咬蝕量
A33: PT1+ | B33: =B4-B14 -> 0 | C33: =C4-C14 -> 0 | D33: =D4-D14 -> 0 | E33: =E4-E14 -> 0 | F33: =F4-F14 -> 0 | G33: PT2+ | H33: =H4-H14 -> 0 | I33: =I4-I14 -> 0 | J33: =J4-J14 -> 0 | K33: =K4-K14 -> 0 | L33: =L4-L14 -> 0 | M33: =M4-M14 -> 0 | N33: =N4-N14 -> 0 | O33: =O4-O14 -> 0 | ... Q33: =Q4-Q14 -> 0 | R33: PT1+ | S33: =S4-S14 -> 0 | T33: =T4-T14 -> 0 | U33: =U4-U14 -> 0 | V33: =V4-V14 -> 0 | W33: =W4-W14 -> 0 | X33: PT2+ | Y33: =Y4-Y14 -> 0 | Z33: =Z4-Z14 -> 0 | AA33: =AA4-AA14 -> 0 | AB33: =AB4-AB14 -> 0 | AC33: =AC4-AC14 -> 0 | AD33: =AD4-AD14 -> 0 | AE33: =AE4-AE14 -> 0 | AF33: =AF4-AF14 -> 0 | ... AH33: =AH4-AH14 -> 0
B34: =B5-B15 -> 0 | C34: =C5-C15 -> 0 | D34: =D5-D15 -> 0 | E34: =E5-E15 -> 0 | F34: =F5-F15 -> 0 | H34: =H5-H15 -> 0 | I34: =I5-I15 -> 0 | J34: =J5-J15 -> 0 | K34: =K5-K15 -> 0 | L34: =L5-L15 -> 0 | M34: =M5-M15 -> 0 | N34: =N5-N15 -> 0 | O34: =O5-O15 -> 0 | ... Q34: =Q5-Q15 -> 0 | S34: =S5-S15 -> 0 | T34: =T5-T15 -> 0 | U34: =U5-U15 -> 0 | V34: =V5-V15 -> 0 | W34: =W5-W15 -> 0 | Y34: =Y5-Y15 -> 0 | Z34: =Z5-Z15 -> 0 | AA34: =AA5-AA15 -> 0 | AB34: =AB5-AB15 -> 0 | AC34: =AC5-AC15 -> 0 | AD34: =AD5-AD15 -> 0 | AE34: =AE5-AE15 -> 0 | AF34: =AF5-AF15 -> 0 | ... AH34: =AH5-AH15 -> 0
B35: =B6-B16 -> 0 | C35: =C6-C16 -> 0 | D35: =D6-D16 -> 0 | E35: =E6-E16 -> 0 | F35: =F6-F16 -> 0 | H35: =H6-H16 -> 0 | I35: =I6-I16 -> 0 | J35: =J6-J16 -> 0 | K35: =K6-K16 -> 0 | L35: =L6-L16 -> 0 | M35: =M6-M16 -> 0 | N35: =N6-N16 -> 0 | O35: =O6-O16 -> 0 | ... Q35: =Q6-Q16 -> 0 | S35: =S6-S16 -> 0 | T35: =T6-T16 -> 0 | U35: =U6-U16 -> 0 | V35: =V6-V16 -> 0 | W35: =W6-W16 -> 0 | Y35: =Y6-Y16 -> 0 | Z35: =Z6-Z16 -> 0 | AA35: =AA6-AA16 -> 0 | AB35: =AB6-AB16 -> 0 | AC35: =AC6-AC16 -> 0 | AD35: =AD6-AD16 -> 0 | AE35: =AE6-AE16 -> 0 | AF35: =AF6-AF16 -> 0 | ... AH35: =AH6-AH16 -> 0
B36: =B7-B17 -> 0 | C36: =C7-C17 -> 0 | D36: =D7-D17 -> 0 | E36: =E7-E17 -> 0 | F36: =F7-F17 -> 0 | H36: =H7-H17 -> 0 | I36: =I7-I17 -> 0 | J36: =J7-J17 -> 0 | K36: =K7-K17 -> 0 | L36: =L7-L17 -> 0 | M36: =M7-M17 -> 0 | N36: =N7-N17 -> 0 | O36: =O7-O17 -> 0 | ... Q36: =Q7-Q17 -> 0 | S36: =S7-S17 -> 0 | T36: =T7-T17 -> 0 | U36: =U7-U17 -> 0 | V36: =V7-V17 -> 0 | W36: =W7-W17 -> 0 | Y36: =Y7-Y17 -> 0 | Z36: =Z7-Z17 -> 0 | AA36: =AA7-AA17 -> 0 | AB36: =AB7-AB17 -> 0 | AC36: =AC7-AC17 -> 0 | AD36: =AD7-AD17 -> 0 | AE36: =AE7-AE17 -> 0 | AF36: =AF7-AF17 -> 0 | ... AH36: =AH7-AH17 -> 0
B37: =B8-B18 -> 0 | C37: =C8-C18 -> 0 | D37: =D8-D18 -> 0 | E37: =E8-E18 -> 0 | F37: =F8-F18 -> 0 | H37: =H8-H18 -> 0 | I37: =I8-I18 -> 0 | J37: =J8-J18 -> 0 | K37: =K8-K18 -> 0 | L37: =L8-L18 -> 0 | M37: =M8-M18 -> 0 | N37: =N8-N18 -> 0 | O37: =O8-O18 -> 0 | ... Q37: =Q8-Q18 -> 0 | S37: =S8-S18 -> 0 | T37: =T8-T18 -> 0 | U37: =U8-U18 -> 0 | V37: =V8-V18 -> 0 | W37: =W8-W18 -> 0 | Y37: =Y8-Y18 -> 0 | Z37: =Z8-Z18 -> 0 | AA37: =AA8-AA18 -> 0 | AB37: =AB8-AB18 -> 0 | AC37: =AC8-AC18 -> 0 | AD37: =AD8-AD18 -> 0 | AE37: =AE8-AE18 -> 0 | AF37: =AF8-AF18 -> 0 | ... AH37: =AH8-AH18 -> 0
A38: PT1- | B38: =B9-B19 -> 0 | C38: =C9-C19 -> 0 | D38: =D9-D19 -> 0 | E38: =E9-E19 -> 0 | F38: =F9-F19 -> 0 | G38: PT2- | H38: =H9-H19 -> 0 | I38: =I9-I19 -> 0 | J38: =J9-J19 -> 0 | K38: =K9-K19 -> 0 | L38: =L9-L19 -> 0 | M38: =M9-M19 -> 0 | N38: =N9-N19 -> 0 | O38: =O9-O19 -> 0 | ... Q38: =Q9-Q19 -> 0 | R38: PT1- | S38: =S9-S19 -> 0 | T38: =T9-T19 -> 0 | U38: =U9-U19 -> 0 | V38: =V9-V19 -> 0 | W38: =W9-W19 -> 0 | X38: PT2- | Y38: =Y9-Y19 -> 0 | Z38: =Z9-Z19 -> 0 | AA38: =AA9-AA19 -> 0 | AB38: =AB9-AB19 -> 0 | AC38: =AC9-AC19 -> 0 | AD38: =AD9-AD19 -> 0 | AE38: =AE9-AE19 -> 0 | AF38: =AF9-AF19 -> 0 | ... AH38: =AH9-AH19 -> 0
B39: =B10-B20 -> 0 | C39: =C10-C20 -> 0 | D39: =D10-D20 -> 0 | E39: =E10-E20 -> 0 | F39: =F10-F20 -> 0 | H39: =H10-H20 -> 0 | I39: =I10-I20 -> 0 | J39: =J10-J20 -> 0 | K39: =K10-K20 -> 0 | L39: =L10-L20 -> 0 | M39: =M10-M20 -> 0 | N39: =N10-N20 -> 0 | O39: =O10-O20 -> 0 | ... Q39: =Q10-Q20 -> 0 | S39: =S10-S20 -> 0 | T39: =T10-T20 -> 0 | U39: =U10-U20 -> 0 | V39: =V10-V20 -> 0 | W39: =W10-W20 -> 0 | Y39: =Y10-Y20 -> 0 | Z39: =Z10-Z20 -> 0 | AA39: =AA10-AA20 -> 0 | AB39: =AB10-AB20 -> 0 | AC39: =AC10-AC20 -> 0 | AD39: =AD10-AD20 -> 0 | AE39: =AE10-AE20 -> 0 | AF39: =AF10-AF20 -> 0 | ... AH39: =AH10-AH20 -> 0
B40: =B11-B21 -> 0 | C40: =C11-C21 -> 0 | D40: =D11-D21 -> 0 | E40: =E11-E21 -> 0 | F40: =F11-F21 -> 0 | H40: =H11-H21 -> 0 | I40: =I11-I21 -> 0 | J40: =J11-J21 -> 0 | K40: =K11-K21 -> 0 | L40: =L11-L21 -> 0 | M40: =M11-M21 -> 0 | N40: =N11-N21 -> 0 | O40: =O11-O21 -> 0 | ... Q40: =Q11-Q21 -> 0 | S40: =S11-S21 -> 0 | T40: =T11-T21 -> 0 | U40: =U11-U21 -> 0 | V40: =V11-V21 -> 0 | W40: =W11-W21 -> 0 | Y40: =Y11-Y21 -> 0 | Z40: =Z11-Z21 -> 0 | AA40: =AA11-AA21 -> 0 | AB40: =AB11-AB21 -> 0 | AC40: =AC11-AC21 -> 0 | AD40: =AD11-AD21 -> 0 | AE40: =AE11-AE21 -> 0 | AF40: =AF11-AF21 -> 0 | ... AH40: =AH11-AH21 -> 0
B41: =B12-B22 -> 0 | C41: =C12-C22 -> 0 | D41: =D12-D22 -> 0 | E41: =E12-E22 -> 0 | F41: =F12-F22 -> 0 | H41: =H12-H22 -> 0 | I41: =I12-I22 -> 0 | J41: =J12-J22 -> 0 | K41: =K12-K22 -> 0 | L41: =L12-L22 -> 0 | M41: =M12-M22 -> 0 | N41: =N12-N22 -> 0 | O41: =O12-O22 -> 0 | ... Q41: =Q12-Q22 -> 0 | S41: =S12-S22 -> 0 | T41: =T12-T22 -> 0 | U41: =U12-U22 -> 0 | V41: =V12-V22 -> 0 | W41: =W12-W22 -> 0 | Y41: =Y12-Y22 -> 0 | Z41: =Z12-Z22 -> 0 | AA41: =AA12-AA22 -> 0 | AB41: =AB12-AB22 -> 0 | AC41: =AC12-AC22 -> 0 | AD41: =AD12-AD22 -> 0 | AE41: =AE12-AE22 -> 0 | AF41: =AF12-AF22 -> 0 | ... AH41: =AH12-AH22 -> 0
B42: =B13-B23 -> 0 | C42: =C13-C23 -> 0 | D42: =D13-D23 -> 0 | E42: =E13-E23 -> 0 | F42: =F13-F23 -> 0 | H42: =H13-H23 -> 0 | I42: =I13-I23 -> 0 | J42: =J13-J23 -> 0 | K42: =K13-K23 -> 0 | L42: =L13-L23 -> 0 | M42: =M13-M23 -> 0 | N42: =N13-N23 -> 0 | O42: =O13-O23 -> 0 | ... Q42: =Q13-Q23 -> 0 | S42: =S13-S23 -> 0 | T42: =T13-T23 -> 0 | U42: =U13-U23 -> 0 | V42: =V13-V23 -> 0 | W42: =W13-W23 -> 0 | Y42: =Y13-Y23 -> 0 | Z42: =Z13-Z23 -> 0 | AA42: =AA13-AA23 -> 0 | AB42: =AB13-AB23 -> 0 | AC42: =AC13-AC23 -> 0 | AD42: =AD13-AD23 -> 0 | AE42: =AE13-AE23 -> 0 | AF42: =AF13-AF23 -> 0 | ... AH42: =AH13-AH23 -> 0
A43: A side- EA | B43: =AVERAGE(B33:F37) -> 0 | C43: R | D43: =MAX(B33:F37)-MIN(B33:F37) -> 0 | E43: ER | F43: =B43/(0.975/E27) -> 0 | G43: A side- EA | H43: =AVERAGE(H33:Q37) -> 0 | I43: R | J43: =MAX(H33:Q37)-MIN(H33:Q37) -> 0 | K43: ER | L43: =H43/(0.975/K27) -> 0 | M43: % | N43: =1-(J43/2*H43) -> 1 | O43: T-R | P43: =MAX(H33:Q42)-MIN(H33:Q42) -> 0 | R43: A side- EA | S43: =AVERAGE(S33:W37) -> 0 | T43: R | U43: =MAX(S33:W37)-MIN(S33:W37) -> 0 | V43: ER | W43: =S43/(1.944/V27) -> 0 | X43: A side- EA | Y43: =AVERAGE(Y33:AH37) -> 0 | Z43: R | AA43: =MAX(Y33:AH37)-MIN(Y33:AH37) -> 0 | AB43: ER | AC43: =Y43/(2.268/AB27) -> 0 | AD43: % | AE43: =1-(AA43/2*Y43) -> 1 | AF43: T-R | AG43: =MAX(Y33:AH42)-MIN(Y33:AH42) -> 0
A44: B side- EA | B44: =AVERAGE(B39:F42) -> 0 | C44: R | D44: =MAX(B38:F42)-MIN(B38:F42) -> 0 | E44: ER | F44: =B44/(0.975/E27) -> 0 | G44: B side- EA | H44: =AVERAGE(H39:Q42) -> 0 | I44: R | J44: =MAX(H38:Q42)-MIN(H38:Q42) -> 0 | K44: ER | L44: =H44/(0.975/K27) -> 0 | M44: % | N44: =1-(J44/2*H44) -> 1 | O44: T-% | P44: =1-(P43/2*AVERAGE(H43:H44)) -> 1 | R44: B side- EA | S44: =AVERAGE(S39:W42) -> 0 | T44: R | U44: =MAX(S38:W42)-MIN(S38:W42) -> 0 | V44: ER | W44: =S44/(1.944/V27) -> 0 | X44: B side- EA | Y44: =AVERAGE(Y39:AH42) -> 0 | Z44: R | AA44: =MAX(Y38:AH42)-MIN(Y38:AH42) -> 0 | AB44: ER | AC44: =Y44/(2.268/AB27) -> 0 | AD44: % | AE44: =1-(AA44/2*Y44) -> 1 | AF44: T-% | AG44: =1-(AG43/2*AVERAGE(Y43:Y44)) -> 1
A46: PD-3-581-06B

Sheet 0820.
A1: PT咬蝕量量測記錄表 | G1: PT咬蝕量量測記錄表 | R1: QE咬蝕量量測記錄表 | X1: QE咬蝕量量測記錄表
A2: PT-01 | G2: PT-02 | R2: QE-01 | X2: QE-02
A3: OP | B3: 1 | C3: 2 | D3: 3 | E3: 4 | F3: 5 | G3: OP | H3: 1 | I3: 2 | J3: 3 | K3: 4 | L3: 5 | M3: 6 | N3: 7 | O3: 8 | P3: 9 | Q3: 10 | R3: OP | S3: 1 | T3: 2 | U3: 3 | V3: 4 | W3: 5 | X3: OP | Y3: 1 | Z3: 2 | AA3: 3 | AB3: 4 | AC3: 5 | AD3: 6 | AE3: 7 | AF3: 8 | AG3: 9 | AH3: 10
A4: BEFORE | G4: BEFORE | R4: BEFORE | X4: BEFORE
A14: AFTER | G14: AFTER | R14: AFTER | X14: AFTER
A25: 項次 | B25: 單位 | C25: 規格 | E25: 數值 | G25: 項次 | H25: 單位 | I25: 規格 | K25: 數值 | R25: 項次 | S25: 單位 | T25: 規格 | V25: 數值 | X25: 項次 | Y25: 單位 | Z25: 規格 | AB25: 數值
A26: 咬蝕量 | B26: um | C26: 0.3 | D26: ±0.1 | E26: =AVERAGE(B4:F13)-AVERAGE(B14:F23) -> #DIV/0! | G26: 咬蝕量 | H26: um | I26: 0.3 | J26: ±0.1 | K26: =AVERAGE(H4:Q13)-AVERAGE(H14:Q23) -> #DIV/0! | R26: 咬蝕量 | S26: um | T26: 1.07 | U26: ±0.21 | V26: =AVERAGE(S4:W13)-AVERAGE(S14:W23) -> #DIV/0! | X26: 咬蝕量 | Y26: um | Z26: 1.38 | AA26: ±0.23 | AB26: =AVERAGE(Y4:AH13)-AVERAGE(Y14:AH23) -> #DIV/0!
A27: 線速 | B27: M/min | C27: ="--" -> -- | E27: 1.7 | G27: 線速 | H27: M/min | I27: ="--" -> -- | K27: 1.5 | R27: 線速 | S27: M/min | T27: ="--" -> -- | V27: 1.4 | X27: 線速 | Y27: M/min | Z27: ="--" -> -- | AB27: 1.5
A28: 咬蝕速率 | B28: um/min | C28: 0.52±0.15 | E28: =(E26/(0.975/E27)) -> #DIV/0! | G28: 咬蝕速率 | H28: um/min | I28: 0.46±0.10 | K28: =(K26/(0.975/K27)) -> #DIV/0! | R28: 咬蝕速率 | S28: um/min | T28: 0.77±0.15 | V28: =(V26/(1.944/V27)) -> #DIV/0! | X28: 咬蝕速率 | Y28: um/min | Z28: 0.9±0.15 | AB28: =(AB26/(2.268/AB27)) -> #DIV/0!
A29: 生產速度(SPEED) | B29: M/min | C29: =0.972*E28/C26 -> #DIV/0! | E29: 以咬蝕量0.3um計算線速 | G29: 生產速度(SPEED) | H29: M/min | I29: =0.972*K28/I26 -> #DIV/0! | K29: 以咬蝕量0.3um計算線速 | R29: 生產速度(SPEED) | S29: M/min | T29: =1.944*V28/1.8 -> #DIV/0! | V29: 以咬蝕量1.8um計算線速 | X29: 生產速度(SPEED) | Y29: M/min | Z29: =2.268*AB28/1.5 -> #DIV/0! | AB29: 以咬蝕量1.5um計算線速
A30: 量測日期 | C30: =TODAY() -> 46251 | R30: 量測日期 | T30: =TODAY() -> 46251
A31: PT-01 | G31: PT-02 | R31: QE-01 | X31: QE-02
A32: 咬蝕量 | G32: 咬蝕量 | R32: 咬蝕量 | X32: 咬蝕量
A33: PT1+ | B33: =B4-B14 -> 0 | C33: =C4-C14 -> 0 | D33: =D4-D14 -> 0 | E33: =E4-E14 -> 0 | F33: =F4-F14 -> 0 | G33: PT2+ | H33: =H4-H14 -> 0 | I33: =I4-I14 -> 0 | J33: =J4-J14 -> 0 | K33: =K4-K14 -> 0 | L33: =L4-L14 -> 0 | M33: =M4-M14 -> 0 | N33: =N4-N14 -> 0 | O33: =O4-O14 -> 0 | ... Q33: =Q4-Q14 -> 0 | R33: PT1+ | S33: =S4-S14 -> 0 | T33: =T4-T14 -> 0 | U33: =U4-U14 -> 0 | V33: =V4-V14 -> 0 | W33: =W4-W14 -> 0 | X33: PT2+ | Y33: =Y4-Y14 -> 0 | Z33: =Z4-Z14 -> 0 | AA33: =AA4-AA14 -> 0 | AB33: =AB4-AB14 -> 0 | AC33: =AC4-AC14 -> 0 | AD33: =AD4-AD14 -> 0 | AE33: =AE4-AE14 -> 0 | AF33: =AF4-AF14 -> 0 | ... AH33: =AH4-AH14 -> 0
B34: =B5-B15 -> 0 | C34: =C5-C15 -> 0 | D34: =D5-D15 -> 0 | E34: =E5-E15 -> 0 | F34: =F5-F15 -> 0 | H34: =H5-H15 -> 0 | I34: =I5-I15 -> 0 | J34: =J5-J15 -> 0 | K34: =K5-K15 -> 0 | L34: =L5-L15 -> 0 | M34: =M5-M15 -> 0 | N34: =N5-N15 -> 0 | O34: =O5-O15 -> 0 | ... Q34: =Q5-Q15 -> 0 | S34: =S5-S15 -> 0 | T34: =T5-T15 -> 0 | U34: =U5-U15 -> 0 | V34: =V5-V15 -> 0 | W34: =W5-W15 -> 0 | Y34: =Y5-Y15 -> 0 | Z34: =Z5-Z15 -> 0 | AA34: =AA5-AA15 -> 0 | AB34: =AB5-AB15 -> 0 | AC34: =AC5-AC15 -> 0 | AD34: =AD5-AD15 -> 0 | AE34: =AE5-AE15 -> 0 | AF34: =AF5-AF15 -> 0 | ... AH34: =AH5-AH15 -> 0
B35: =B6-B16 -> 0 | C35: =C6-C16 -> 0 | D35: =D6-D16 -> 0 | E35: =E6-E16 -> 0 | F35: =F6-F16 -> 0 | H35: =H6-H16 -> 0 | I35: =I6-I16 -> 0 | J35: =J6-J16 -> 0 | K35: =K6-K16 -> 0 | L35: =L6-L16 -> 0 | M35: =M6-M16 -> 0 | N35: =N6-N16 -> 0 | O35: =O6-O16 -> 0 | ... Q35: =Q6-Q16 -> 0 | S35: =S6-S16 -> 0 | T35: =T6-T16 -> 0 | U35: =U6-U16 -> 0 | V35: =V6-V16 -> 0 | W35: =W6-W16 -> 0 | Y35: =Y6-Y16 -> 0 | Z35: =Z6-Z16 -> 0 | AA35: =AA6-AA16 -> 0 | AB35: =AB6-AB16 -> 0 | AC35: =AC6-AC16 -> 0 | AD35: =AD6-AD16 -> 0 | AE35: =AE6-AE16 -> 0 | AF35: =AF6-AF16 -> 0 | ... AH35: =AH6-AH16 -> 0
B36: =B7-B17 -> 0 | C36: =C7-C17 -> 0 | D36: =D7-D17 -> 0 | E36: =E7-E17 -> 0 | F36: =F7-F17 -> 0 | H36: =H7-H17 -> 0 | I36: =I7-I17 -> 0 | J36: =J7-J17 -> 0 | K36: =K7-K17 -> 0 | L36: =L7-L17 -> 0 | M36: =M7-M17 -> 0 | N36: =N7-N17 -> 0 | O36: =O7-O17 -> 0 | ... Q36: =Q7-Q17 -> 0 | S36: =S7-S17 -> 0 | T36: =T7-T17 -> 0 | U36: =U7-U17 -> 0 | V36: =V7-V17 -> 0 | W36: =W7-W17 -> 0 | Y36: =Y7-Y17 -> 0 | Z36: =Z7-Z17 -> 0 | AA36: =AA7-AA17 -> 0 | AB36: =AB7-AB17 -> 0 | AC36: =AC7-AC17 -> 0 | AD36: =AD7-AD17 -> 0 | AE36: =AE7-AE17 -> 0 | AF36: =AF7-AF17 -> 0 | ... AH36: =AH7-AH17 -> 0
B37: =B8-B18 -> 0 | C37: =C8-C18 -> 0 | D37: =D8-D18 -> 0 | E37: =E8-E18 -> 0 | F37: =F8-F18 -> 0 | H37: =H8-H18 -> 0 | I37: =I8-I18 -> 0 | J37: =J8-J18 -> 0 | K37: =K8-K18 -> 0 | L37: =L8-L18 -> 0 | M37: =M8-M18 -> 0 | N37: =N8-N18 -> 0 | O37: =O8-O18 -> 0 | ... Q37: =Q8-Q18 -> 0 | S37: =S8-S18 -> 0 | T37: =T8-T18 -> 0 | U37: =U8-U18 -> 0 | V37: =V8-V18 -> 0 | W37: =W8-W18 -> 0 | Y37: =Y8-Y18 -> 0 | Z37: =Z8-Z18 -> 0 | AA37: =AA8-AA18 -> 0 | AB37: =AB8-AB18 -> 0 | AC37: =AC8-AC18 -> 0 | AD37: =AD8-AD18 -> 0 | AE37: =AE8-AE18 -> 0 | AF37: =AF8-AF18 -> 0 | ... AH37: =AH8-AH18 -> 0
A38: PT1- | B38: =B9-B19 -> 0 | C38: =C9-C19 -> 0 | D38: =D9-D19 -> 0 | E38: =E9-E19 -> 0 | F38: =F9-F19 -> 0 | G38: PT2- | H38: =H9-H19 -> 0 | I38: =I9-I19 -> 0 | J38: =J9-J19 -> 0 | K38: =K9-K19 -> 0 | L38: =L9-L19 -> 0 | M38: =M9-M19 -> 0 | N38: =N9-N19 -> 0 | O38: =O9-O19 -> 0 | ... Q38: =Q9-Q19 -> 0 | R38: PT1- | S38: =S9-S19 -> 0 | T38: =T9-T19 -> 0 | U38: =U9-U19 -> 0 | V38: =V9-V19 -> 0 | W38: =W9-W19 -> 0 | X38: PT2- | Y38: =Y9-Y19 -> 0 | Z38: =Z9-Z19 -> 0 | AA38: =AA9-AA19 -> 0 | AB38: =AB9-AB19 -> 0 | AC38: =AC9-AC19 -> 0 | AD38: =AD9-AD19 -> 0 | AE38: =AE9-AE19 -> 0 | AF38: =AF9-AF19 -> 0 | ... AH38: =AH9-AH19 -> 0
B39: =B10-B20 -> 0 | C39: =C10-C20 -> 0 | D39: =D10-D20 -> 0 | E39: =E10-E20 -> 0 | F39: =F10-F20 -> 0 | H39: =H10-H20 -> 0 | I39: =I10-I20 -> 0 | J39: =J10-J20 -> 0 | K39: =K10-K20 -> 0 | L39: =L10-L20 -> 0 | M39: =M10-M20 -> 0 | N39: =N10-N20 -> 0 | O39: =O10-O20 -> 0 | ... Q39: =Q10-Q20 -> 0 | S39: =S10-S20 -> 0 | T39: =T10-T20 -> 0 | U39: =U10-U20 -> 0 | V39: =V10-V20 -> 0 | W39: =W10-W20 -> 0 | Y39: =Y10-Y20 -> 0 | Z39: =Z10-Z20 -> 0 | AA39: =AA10-AA20 -> 0 | AB39: =AB10-AB20 -> 0 | AC39: =AC10-AC20 -> 0 | AD39: =AD10-AD20 -> 0 | AE39: =AE10-AE20 -> 0 | AF39: =AF10-AF20 -> 0 | ... AH39: =AH10-AH20 -> 0
B40: =B11-B21 -> 0 | C40: =C11-C21 -> 0 | D40: =D11-D21 -> 0 | E40: =E11-E21 -> 0 | F40: =F11-F21 -> 0 | H40: =H11-H21 -> 0 | I40: =I11-I21 -> 0 | J40: =J11-J21 -> 0 | K40: =K11-K21 -> 0 | L40: =L11-L21 -> 0 | M40: =M11-M21 -> 0 | N40: =N11-N21 -> 0 | O40: =O11-O21 -> 0 | ... Q40: =Q11-Q21 -> 0 | S40: =S11-S21 -> 0 | T40: =T11-T21 -> 0 | U40: =U11-U21 -> 0 | V40: =V11-V21 -> 0 | W40: =W11-W21 -> 0 | Y40: =Y11-Y21 -> 0 | Z40: =Z11-Z21 -> 0 | AA40: =AA11-AA21 -> 0 | AB40: =AB11-AB21 -> 0 | AC40: =AC11-AC21 -> 0 | AD40: =AD11-AD21 -> 0 | AE40: =AE11-AE21 -> 0 | AF40: =AF11-AF21 -> 0 | ... AH40: =AH11-AH21 -> 0
B41: =B12-B22 -> 0 | C41: =C12-C22 -> 0 | D41: =D12-D22 -> 0 | E41: =E12-E22 -> 0 | F41: =F12-F22 -> 0 | H41: =H12-H22 -> 0 | I41: =I12-I22 -> 0 | J41: =J12-J22 -> 0 | K41: =K12-K22 -> 0 | L41: =L12-L22 -> 0 | M41: =M12-M22 -> 0 | N41: =N12-N22 -> 0 | O41: =O12-O22 -> 0 | ... Q41: =Q12-Q22 -> 0 | S41: =S12-S22 -> 0 | T41: =T12-T22 -> 0 | U41: =U12-U22 -> 0 | V41: =V12-V22 -> 0 | W41: =W12-W22 -> 0 | Y41: =Y12-Y22 -> 0 | Z41: =Z12-Z22 -> 0 | AA41: =AA12-AA22 -> 0 | AB41: =AB12-AB22 -> 0 | AC41: =AC12-AC22 -> 0 | AD41: =AD12-AD22 -> 0 | AE41: =AE12-AE22 -> 0 | AF41: =AF12-AF22 -> 0 | ... AH41: =AH12-AH22 -> 0
B42: =B13-B23 -> 0 | C42: =C13-C23 -> 0 | D42: =D13-D23 -> 0 | E42: =E13-E23 -> 0 | F42: =F13-F23 -> 0 | H42: =H13-H23 -> 0 | I42: =I13-I23 -> 0 | J42: =J13-J23 -> 0 | K42: =K13-K23 -> 0 | L42: =L13-L23 -> 0 | M42: =M13-M23 -> 0 | N42: =N13-N23 -> 0 | O42: =O13-O23 -> 0 | ... Q42: =Q13-Q23 -> 0 | S42: =S13-S23 -> 0 | T42: =T13-T23 -> 0 | U42: =U13-U23 -> 0 | V42: =V13-V23 -> 0 | W42: =W13-W23 -> 0 | Y42: =Y13-Y23 -> 0 | Z42: =Z13-Z23 -> 0 | AA42: =AA13-AA23 -> 0 | AB42: =AB13-AB23 -> 0 | AC42: =AC13-AC23 -> 0 | AD42: =AD13-AD23 -> 0 | AE42: =AE13-AE23 -> 0 | AF42: =AF13-AF23 -> 0 | ... AH42: =AH13-AH23 -> 0
A43: A side- EA | B43: =AVERAGE(B33:F37) -> 0 | C43: R | D43: =MAX(B33:F37)-MIN(B33:F37) -> 0 | E43: ER | F43: =B43/(0.975/E27) -> 0 | G43: A side- EA | H43: =AVERAGE(H33:Q37) -> 0 | I43: R | J43: =MAX(H33:Q37)-MIN(H33:Q37) -> 0 | K43: ER | L43: =H43/(0.975/K27) -> 0 | M43: % | N43: =1-(J43/2*H43) -> 1 | O43: T-R | P43: =MAX(H33:Q42)-MIN(H33:Q42) -> 0 | R43: A side- EA | S43: =AVERAGE(S33:W37) -> 0 | T43: R | U43: =MAX(S33:W37)-MIN(S33:W37) -> 0 | V43: ER | W43: =S43/(1.944/V27) -> 0 | X43: A side- EA | Y43: =AVERAGE(Y33:AH37) -> 0 | Z43: R | AA43: =MAX(Y33:AH37)-MIN(Y33:AH37) -> 0 | AB43: ER | AC43: =Y43/(2.268/AB27) -> 0 | AD43: % | AE43: =1-(AA43/2*Y43) -> 1 | AF43: T-R | AG43: =MAX(Y33:AH42)-MIN(Y33:AH42) -> 0
A44: B side- EA | B44: =AVERAGE(B39:F42) -> 0 | C44: R | D44: =MAX(B38:F42)-MIN(B38:F42) -> 0 | E44: ER | F44: =B44/(0.975/E27) -> 0 | G44: B side- EA | H44: =AVERAGE(H39:Q42) -> 0 | I44: R | J44: =MAX(H38:Q42)-MIN(H38:Q42) -> 0 | K44: ER | L44: =H44/(0.975/K27) -> 0 | M44: % | N44: =1-(J44/2*H44) -> 1 | O44: T-% | P44: =1-(P43/2*AVERAGE(H43:H44)) -> 1 | R44: B side- EA | S44: =AVERAGE(S39:W42) -> 0 | T44: R | U44: =MAX(S38:W42)-MIN(S38:W42) -> 0 | V44: ER | W44: =S44/(1.944/V27) -> 0 | X44: B side- EA | Y44: =AVERAGE(Y39:AH42) -> 0 | Z44: R | AA44: =MAX(Y38:AH42)-MIN(Y38:AH42) -> 0 | AB44: ER | AC44: =Y44/(2.268/AB27) -> 0 | AD44: % | AE44: =1-(AA44/2*Y44) -> 1 | AF44: T-% | AG44: =1-(AG43/2*AVERAGE(Y43:Y44)) -> 1
A46: PD-3-581-06B

Sheet 0819.
A1: PT咬蝕量量測記錄表 | G1: PT咬蝕量量測記錄表 | R1: QE咬蝕量量測記錄表 | X1: QE咬蝕量量測記錄表
A2: PT-01 | G2: PT-02 | R2: QE-01 | X2: QE-02
A3: OP | B3: 1 | C3: 2 | D3: 3 | E3: 4 | F3: 5 | G3: OP | H3: 1 | I3: 2 | J3: 3 | K3: 4 | L3: 5 | M3: 6 | N3: 7 | O3: 8 | P3: 9 | Q3: 10 | R3: OP | S3: 1 | T3: 2 | U3: 3 | V3: 4 | W3: 5 | X3: OP | Y3: 1 | Z3: 2 | AA3: 3 | AB3: 4 | AC3: 5 | AD3: 6 | AE3: 7 | AF3: 8 | AG3: 9 | AH3: 10
A4: BEFORE | G4: BEFORE | R4: BEFORE | X4: BEFORE
A14: AFTER | G14: AFTER | R14: AFTER | X14: AFTER
A25: 項次 | B25: 單位 | C25: 規格 | E25: 數值 | G25: 項次 | H25: 單位 | I25: 規格 | K25: 數值 | R25: 項次 | S25: 單位 | T25: 規格 | V25: 數值 | X25: 項次 | Y25: 單位 | Z25: 規格 | AB25: 數值
A26: 咬蝕量 | B26: um | C26: 0.3 | D26: ±0.1 | E26: =AVERAGE(B4:F13)-AVERAGE(B14:F23) -> #DIV/0! | G26: 咬蝕量 | H26: um | I26: 0.3 | J26: ±0.1 | K26: =AVERAGE(H4:Q13)-AVERAGE(H14:Q23) -> #DIV/0! | R26: 咬蝕量 | S26: um | T26: 1.07 | U26: ±0.21 | V26: =AVERAGE(S4:W13)-AVERAGE(S14:W23) -> #DIV/0! | X26: 咬蝕量 | Y26: um | Z26: 1.38 | AA26: ±0.23 | AB26: =AVERAGE(Y4:AH13)-AVERAGE(Y14:AH23) -> #DIV/0!
A27: 線速 | B27: M/min | C27: ="--" -> -- | E27: 1.7 | G27: 線速 | H27: M/min | I27: ="--" -> -- | K27: 1.5 | R27: 線速 | S27: M/min | T27: ="--" -> -- | V27: 1.4 | X27: 線速 | Y27: M/min | Z27: ="--" -> -- | AB27: 1.5
A28: 咬蝕速率 | B28: um/min | C28: 0.52±0.15 | E28: =(E26/(0.975/E27)) -> #DIV/0! | G28: 咬蝕速率 | H28: um/min | I28: 0.46±0.10 | K28: =(K26/(0.975/K27)) -> #DIV/0! | R28: 咬蝕速率 | S28: um/min | T28: 0.77±0.15 | V28: =(V26/(1.944/V27)) -> #DIV/0! | X28: 咬蝕速率 | Y28: um/min | Z28: 0.9±0.15 | AB28: =(AB26/(2.268/AB27)) -> #DIV/0!
A29: 生產速度(SPEED) | B29: M/min | C29: =0.972*E28/C26 -> #DIV/0! | E29: 以咬蝕量0.3um計算線速 | G29: 生產速度(SPEED) | H29: M/min | I29: =0.972*K28/I26 -> #DIV/0! | K29: 以咬蝕量0.3um計算線速 | R29: 生產速度(SPEED) | S29: M/min | T29: =1.944*V28/1.8 -> #DIV/0! | V29: 以咬蝕量1.8um計算線速 | X29: 生產速度(SPEED) | Y29: M/min | Z29: =2.268*AB28/1.5 -> #DIV/0! | AB29: 以咬蝕量1.5um計算線速
A30: 量測日期 | C30: =TODAY() -> 46251 | R30: 量測日期 | T30: =TODAY() -> 46251
A31: PT-01 | G31: PT-02 | R31: QE-01 | X31: QE-02
A32: 咬蝕量 | G32: 咬蝕量 | R32: 咬蝕量 | X32: 咬蝕量
A33: PT1+ | B33: =B4-B14 -> 0 | C33: =C4-C14 -> 0 | D33: =D4-D14 -> 0 | E33: =E4-E14 -> 0 | F33: =F4-F14 -> 0 | G33: PT2+ | H33: =H4-H14 -> 0 | I33: =I4-I14 -> 0 | J33: =J4-J14 -> 0 | K33: =K4-K14 -> 0 | L33: =L4-L14 -> 0 | M33: =M4-M14 -> 0 | N33: =N4-N14 -> 0 | O33: =O4-O14 -> 0 | ... Q33: =Q4-Q14 -> 0 | R33: PT1+ | S33: =S4-S14 -> 0 | T33: =T4-T14 -> 0 | U33: =U4-U14 -> 0 | V33: =V4-V14 -> 0 | W33: =W4-W14 -> 0 | X33: PT2+ | Y33: =Y4-Y14 -> 0 | Z33: =Z4-Z14 -> 0 | AA33: =AA4-AA14 -> 0 | AB33: =AB4-AB14 -> 0 | AC33: =AC4-AC14 -> 0 | AD33: =AD4-AD14 -> 0 | AE33: =AE4-AE14 -> 0 | AF33: =AF4-AF14 -> 0 | ... AH33: =AH4-AH14 -> 0
B34: =B5-B15 -> 0 | C34: =C5-C15 -> 0 | D34: =D5-D15 -> 0 | E34: =E5-E15 -> 0 | F34: =F5-F15 -> 0 | H34: =H5-H15 -> 0 | I34: =I5-I15 -> 0 | J34: =J5-J15 -> 0 | K34: =K5-K15 -> 0 | L34: =L5-L15 -> 0 | M34: =M5-M15 -> 0 | N34: =N5-N15 -> 0 | O34: =O5-O15 -> 0 | ... Q34: =Q5-Q15 -> 0 | S34: =S5-S15 -> 0 | T34: =T5-T15 -> 0 | U34: =U5-U15 -> 0 | V34: =V5-V15 -> 0 | W34: =W5-W15 -> 0 | Y34: =Y5-Y15 -> 0 | Z34: =Z5-Z15 -> 0 | AA34: =AA5-AA15 -> 0 | AB34: =AB5-AB15 -> 0 | AC34: =AC5-AC15 -> 0 | AD34: =AD5-AD15 -> 0 | AE34: =AE5-AE15 -> 0 | AF34: =AF5-AF15 -> 0 | ... AH34: =AH5-AH15 -> 0
B35: =B6-B16 -> 0 | C35: =C6-C16 -> 0 | D35: =D6-D16 -> 0 | E35: =E6-E16 -> 0 | F35: =F6-F16 -> 0 | H35: =H6-H16 -> 0 | I35: =I6-I16 -> 0 | J35: =J6-J16 -> 0 | K35: =K6-K16 -> 0 | L35: =L6-L16 -> 0 | M35: =M6-M16 -> 0 | N35: =N6-N16 -> 0 | O35: =O6-O16 -> 0 | ... Q35: =Q6-Q16 -> 0 | S35: =S6-S16 -> 0 | T35: =T6-T16 -> 0 | U35: =U6-U16 -> 0 | V35: =V6-V16 -> 0 | W35: =W6-W16 -> 0 | Y35: =Y6-Y16 -> 0 | Z35: =Z6-Z16 -> 0 | AA35: =AA6-AA16 -> 0 | AB35: =AB6-AB16 -> 0 | AC35: =AC6-AC16 -> 0 | AD35: =AD6-AD16 -> 0 | AE35: =AE6-AE16 -> 0 | AF35: =AF6-AF16 -> 0 | ... AH35: =AH6-AH16 -> 0
B36: =B7-B17 -> 0 | C36: =C7-C17 -> 0 | D36: =D7-D17 -> 0 | E36: =E7-E17 -> 0 | F36: =F7-F17 -> 0 | H36: =H7-H17 -> 0 | I36: =I7-I17 -> 0 | J36: =J7-J17 -> 0 | K36: =K7-K17 -> 0 | L36: =L7-L17 -> 0 | M36: =M7-M17 -> 0 | N36: =N7-N17 -> 0 | O36: =O7-O17 -> 0 | ... Q36: =Q7-Q17 -> 0 | S36: =S7-S17 -> 0 | T36: =T7-T17 -> 0 | U36: =U7-U17 -> 0 | V36: =V7-V17 -> 0 | W36: =W7-W17 -> 0 | Y36: =Y7-Y17 -> 0 | Z36: =Z7-Z17 -> 0 | AA36: =AA7-AA17 -> 0 | AB36: =AB7-AB17 -> 0 | AC36: =AC7-AC17 -> 0 | AD36: =AD7-AD17 -> 0 | AE36: =AE7-AE17 -> 0 | AF36: =AF7-AF17 -> 0 | ... AH36: =AH7-AH17 -> 0
B37: =B8-B18 -> 0 | C37: =C8-C18 -> 0 | D37: =D8-D18 -> 0 | E37: =E8-E18 -> 0 | F37: =F8-F18 -> 0 | H37: =H8-H18 -> 0 | I37: =I8-I18 -> 0 | J37: =J8-J18 -> 0 | K37: =K8-K18 -> 0 | L37: =L8-L18 -> 0 | M37: =M8-M18 -> 0 | N37: =N8-N18 -> 0 | O37: =O8-O18 -> 0 | ... Q37: =Q8-Q18 -> 0 | S37: =S8-S18 -> 0 | T37: =T8-T18 -> 0 | U37: =U8-U18 -> 0 | V37: =V8-V18 -> 0 | W37: =W8-W18 -> 0 | Y37: =Y8-Y18 -> 0 | Z37: =Z8-Z18 -> 0 | AA37: =AA8-AA18 -> 0 | AB37: =AB8-AB18 -> 0 | AC37: =AC8-AC18 -> 0 | AD37: =AD8-AD18 -> 0 | AE37: =AE8-AE18 -> 0 | AF37: =AF8-AF18 -> 0 | ... AH37: =AH8-AH18 -> 0
A38: PT1- | B38: =B9-B19 -> 0 | C38: =C9-C19 -> 0 | D38: =D9-D19 -> 0 | E38: =E9-E19 -> 0 | F38: =F9-F19 -> 0 | G38: PT2- | H38: =H9-H19 -> 0 | I38: =I9-I19 -> 0 | J38: =J9-J19 -> 0 | K38: =K9-K19 -> 0 | L38: =L9-L19 -> 0 | M38: =M9-M19 -> 0 | N38: =N9-N19 -> 0 | O38: =O9-O19 -> 0 | ... Q38: =Q9-Q19 -> 0 | R38: PT1- | S38: =S9-S19 -> 0 | T38: =T9-T19 -> 0 | U38: =U9-U19 -> 0 | V38: =V9-V19 -> 0 | W38: =W9-W19 -> 0 | X38: PT2- | Y38: =Y9-Y19 -> 0 | Z38: =Z9-Z19 -> 0 | AA38: =AA9-AA19 -> 0 | AB38: =AB9-AB19 -> 0 | AC38: =AC9-AC19 -> 0 | AD38: =AD9-AD19 -> 0 | AE38: =AE9-AE19 -> 0 | AF38: =AF9-AF19 -> 0 | ... AH38: =AH9-AH19 -> 0
B39: =B10-B20 -> 0 | C39: =C10-C20 -> 0 | D39: =D10-D20 -> 0 | E39: =E10-E20 -> 0 | F39: =F10-F20 -> 0 | H39: =H10-H20 -> 0 | I39: =I10-I20 -> 0 | J39: =J10-J20 -> 0 | K39: =K10-K20 -> 0 | L39: =L10-L20 -> 0 | M39: =M10-M20 -> 0 | N39: =N10-N20 -> 0 | O39: =O10-O20 -> 0 | ... Q39: =Q10-Q20 -> 0 | S39: =S10-S20 -> 0 | T39: =T10-T20 -> 0 | U39: =U10-U20 -> 0 | V39: =V10-V20 -> 0 | W39: =W10-W20 -> 0 | Y39: =Y10-Y20 -> 0 | Z39: =Z10-Z20 -> 0 | AA39: =AA10-AA20 -> 0 | AB39: =AB10-AB20 -> 0 | AC39: =AC10-AC20 -> 0 | AD39: =AD10-AD20 -> 0 | AE39: =AE10-AE20 -> 0 | AF39: =AF10-AF20 -> 0 | ... AH39: =AH10-AH20 -> 0
B40: =B11-B21 -> 0 | C40: =C11-C21 -> 0 | D40: =D11-D21 -> 0 | E40: =E11-E21 -> 0 | F40: =F11-F21 -> 0 | H40: =H11-H21 -> 0 | I40: =I11-I21 -> 0 | J40: =J11-J21 -> 0 | K40: =K11-K21 -> 0 | L40: =L11-L21 -> 0 | M40: =M11-M21 -> 0 | N40: =N11-N21 -> 0 | O40: =O11-O21 -> 0 | ... Q40: =Q11-Q21 -> 0 | S40: =S11-S21 -> 0 | T40: =T11-T21 -> 0 | U40: =U11-U21 -> 0 | V40: =V11-V21 -> 0 | W40: =W11-W21 -> 0 | Y40: =Y11-Y21 -> 0 | Z40: =Z11-Z21 -> 0 | AA40: =AA11-AA21 -> 0 | AB40: =AB11-AB21 -> 0 | AC40: =AC11-AC21 -> 0 | AD40: =AD11-AD21 -> 0 | AE40: =AE11-AE21 -> 0 | AF40: =AF11-AF21 -> 0 | ... AH40: =AH11-AH21 -> 0
B41: =B12-B22 -> 0 | C41: =C12-C22 -> 0 | D41: =D12-D22 -> 0 | E41: =E12-E22 -> 0 | F41: =F12-F22 -> 0 | H41: =H12-H22 -> 0 | I41: =I12-I22 -> 0 | J41: =J12-J22 -> 0 | K41: =K12-K22 -> 0 | L41: =L12-L22 -> 0 | M41: =M12-M22 -> 0 | N41: =N12-N22 -> 0 | O41: =O12-O22 -> 0 | ... Q41: =Q12-Q22 -> 0 | S41: =S12-S22 -> 0 | T41: =T12-T22 -> 0 | U41: =U12-U22 -> 0 | V41: =V12-V22 -> 0 | W41: =W12-W22 -> 0 | Y41: =Y12-Y22 -> 0 | Z41: =Z12-Z22 -> 0 | AA41: =AA12-AA22 -> 0 | AB41: =AB12-AB22 -> 0 | AC41: =AC12-AC22 -> 0 | AD41: =AD12-AD22 -> 0 | AE41: =AE12-AE22 -> 0 | AF41: =AF12-AF22 -> 0 | ... AH41: =AH12-AH22 -> 0
B42: =B13-B23 -> 0 | C42: =C13-C23 -> 0 | D42: =D13-D23 -> 0 | E42: =E13-E23 -> 0 | F42: =F13-F23 -> 0 | H42: =H13-H23 -> 0 | I42: =I13-I23 -> 0 | J42: =J13-J23 -> 0 | K42: =K13-K23 -> 0 | L42: =L13-L23 -> 0 | M42: =M13-M23 -> 0 | N42: =N13-N23 -> 0 | O42: =O13-O23 -> 0 | ... Q42: =Q13-Q23 -> 0 | S42: =S13-S23 -> 0 | T42: =T13-T23 -> 0 | U42: =U13-U23 -> 0 | V42: =V13-V23 -> 0 | W42: =W13-W23 -> 0 | Y42: =Y13-Y23 -> 0 | Z42: =Z13-Z23 -> 0 | AA42: =AA13-AA23 -> 0 | AB42: =AB13-AB23 -> 0 | AC42: =AC13-AC23 -> 0 | AD42: =AD13-AD23 -> 0 | AE42: =AE13-AE23 -> 0 | AF42: =AF13-AF23 -> 0 | ... AH42: =AH13-AH23 -> 0
A43: A side- EA | B43: =AVERAGE(B33:F37) -> 0 | C43: R | D43: =MAX(B33:F37)-MIN(B33:F37) -> 0 | E43: ER | F43: =B43/(0.975/E27) -> 0 | G43: A side- EA | H43: =AVERAGE(H33:Q37) -> 0 | I43: R | J43: =MAX(H33:Q37)-MIN(H33:Q37) -> 0 | K43: ER | L43: =H43/(0.975/K27) -> 0 | M43: % | N43: =1-(J43/2*H43) -> 1 | O43: T-R | P43: =MAX(H33:Q42)-MIN(H33:Q42) -> 0 | R43: A side- EA | S43: =AVERAGE(S33:W37) -> 0 | T43: R | U43: =MAX(S33:W37)-MIN(S33:W37) -> 0 | V43: ER | W43: =S43/(1.944/V27) -> 0 | X43: A side- EA | Y43: =AVERAGE(Y33:AH37) -> 0 | Z43: R | AA43: =MAX(Y33:AH37)-MIN(Y33:AH37) -> 0 | AB43: ER | AC43: =Y43/(2.268/AB27) -> 0 | AD43: % | AE43: =1-(AA43/2*Y43) -> 1 | AF43: T-R | AG43: =MAX(Y33:AH42)-MIN(Y33:AH42) -> 0
A44: B side- EA | B44: =AVERAGE(B39:F42) -> 0 | C44: R | D44: =MAX(B38:F42)-MIN(B38:F42) -> 0 | E44: ER | F44: =B44/(0.975/E27) -> 0 | G44: B side- EA | H44: =AVERAGE(H39:Q42) -> 0 | I44: R | J44: =MAX(H38:Q42)-MIN(H38:Q42) -> 0 | K44: ER | L44: =H44/(0.975/K27) -> 0 | M44: % | N44: =1-(J44/2*H44) -> 1 | O44: T-% | P44: =1-(P43/2*AVERAGE(H43:H44)) -> 1 | R44: B side- EA | S44: =AVERAGE(S39:W42) -> 0 | T44: R | U44: =MAX(S38:W42)-MIN(S38:W42) -> 0 | V44: ER | W44: =S44/(1.944/V27) -> 0 | X44: B side- EA | Y44: =AVERAGE(Y39:AH42) -> 0 | Z44: R | AA44: =MAX(Y38:AH42)-MIN(Y38:AH42) -> 0 | AB44: ER | AC44: =Y44/(2.268/AB27) -> 0 | AD44: % | AE44: =1-(AA44/2*Y44) -> 1 | AF44: T-% | AG44: =1-(AG43/2*AVERAGE(Y43:Y44)) -> 1
A46: PD-3-581-06B

Sheet 0818.
A1: PT咬蝕量量測記錄表 | G1: PT咬蝕量量測記錄表 | R1: QE咬蝕量量測記錄表 | X1: QE咬蝕量量測記錄表
A2: PT-01 | G2: PT-02 | R2: QE-01 | X2: QE-02
A3: OP | B3: 1 | C3: 2 | D3: 3 | E3: 4 | F3: 5 | G3: OP | H3: 1 | I3: 2 | J3: 3 | K3: 4 | L3: 5 | M3: 6 | N3: 7 | O3: 8 | P3: 9 | Q3: 10 | R3: OP | S3: 1 | T3: 2 | U3: 3 | V3: 4 | W3: 5 | X3: OP | Y3: 1 | Z3: 2 | AA3: 3 | AB3: 4 | AC3: 5 | AD3: 6 | AE3: 7 | AF3: 8 | AG3: 9 | AH3: 10
A4: BEFORE | B4: 5.19 | C4: 5.23 | D4: 5.03 | E4: 4.83 | F4: 4.88 | G4: BEFORE | H4: 2.1 | I4: 2.19 | J4: 2.2 | K4: 2.23 | L4: 2.28 | M4: 2.28 | N4: 2.32 | O4: 2.35 | P4: 2.31 | Q4: 2.18 | R4: BEFORE | S4: 5.09 | T4: 5.19 | U4: 5.03 | V4: 4.81 | W4: 4.93 | X4: BEFORE | Y4: 5.57 | Z4: 5.25 | AA4: 5.48 | AB4: 5.41 | AC4: 5.44 | AD4: 5.51 | AE4: 5.66 | AF4: 5.53 | AG4: 5.76 | AH4: 5.53
B5: 5.22 | C5: 5.22 | D5: 5.11 | E5: 4.88 | F5: 4.86 | H5: 2.16 | I5: 2.23 | J5: 2.35 | K5: 2.36 | L5: 2.38 | M5: 2.4 | N5: 2.42 | O5: 2.4 | P5: 2.41 | Q5: 2.23 | S5: 5.28 | T5: 5.29 | U5: 5.19 | V5: 4.95 | W5: 4.84 | Y5: 5.38 | Z5: 5.4 | AA5: 5.52 | AB5: 5.42 | AC5: 5.48 | AD5: 5.61 | AE5: 5.6 | AF5: 5.65 | AG5: 5.7 | AH5: 5.6
B6: 5.13 | C6: 5.2 | D6: 5.04 | E6: 4.89 | F6: 4.89 | H6: 2.07 | I6: 2.21 | J6: 2.22 | K6: 2.24 | L6: 2.29 | M6: 2.32 | N6: 2.32 | O6: 2.33 | P6: 2.3 | Q6: 2.14 | S6: 5.2 | T6: 5.33 | U6: 5.25 | V6: 4.96 | W6: 4.91 | Y6: 5.3 | Z6: 5.43 | AA6: 5.49 | AB6: 5.49 | AC6: 5.45 | AD6: 5.65 | AE6: 5.56 | AF6: 5.68 | AG6: 5.83 | AH6: 5.54
B7: 5.06 | C7: 5.22 | D7: 5.123 | E7: 4.86 | F7: 4.76 | H7: 2.12 | I7: 2.27 | J7: 2.23 | K7: 2.25 | L7: 2.3 | M7: 2.33 | N7: 2.4 | O7: 2.39 | P7: 2.42 | Q7: 2.18 | S7: 5.15 | T7: 5.22 | U7: 5.13 | V7: 4.73 | W7: 4.9 | Y7: 5.42 | Z7: 5.31 | AA7: 5.47 | AB7: 5.49 | AC7: 5.62 | AD7: 5.67 | AE7: 5.6 | AF7: 5.71 | AG7: 5.71 | AH7: 5.41
B8: 5.12 | C8: 5.13 | D8: 5.05 | E8: 4.85 | F8: 4.73 | H8: 2.15 | I8: 2.2 | J8: 2.25 | K8: 2.23 | L8: 2.28 | M8: 2.34 | N8: 2.4 | O8: 2.44 | P8: 2.39 | Q8: 2.2 | S8: 5.16 | T8: 5.33 | U8: 5.27 | V8: 4.93 | W8: 4.96 | Y8: 5.35 | Z8: 5.38 | AA8: 5.34 | AB8: 5.2 | AC8: 5.28 | AD8: 5.5 | AE8: 5.55 | AF8: 5.66 | AG8: 5.62 | AH8: 5.4
B9: 5.13 | C9: 5.07 | D9: 4.99 | E9: 4.93 | F9: 4.82 | H9: 2.2 | I9: 2.19 | J9: 2.26 | K9: 2.27 | L9: 2.35 | M9: 2.32 | N9: 2.36 | O9: 2.34 | P9: 2.24 | Q9: 2.23 | S9: 5.21 | T9: 5.06 | U9: 5.25 | V9: 4.93 | W9: 4.88 | Y9: 5.27 | Z9: 5.19 | AA9: 5.23 | AB9: 5.4 | AC9: 5.61 | AD9: 5.57 | AE9: 5.68 | AF9: 5.67 | AG9: 5.35 | AH9: 5.16
B10: 5.18 | C10: 5.02 | D10: 4.79 | E10: 4.78 | F10: 4.82 | H10: 2.19 | I10: 2.2 | J10: 2.24 | K10: 2.34 | L10: 2.31 | M10: 2.27 | N10: 2.35 | O10: 2.34 | P10: 2.31 | Q10: 2.2 | S10: 5.19 | T10: 5.24 | U10: 5.11 | V10: 4.92 | W10: 4.84 | Y10: 5.21 | Z10: 5.14 | AA10: 5.34 | AB10: 5.53 | AC10: 5.6 | AD10: 5.7 | AE10: 5.79 | AF10: 5.76 | AG10: 5.56 | AH10: 5.1
B11: 5.23 | C11: 5.16 | D11: 5.02 | E11: 5.02 | F11: 4.73 | H11: 2.18 | I11: 2.25 | J11: 2.28 | K11: 2.34 | L11: 2.33 | M11: 2.4 | N11: 2.35 | O11: 2.31 | P11: 2.31 | Q11: 2.2 | S11: 5.2 | T11: 5.24 | U11: 5.17 | V11: 5.07 | W11: 4.94 | Y11: 5.29 | Z11: 5.43 | AA11: 5.44 | AB11: 5.41 | AC11: 5.68 | AD11: 5.64 | AE11: 5.66 | AF11: 5.59 | AG11: 5.59 | AH11: 5.19
B12: 5.08 | C12: 5.24 | D12: 5.04 | E12: 4.86 | F12: 4.87 | H12: 2.17 | I12: 2.21 | J12: 2.29 | K12: 2.31 | L12: 2.28 | M12: 2.31 | N12: 2.36 | O12: 2.29 | P12: 2.3 | Q12: 2.22 | S12: 5.15 | T12: 5.23 | U12: 5.13 | V12: 4.78 | W12: 4.85 | Y12: 5.26 | Z12: 5.37 | AA12: 5.27 | AB12: 5.38 | AC12: 5.69 | AD12: 5.61 | AE12: 5.68 | AF12: 5.54 | AG12: 5.42 | AH12: 5.02
B13: 4.92 | C13: 5.05 | D13: 5.09 | E13: 4.78 | F13: 4.99 | H13: 2.21 | I13: 2.27 | J13: 2.31 | K13: 2.28 | L13: 2.3 | M13: 2.36 | N13: 2.39 | O13: 2.31 | P13: 2.32 | Q13: 2.24 | S13: 5.12 | T13: 5.16 | U13: 5.1 | V13: 4.77 | W13: 4.78 | Y13: 5.13 | Z13: 5.24 | AA13: 5.22 | AB13: 5.33 | AC13: 5.56 | AD13: 5.62 | AE13: 5.6 | AF13: 5.5 | AG13: 5.52 | AH13: 5.11
A14: AFTER | G14: AFTER | R14: AFTER | X14: AFTER
A25: 項次 | B25: 單位 | C25: 規格 | E25: 數值 | G25: 項次 | H25: 單位 | I25: 規格 | K25: 數值 | R25: 項次 | S25: 單位 | T25: 規格 | V25: 數值 | X25: 項次 | Y25: 單位 | Z25: 規格 | AB25: 數值
A26: 咬蝕量 | B26: um | C26: 0.3 | D26: ±0.1 | E26: =AVERAGE(B4:F13)-AVERAGE(B14:F23) -> #DIV/0! | G26: 咬蝕量 | H26: um | I26: 0.3 | J26: ±0.1 | K26: =AVERAGE(H4:Q13)-AVERAGE(H14:Q23) -> #DIV/0! | R26: 咬蝕量 | S26: um | T26: 1.07 | U26: ±0.21 | V26: =AVERAGE(S4:W13)-AVERAGE(S14:W23) -> #DIV/0! | X26: 咬蝕量 | Y26: um | Z26: 1.38 | AA26: ±0.23 | AB26: =AVERAGE(Y4:AH13)-AVERAGE(Y14:AH23) -> #DIV/0!
A27: 線速 | B27: M/min | C27: ="--" -> -- | E27: 1.7 | G27: 線速 | H27: M/min | I27: ="--" -> -- | K27: 1.5 | R27: 線速 | S27: M/min | T27: ="--" -> -- | V27: 1.4 | X27: 線速 | Y27: M/min | Z27: ="--" -> -- | AB27: 1.5
A28: 咬蝕速率 | B28: um/min | C28: 0.52±0.15 | E28: =(E26/(0.975/E27)) -> #DIV/0! | G28: 咬蝕速率 | H28: um/min | I28: 0.46±0.10 | K28: =(K26/(0.975/K27)) -> #DIV/0! | R28: 咬蝕速率 | S28: um/min | T28: 0.77±0.15 | V28: =(V26/(1.944/V27)) -> #DIV/0! | X28: 咬蝕速率 | Y28: um/min | Z28: 0.9±0.15 | AB28: =(AB26/(2.268/AB27)) -> #DIV/0!
A29: 生產速度(SPEED) | B29: M/min | C29: =0.972*E28/C26 -> #DIV/0! | E29: 以咬蝕量0.3um計算線速 | G29: 生產速度(SPEED) | H29: M/min | I29: =0.972*K28/I26 -> #DIV/0! | K29: 以咬蝕量0.3um計算線速 | R29: 生產速度(SPEED) | S29: M/min | T29: =1.944*V28/1.8 -> #DIV/0! | V29: 以咬蝕量1.8um計算線速 | X29: 生產速度(SPEED) | Y29: M/min | Z29: =2.268*AB28/1.5 -> #DIV/0! | AB29: 以咬蝕量1.5um計算線速
A30: 量測日期 | C30: =TODAY() -> 46251 | R30: 量測日期 | T30: =TODAY() -> 46251
A31: PT-01 | G31: PT-02 | R31: QE-01 | X31: QE-02
A32: 咬蝕量 | G32: 咬蝕量 | R32: 咬蝕量 | X32: 咬蝕量
A33: PT1+ | B33: =B4-B14 -> 5.19 | C33: =C4-C14 -> 5.23 | D33: =D4-D14 -> 5.03 | E33: =E4-E14 -> 4.83 | F33: =F4-F14 -> 4.88 | G33: PT2+ | H33: =H4-H14 -> 2.1 | I33: =I4-I14 -> 2.19 | J33: =J4-J14 -> 2.2 | K33: =K4-K14 -> 2.23 | L33: =L4-L14 -> 2.28 | M33: =M4-M14 -> 2.28 | N33: =N4-N14 -> 2.32 | O33: =O4-O14 -> 2.35 | ... Q33: =Q4-Q14 -> 2.18 | R33: PT1+ | S33: =S4-S14 -> 5.09 | T33: =T4-T14 -> 5.19 | U33: =U4-U14 -> 5.03 | V33: =V4-V14 -> 4.81 | W33: =W4-W14 -> 4.93 | X33: PT2+ | Y33: =Y4-Y14 -> 5.57 | Z33: =Z4-Z14 -> 5.25 | AA33: =AA4-AA14 -> 5.48 | AB33: =AB4-AB14 -> 5.41 | AC33: =AC4-AC14 -> 5.44 | AD33: =AD4-AD14 -> 5.51 | AE33: =AE4-AE14 -> 5.66 | AF33: =AF4-AF14 -> 5.53 | ... AH33: =AH4-AH14 -> 5.53
B34: =B5-B15 -> 5.22 | C34: =C5-C15 -> 5.22 | D34: =D5-D15 -> 5.11 | E34: =E5-E15 -> 4.88 | F34: =F5-F15 -> 4.86 | H34: =H5-H15 -> 2.16 | I34: =I5-I15 -> 2.23 | J34: =J5-J15 -> 2.35 | K34: =K5-K15 -> 2.36 | L34: =L5-L15 -> 2.38 | M34: =M5-M15 -> 2.4 | N34: =N5-N15 -> 2.42 | O34: =O5-O15 -> 2.4 | ... Q34: =Q5-Q15 -> 2.23 | S34: =S5-S15 -> 5.28 | T34: =T5-T15 -> 5.29 | U34: =U5-U15 -> 5.19 | V34: =V5-V15 -> 4.95 | W34: =W5-W15 -> 4.84 | Y34: =Y5-Y15 -> 5.38 | Z34: =Z5-Z15 -> 5.4 | AA34: =AA5-AA15 -> 5.52 | AB34: =AB5-AB15 -> 5.42 | AC34: =AC5-AC15 -> 5.48 | AD34: =AD5-AD15 -> 5.61 | AE34: =AE5-AE15 -> 5.6 | AF34: =AF5-AF15 -> 5.65 | ... AH34: =AH5-AH15 -> 5.6
B35: =B6-B16 -> 5.13 | C35: =C6-C16 -> 5.2 | D35: =D6-D16 -> 5.04 | E35: =E6-E16 -> 4.89 | F35: =F6-F16 -> 4.89 | H35: =H6-H16 -> 2.07 | I35: =I6-I16 -> 2.21 | J35: =J6-J16 -> 2.22 | K35: =K6-K16 -> 2.24 | L35: =L6-L16 -> 2.29 | M35: =M6-M16 -> 2.32 | N35: =N6-N16 -> 2.32 | O35: =O6-O16 -> 2.33 | ... Q35: =Q6-Q16 -> 2.14 | S35: =S6-S16 -> 5.2 | T35: =T6-T16 -> 5.33 | U35: =U6-U16 -> 5.25 | V35: =V6-V16 -> 4.96 | W35: =W6-W16 -> 4.91 | Y35: =Y6-Y16 -> 5.3 | Z35: =Z6-Z16 -> 5.43 | AA35: =AA6-AA16 -> 5.49 | AB35: =AB6-AB16 -> 5.49 | AC35: =AC6-AC16 -> 5.45 | AD35: =AD6-AD16 -> 5.65 | AE35: =AE6-AE16 -> 5.56 | AF35: =AF6-AF16 -> 5.68 | ... AH35: =AH6-AH16 -> 5.54
B36: =B7-B17 -> 5.06 | C36: =C7-C17 -> 5.22 | D36: =D7-D17 -> 5.123 | E36: =E7-E17 -> 4.86 | F36: =F7-F17 -> 4.76 | H36: =H7-H17 -> 2.12 | I36: =I7-I17 -> 2.27 | J36: =J7-J17 -> 2.23 | K36: =K7-K17 -> 2.25 | L36: =L7-L17 -> 2.3 | M36: =M7-M17 -> 2.33 | N36: =N7-N17 -> 2.4 | O36: =O7-O17 -> 2.39 | ... Q36: =Q7-Q17 -> 2.18 | S36: =S7-S17 -> 5.15 | T36: =T7-T17 -> 5.22 | U36: =U7-U17 -> 5.13 | V36: =V7-V17 -> 4.73 | W36: =W7-W17 -> 4.9 | Y36: =Y7-Y17 -> 5.42 | Z36: =Z7-Z17 -> 5.31 | AA36: =AA7-AA17 -> 5.47 | AB36: =AB7-AB17 -> 5.49 | AC36: =AC7-AC17 -> 5.62 | AD36: =AD7-AD17 -> 5.67 | AE36: =AE7-AE17 -> 5.6 | AF36: =AF7-AF17 -> 5.71 | ... AH36: =AH7-AH17 -> 5.41
B37: =B8-B18 -> 5.12 | C37: =C8-C18 -> 5.13 | D37: =D8-D18 -> 5.05 | E37: =E8-E18 -> 4.85 | F37: =F8-F18 -> 4.73 | H37: =H8-H18 -> 2.15 | I37: =I8-I18 -> 2.2 | J37: =J8-J18 -> 2.25 | K37: =K8-K18 -> 2.23 | L37: =L8-L18 -> 2.28 | M37: =M8-M18 -> 2.34 | N37: =N8-N18 -> 2.4 | O37: =O8-O18 -> 2.44 | ... Q37: =Q8-Q18 -> 2.2 | S37: =S8-S18 -> 5.16 | T37: =T8-T18 -> 5.33 | U37: =U8-U18 -> 5.27 | V37: =V8-V18 -> 4.93 | W37: =W8-W18 -> 4.96 | Y37: =Y8-Y18 -> 5.35 | Z37: =Z8-Z18 -> 5.38 | AA37: =AA8-AA18 -> 5.34 | AB37: =AB8-AB18 -> 5.2 | AC37: =AC8-AC18 -> 5.28 | AD37: =AD8-AD18 -> 5.5 | AE37: =AE8-AE18 -> 5.55 | AF37: =AF8-AF18 -> 5.66 | ... AH37: =AH8-AH18 -> 5.4
A38: PT1- | B38: =B9-B19 -> 5.13 | C38: =C9-C19 -> 5.07 | D38: =D9-D19 -> 4.99 | E38: =E9-E19 -> 4.93 | F38: =F9-F19 -> 4.82 | G38: PT2- | H38: =H9-H19 -> 2.2 | I38: =I9-I19 -> 2.19 | J38: =J9-J19 -> 2.26 | K38: =K9-K19 -> 2.27 | L38: =L9-L19 -> 2.35 | M38: =M9-M19 -> 2.32 | N38: =N9-N19 -> 2.36 | O38: =O9-O19 -> 2.34 | ... Q38: =Q9-Q19 -> 2.23 | R38: PT1- | S38: =S9-S19 -> 5.21 | T38: =T9-T19 -> 5.06 | U38: =U9-U19 -> 5.25 | V38: =V9-V19 -> 4.93 | W38: =W9-W19 -> 4.88 | X38: PT2- | Y38: =Y9-Y19 -> 5.27 | Z38: =Z9-Z19 -> 5.19 | AA38: =AA9-AA19 -> 5.23 | AB38: =AB9-AB19 -> 5.4 | AC38: =AC9-AC19 -> 5.61 | AD38: =AD9-AD19 -> 5.57 | AE38: =AE9-AE19 -> 5.68 | AF38: =AF9-AF19 -> 5.67 | ... AH38: =AH9-AH19 -> 5.16
B39: =B10-B20 -> 5.18 | C39: =C10-C20 -> 5.02 | D39: =D10-D20 -> 4.79 | E39: =E10-E20 -> 4.78 | F39: =F10-F20 -> 4.82 | H39: =H10-H20 -> 2.19 | I39: =I10-I20 -> 2.2 | J39: =J10-J20 -> 2.24 | K39: =K10-K20 -> 2.34 | L39: =L10-L20 -> 2.31 | M39: =M10-M20 -> 2.27 | N39: =N10-N20 -> 2.35 | O39: =O10-O20 -> 2.34 | ... Q39: =Q10-Q20 -> 2.2 | S39: =S10-S20 -> 5.19 | T39: =T10-T20 -> 5.24 | U39: =U10-U20 -> 5.11 | V39: =V10-V20 -> 4.92 | W39: =W10-W20 -> 4.84 | Y39: =Y10-Y20 -> 5.21 | Z39: =Z10-Z20 -> 5.14 | AA39: =AA10-AA20 -> 5.34 | AB39: =AB10-AB20 -> 5.53 | AC39: =AC10-AC20 -> 5.6 | AD39: =AD10-AD20 -> 5.7 | AE39: =AE10-AE20 -> 5.79 | AF39: =AF10-AF20 -> 5.76 | ... AH39: =AH10-AH20 -> 5.1
B40: =B11-B21 -> 5.23 | C40: =C11-C21 -> 5.16 | D40: =D11-D21 -> 5.02 | E40: =E11-E21 -> 5.02 | F40: =F11-F21 -> 4.73 | H40: =H11-H21 -> 2.18 | I40: =I11-I21 -> 2.25 | J40: =J11-J21 -> 2.28 | K40: =K11-K21 -> 2.34 | L40: =L11-L21 -> 2.33 | M40: =M11-M21 -> 2.4 | N40: =N11-N21 -> 2.35 | O40: =O11-O21 -> 2.31 | ... Q40: =Q11-Q21 -> 2.2 | S40: =S11-S21 -> 5.2 | T40: =T11-T21 -> 5.24 | U40: =U11-U21 -> 5.17 | V40: =V11-V21 -> 5.07 | W40: =W11-W21 -> 4.94 | Y40: =Y11-Y21 -> 5.29 | Z40: =Z11-Z21 -> 5.43 | AA40: =AA11-AA21 -> 5.44 | AB40: =AB11-AB21 -> 5.41 | AC40: =AC11-AC21 -> 5.68 | AD40: =AD11-AD21 -> 5.64 | AE40: =AE11-AE21 -> 5.66 | AF40: =AF11-AF21 -> 5.59 | ... AH40: =AH11-AH21 -> 5.19
B41: =B12-B22 -> 5.08 | C41: =C12-C22 -> 5.24 | D41: =D12-D22 -> 5.04 | E41: =E12-E22 -> 4.86 | F41: =F12-F22 -> 4.87 | H41: =H12-H22 -> 2.17 | I41: =I12-I22 -> 2.21 | J41: =J12-J22 -> 2.29 | K41: =K12-K22 -> 2.31 | L41: =L12-L22 -> 2.28 | M41: =M12-M22 -> 2.31 | N41: =N12-N22 -> 2.36 | O41: =O12-O22 -> 2.29 | ... Q41: =Q12-Q22 -> 2.22 | S41: =S12-S22 -> 5.15 | T41: =T12-T22 -> 5.23 | U41: =U12-U22 -> 5.13 | V41: =V12-V22 -> 4.78 | W41: =W12-W22 -> 4.85 | Y41: =Y12-Y22 -> 5.26 | Z41: =Z12-Z22 -> 5.37 | AA41: =AA12-AA22 -> 5.27 | AB41: =AB12-AB22 -> 5.38 | AC41: =AC12-AC22 -> 5.69 | AD41: =AD12-AD22 -> 5.61 | AE41: =AE12-AE22 -> 5.68 | AF41: =AF12-AF22 -> 5.54 | ... AH41: =AH12-AH22 -> 5.02
B42: =B13-B23 -> 4.92 | C42: =C13-C23 -> 5.05 | D42: =D13-D23 -> 5.09 | E42: =E13-E23 -> 4.78 | F42: =F13-F23 -> 4.99 | H42: =H13-H23 -> 2.21 | I42: =I13-I23 -> 2.27 | J42: =J13-J23 -> 2.31 | K42: =K13-K23 -> 2.28 | L42: =L13-L23 -> 2.3 | M42: =M13-M23 -> 2.36 | N42: =N13-N23 -> 2.39 | O42: =O13-O23 -> 2.31 | ... Q42: =Q13-Q23 -> 2.24 | S42: =S13-S23 -> 5.12 | T42: =T13-T23 -> 5.16 | U42: =U13-U23 -> 5.1 | V42: =V13-V23 -> 4.77 | W42: =W13-W23 -> 4.78 | Y42: =Y13-Y23 -> 5.13 | Z42: =Z13-Z23 -> 5.24 | AA42: =AA13-AA23 -> 5.22 | AB42: =AB13-AB23 -> 5.33 | AC42: =AC13-AC23 -> 5.56 | AD42: =AD13-AD23 -> 5.62 | AE42: =AE13-AE23 -> 5.6 | AF42: =AF13-AF23 -> 5.5 | ... AH42: =AH13-AH23 -> 5.11
A43: A side- EA | B43: =AVERAGE(B33:F37) -> 5.02012 | C43: R | D43: =MAX(B33:F37)-MIN(B33:F37) -> 0.5 | E43: ER | F43: =B43/(0.975/E27) -> 8.7530297 | G43: A side- EA | H43: =AVERAGE(H33:Q37) -> 2.2798 | I43: R | J43: =MAX(H33:Q37)-MIN(H33:Q37) -> 0.37 | K43: ER | L43: =H43/(0.975/K27) -> 3.5073846 | M43: % | N43: =1-(J43/2*H43) -> 0.578237 | O43: T-R | P43: =MAX(H33:Q42)-MIN(H33:Q42) -> 0.37 | R43: A side- EA | S43: =AVERAGE(S33:W37) -> 5.0812 | T43: R | U43: =MAX(S33:W37)-MIN(S33:W37) -> 0.6 | V43: ER | W43: =S43/(1.944/V27) -> 3.6593004 | X43: A side- EA | Y43: =AVERAGE(Y33:AH37) -> 5.5122 | Z43: R | AA43: =MAX(Y33:AH37)-MIN(Y33:AH37) -> 0.63 | AB43: ER | AC43: =Y43/(2.268/AB27) -> 3.6456349 | AD43: % | AE43: =1-(AA43/2*Y43) -> -0.736343 | AF43: T-R | AG43: =MAX(Y33:AH42)-MIN(Y33:AH42) -> 0.81
A44: B side- EA | B44: =AVERAGE(B39:F42) -> 4.9835 | C44: R | D44: =MAX(B38:F42)-MIN(B38:F42) -> 0.51 | E44: ER | F44: =B44/(0.975/E27) -> 8.6891795 | G44: B side- EA | H44: =AVERAGE(H39:Q42) -> 2.28575 | I44: R | J44: =MAX(H38:Q42)-MIN(H38:Q42) -> 0.23 | K44: ER | L44: =H44/(0.975/K27) -> 3.5165385 | M44: % | N44: =1-(J44/2*H44) -> 0.73713875 | O44: T-% | P44: =1-(P43/2*AVERAGE(H43:H44)) -> 0.57768662 | R44: B side- EA | S44: =AVERAGE(S39:W42) -> 5.0495 | T44: R | U44: =MAX(S38:W42)-MIN(S38:W42) -> 0.48 | V44: ER | W44: =S44/(1.944/V27) -> 3.6364712 | X44: B side- EA | Y44: =AVERAGE(Y39:AH42) -> 5.443 | Z44: R | AA44: =MAX(Y38:AH42)-MIN(Y38:AH42) -> 0.77 | AB44: ER | AC44: =Y44/(2.268/AB27) -> 3.5998677 | AD44: % | AE44: =1-(AA44/2*Y44) -> -1.095555 | AF44: T-% | AG44: =1-(AG43/2*AVERAGE(Y43:Y44)) -> -1.218428
A46: PD-3-581-06B

Sheet 0817.
A1: PT咬蝕量量測記錄表 | G1: PT咬蝕量量測記錄表 | R1: QE咬蝕量量測記錄表 | X1: QE咬蝕量量測記錄表
A2: PT-01 | G2: PT-02 | R2: QE-01 | X2: QE-02
A3: OP | B3: 1 | C3: 2 | D3: 3 | E3: 4 | F3: 5 | G3: OP | H3: 1 | I3: 2 | J3: 3 | K3: 4 | L3: 5 | M3: 6 | N3: 7 | O3: 8 | P3: 9 | Q3: 10 | R3: OP | S3: 1 | T3: 2 | U3: 3 | V3: 4 | W3: 5 | X3: OP | Y3: 1 | Z3: 2 | AA3: 3 | AB3: 4 | AC3: 5 | AD3: 6 | AE3: 7 | AF3: 8 | AG3: 9 | AH3: 10
A4: BEFORE | B4: 5.19 | C4: 5.13 | D4: 5.04 | E4: 5.03 | F4: 4.9 | G4: BEFORE | H4: 2.22 | I4: 2.25 | J4: 2.24 | K4: 2.31 | L4: 2.32 | M4: 2.28 | N4: 2.31 | O4: 2.29 | P4: 2.29 | Q4: 2.13 | R4: BEFORE | S4: 5.22 | T4: 5.19 | U4: 5.24 | V4: 4.91 | W4: 4.89 | X4: BEFORE | Y4: 5.29 | Z4: 5.52 | AA4: 5.58 | AB4: 5.52 | AC4: 5.72 | AD4: 5.65 | AE4: 5.6 | AF4: 5.7 | AG4: 5.56 | AH4: 5.35
B5: 4.17 | C5: 5.27 | D5: 5.16 | E5: 5.13 | F5: 4.92 | H5: 2.18 | I5: 2.21 | J5: 2.25 | K5: 2.32 | L5: 2.33 | M5: 2.38 | N5: 2.34 | O5: 2.31 | P5: 2.29 | Q5: 2.25 | S5: 5.15 | T5: 5.16 | U5: 5.09 | V5: 4.86 | W5: 4.85 | Y5: 5.4 | Z5: 5.61 | AA5: 5.61 | AB5: 5.57 | AC5: 5.66 | AD5: 5.66 | AE5: 5.61 | AF5: 5.73 | AG5: 5.73 | AH5: 5.51
B6: 5.1 | C6: 5.25 | D6: 5.23 | E6: 5.08 | F6: 4.93 | H6: 2.22 | I6: 2.21 | J6: 2.3 | K6: 2.34 | L6: 2.36 | M6: 2.33 | N6: 2.36 | O6: 2.36 | P6: 2.27 | Q6: 2.12 | S6: 5.11 | T6: 5.29 | U6: 5.11 | V6: 4.87 | W6: 4.85 | Y6: 5.35 | Z6: 5.57 | AA6: 5.55 | AB6: 5.68 | AC6: 5.69 | AD6: 5.68 | AE6: 5.66 | AF6: 5.76 | AG6: 5.67 | AH6: 5.58
B7: 5.27 | C7: 5.23 | D7: 5.16 | E7: 5.04 | F7: 4.87 | H7: 2.18 | I7: 2.26 | J7: 2.26 | K7: 2.29 | L7: 2.29 | M7: 2.35 | N7: 2.32 | O7: 2.33 | P7: 2.3 | Q7: 2.04 | S7: 5.22 | T7: 5.21 | U7: 5.18 | V7: 5.02 | W7: 4.94 | Y7: 5.38 | Z7: 5.55 | AA7: 5.4 | AB7: 5.56 | AC7: 5.58 | AD7: 5.66 | AE7: 5.74 | AF7: 5.83 | AG7: 5.67 | AH7: 5.52
B8: 5.15 | C8: 5.2 | D8: 5.13 | E8: 4.93 | F8: 4.86 | H8: 2.11 | I8: 2.25 | J8: 2.34 | K8: 2.28 | L8: 2.34 | M8: 2.24 | N8: 2.25 | O8: 2.27 | P8: 2.25 | Q8: 2.12 | S8: 5.15 | T8: 5.22 | U8: 5.21 | V8: 4.85 | W8: 4.81 | Y8: 5.45 | Z8: 5.48 | AA8: 5.47 | AB8: 5.56 | AC8: 5.59 | AD8: 5.56 | AE8: 5.61 | AF8: 5.67 | AG8: 5.68 | AH8: 5.3
B9: 5.14 | C9: 5.16 | D9: 5.2 | E9: 4.89 | F9: 4.85 | H9: 2.07 | I9: 2.13 | J9: 2.19 | K9: 2.19 | L9: 2.24 | M9: 2.31 | N9: 2.4 | O9: 2.37 | P9: 2.23 | Q9: 2.17 | S9: 5.19 | T9: 5.21 | U9: 5.09 | V9: 5.04 | W9: 4.79 | Y9: 5.31 | Z9: 5.22 | AA9: 5.33 | AB9: 5.38 | AC9: 5.49 | AD9: 5.59 | AE9: 5.67 | AF9: 5.71 | AG9: 5.565 | AH9: 5.32
B10: 5.23 | C10: 5.16 | D10: 5.16 | E10: 4.91 | F10: 4.9 | H10: 2.18 | I10: 2.25 | J10: 2.21 | K10: 2.3 | L10: 2.32 | M10: 2.32 | N10: 2.31 | O10: 2.37 | P10: 2.23 | Q10: 2.19 | S10: 5.22 | T10: 5.25 | U10: 5.19 | V10: 5.04 | W10: 4.94 | Y10: 5.35 | Z10: 5.23 | AA10: 5.3 | AB10: 5.37 | AC10: 5.64 | AD10: 5.64 | AE10: 5.64 | AF10: 5.74 | AG10: 5.68 | AH10: 5.52
B11: 5.1 | C11: 5.15 | D11: 5.1 | E11: 4.86 | F11: 4.82 | H11: 2.15 | I11: 2.27 | J11: 2.33 | K11: 2.34 | L11: 2.33 | M11: 2.38 | N11: 2.34 | O11: 2.36 | P11: 2.23 | Q11: 2.16 | S11: 5.18 | T11: 5.28 | U11: 5.03 | V11: 5 | W11: 4.9 | Y11: 5.31 | Z11: 5.42 | AA11: 5.38 | AB11: 5.4 | AC11: 5.53 | AD11: 5.74 | AE11: 5.59 | AF11: 5.73 | AG11: 5.55 | AH11: 5.53
B12: 5.2 | C12: 5.23 | D12: 5.13 | E12: 4.87 | F12: 4.81 | H12: 2.13 | I12: 2.2 | J12: 2.27 | K12: 2.31 | L12: 2.34 | M12: 2.39 | N12: 2.44 | O12: 2.33 | P12: 2.32 | Q12: 2.16 | S12: 5.2 | T12: 5.27 | U12: 5.14 | V12: 5.05 | W12: 4.93 | Y12: 5.34 | Z12: 5.25 | AA12: 5.39 | AB12: 5.29 | AC12: 5.61 | AD12: 5.63 | AE12: 5.64 | AF12: 5.73 | AG12: 5.6 | AH12: 5.35
B13: 5.16 | C13: 5.09 | D13: 5.11 | E13: 4.85 | F13: 4.85 | H13: 2.16 | I13: 2.24 | J13: 2.25 | K13: 2.28 | L13: 2.3 | M13: 2.38 | N13: 2.32 | O13: 2.4 | P13: 2.22 | Q13: 2.09 | S13: 5.2 | T13: 5.15 | U13: 5.11 | V13: 4.88 | W13: 4.93 | Y13: 5.16 | Z13: 5.24 | AA13: 5.23 | AB13: 5.42 | AC13: 5.48 | AD13: 5.62 | AE13: 5.56 | AF13: 5.5 | AG13: 5.47 | AH13: 5.27
A14: AFTER | B14: 4.8 | C14: 4.83 | D14: 4.81 | E14: 4.69 | F14: 4.56 | G14: AFTER | H14: 1.9 | I14: 1.94 | J14: 2.01 | K14: 2 | L14: 2.01 | M14: 2.02 | N14: 2.03 | O14: 2.03 | P14: 1.96 | Q14: 1.81 | R14: AFTER | S14: 4 | T14: 3.94 | U14: 3.93 | V14: 3.64 | W14: 3.68 | X14: AFTER | Y14: 3.87 | Z14: 3.94 | AA14: 3.99 | AB14: 3.95 | AC14: 3.87 | AD14: 4.02 | AE14: 4.13 | AF14: 4.08 | AG14: 4.08 | AH14: 3.93
B15: 4.9 | C15: 5.02 | D15: 4.88 | E15: 4.66 | F15: 4.63 | H15: 1.88 | I15: 1.96 | J15: 2.02 | K15: 2.05 | L15: 2.06 | M15: 2.05 | N15: 2.04 | O15: 2.03 | P15: 2 | Q15: 1.85 | S15: 3.93 | T15: 3.92 | U15: 3.81 | V15: 3.57 | W15: 3.56 | Y15: 3.86 | Z15: 3.88 | AA15: 3.96 | AB15: 3.92 | AC15: 3.93 | AD15: 4 | AE15: 4.09 | AF15: 4.13 | AG15: 4.12 | AH15: 4.01
B16: 4.86 | C16: 4.89 | D16: 4.93 | E16: 4.7 | F16: 4.67 | H16: 1.89 | I16: 1.93 | J16: 1.99 | K16: 1.99 | L16: 2.02 | M16: 2.05 | N16: 2.07 | O16: 2.04 | P16: 1.99 | Q16: 1.83 | S16: 3.91 | T16: 4.02 | U16: 3.87 | V16: 3.67 | W16: 3.65 | Y16: 3.8 | Z16: 3.9 | AA16: 4.02 | AB16: 3.941 | AC16: 3.99 | AD16: 4.08 | AE16: 4.13 | AF16: 4.2 | AG16: 4.11 | AH16: 4
B17: 5 | C17: 4.89 | D17: 4.84 | E17: 4.7 | F17: 4.59 | H17: 1.9 | I17: 1.92 | J17: 1.94 | K17: 1.97 | L17: 2 | M17: 2.01 | N17: 2.07 | O17: 2.03 | P17: 1.96 | Q17: 1.79 | S17: 3.91 | T17: 4.02 | U17: 3.91 | V17: 3.72 | W17: 3.67 | Y17: 3.87 | Z17: 3.83 | AA17: 3.94 | AB17: 3.91 | AC17: 3.99 | AD17: 4.05 | AE17: 4.13 | AF17: 4.16 | AG17: 4.05 | AH17: 3.91
B18: 4.76 | C18: 4.78 | D18: 4.7 | E18: 4.62 | F18: 4.53 | H18: 1.86 | I18: 1.91 | J18: 1.97 | K18: 1.99 | L18: 2.02 | M18: 2.01 | N18: 2.05 | O18: 2.02 | P18: 1.97 | Q18: 1.84 | S18: 3.9 | T18: 4 | U18: 3.9 | V18: 3.7 | W18: 3.57 | Y18: 3.83 | Z18: 3.74 | AA18: 3.8 | AB18: 3.8 | AC18: 3.81 | AD18: 3.88 | AE18: 4.02 | AF18: 4.07 | AG18: 4.06 | AH18: 4.07
B19: 4.86 | C19: 4.88 | D19: 4.83 | E19: 4.63 | F19: 4.5 | H19: 1.8 | I19: 1.94 | J19: 2.01 | K19: 2.03 | L19: 2.02 | M19: 2.07 | N19: 2.1 | O19: 2.1 | P19: 2.01 | Q19: 1.88 | S19: 4.29 | T19: 4.26 | U19: 4.22 | V19: 4 | W19: 3.79 | Y19: 4.09 | Z19: 4.13 | AA19: 4.06 | AB19: 4.19 | AC19: 4.38 | AD19: 4.33 | AE19: 4.37 | AF19: 4.55 | AG19: 4.41 | AH19: 4.09
B20: 4.87 | C20: 4.9 | D20: 4.8 | E20: 4.59 | F20: 4.6 | H20: 1.87 | I20: 1.93 | J20: 1.92 | K20: 1.99 | L20: 2 | M20: 2.04 | N20: 2.06 | O20: 2.06 | P20: 1.95 | Q20: 1.85 | S20: 4.19 | T20: 4.29 | U20: 4.19 | V20: 3.91 | W20: 3.9 | Y20: 4.01 | Z20: 4.1 | AA20: 4 | AB20: 4.16 | AC20: 4.4 | AD20: 4.39 | AE20: 4.47 | AF20: 4.48 | AG20: 4.32 | AH20: 4.12
B21: 4.84 | C21: 4.87 | D21: 4.78 | E21: 4.55 | F21: 4.53 | H21: 1.85 | I21: 2.01 | J21: 2.02 | K21: 2.03 | L21: 2.07 | M21: 2.11 | N21: 2.13 | O21: 2.13 | P21: 2.03 | Q21: 1.89 | S21: 4.19 | T21: 4.27 | U21: 4.14 | V21: 3.9 | W21: 3.9 | Y21: 3.98 | Z21: 4.09 | AA21: 4.04 | AB21: 4.21 | AC21: 4.39 | AD21: 4.48 | AE21: 4.41 | AF21: 4.54 | AG21: 4.37 | AH21: 4.08
B22: 4.81 | C22: 4.92 | D22: 4.86 | E22: 4.6 | F22: 4.59 | H22: 1.85 | I22: 1.92 | J22: 1.97 | K22: 2.02 | L22: 2.07 | M22: 2.07 | N22: 2.1 | O22: 2.08 | P22: 2 | Q22: 1.85 | S22: 4.16 | T22: 4.31 | U22: 4.18 | V22: 4.06 | W22: 3.97 | Y22: 4.02 | Z22: 4.15 | AA22: 4.05 | AB22: 4.22 | AC22: 4.45 | AD22: 4.42 | AE22: 4.48 | AF22: 4.51 | AG22: 4.3 | AH22: 4.13
B23: 4.83 | C23: 4.86 | D23: 4.83 | E23: 4.6 | F23: 4.49 | H23: 1.82 | I23: 1.93 | J23: 1.98 | K23: 2.01 | L23: 2.07 | M23: 2.07 | N23: 2.13 | O23: 2.07 | P23: 1.97 | Q23: 1.84 | S23: 4.23 | T23: 4.26 | U23: 4.1 | V23: 3.98 | W23: 3.88 | Y23: 3.97 | Z23: 4.08 | AA23: 4.05 | AB23: 4.15 | AC23: 4.29 | AD23: 4.36 | AE23: 4.41 | AF23: 4.41 | AG23: 4.26 | AH23: 4.02
A25: 項次 | B25: 單位 | C25: 規格 | E25: 數值 | G25: 項次 | H25: 單位 | I25: 規格 | K25: 數值 | R25: 項次 | S25: 單位 | T25: 規格 | V25: 數值 | X25: 項次 | Y25: 單位 | Z25: 規格 | AB25: 數值
A26: 咬蝕量 | B26: um | C26: 0.3 | D26: ±0.1 | E26: =AVERAGE(B4:F13)-AVERAGE(B14:F23) -> 0.2928 | G26: 咬蝕量 | H26: um | I26: 0.3 | J26: ±0.1 | K26: =AVERAGE(H4:Q13)-AVERAGE(H14:Q23) -> 0.2844 | R26: 咬蝕量 | S26: um | T26: 1.07 | U26: ±0.21 | V26: =AVERAGE(S4:W13)-AVERAGE(S14:W23) -> 1.1168 | X26: 咬蝕量 | Y26: um | Z26: 1.38 | AA26: ±0.23 | AB26: =AVERAGE(Y4:AH13)-AVERAGE(Y14:AH23) -> 1.41464
A27: 線速 | B27: M/min | C27: ="--" -> -- | E27: 1.7 | G27: 線速 | H27: M/min | I27: ="--" -> -- | K27: 1.5 | R27: 線速 | S27: M/min | T27: ="--" -> -- | V27: 1.4 | X27: 線速 | Y27: M/min | Z27: ="--" -> -- | AB27: 1.5
A28: 咬蝕速率 | B28: um/min | C28: 0.52±0.15 | E28: =(E26/(0.975/E27)) -> 0.51052308 | G28: 咬蝕速率 | H28: um/min | I28: 0.46±0.10 | K28: =(K26/(0.975/K27)) -> 0.43753846 | R28: 咬蝕速率 | S28: um/min | T28: 0.77±0.15 | V28: =(V26/(1.944/V27)) -> 0.80427984 | X28: 咬蝕速率 | Y28: um/min | Z28: 0.9±0.15 | AB28: =(AB26/(2.268/AB27)) -> 0.93560847
A29: 生產速度(SPEED) | B29: M/min | C29: =0.972*E28/C26 -> 1.6540948 | E29: 以咬蝕量0.3um計算線速 | G29: 生產速度(SPEED) | H29: M/min | I29: =0.972*K28/I26 -> 1.4176246 | K29: 以咬蝕量0.3um計算線速 | R29: 生產速度(SPEED) | S29: M/min | T29: =1.944*V28/1.8 -> 0.86862222 | V29: 以咬蝕量1.8um計算線速 | X29: 生產速度(SPEED) | Y29: M/min | Z29: =2.268*AB28/1.5 -> 1.41464 | AB29: 以咬蝕量1.5um計算線速
A30: 量測日期 | C30: =TODAY() -> 46251 | R30: 量測日期 | T30: =TODAY() -> 46251
A31: PT-01 | G31: PT-02 | R31: QE-01 | X31: QE-02
A32: 咬蝕量 | G32: 咬蝕量 | R32: 咬蝕量 | X32: 咬蝕量
A33: PT1+ | B33: =B4-B14 -> 0.39 | C33: =C4-C14 -> 0.3 | D33: =D4-D14 -> 0.23 | E33: =E4-E14 -> 0.34 | F33: =F4-F14 -> 0.34 | G33: PT2+ | H33: =H4-H14 -> 0.32 | I33: =I4-I14 -> 0.31 | J33: =J4-J14 -> 0.23 | K33: =K4-K14 -> 0.31 | L33: =L4-L14 -> 0.31 | M33: =M4-M14 -> 0.26 | N33: =N4-N14 -> 0.28 | O33: =O4-O14 -> 0.26 | ... Q33: =Q4-Q14 -> 0.32 | R33: PT1+ | S33: =S4-S14 -> 1.22 | T33: =T4-T14 -> 1.25 | U33: =U4-U14 -> 1.31 | V33: =V4-V14 -> 1.27 | W33: =W4-W14 -> 1.21 | X33: PT2+ | Y33: =Y4-Y14 -> 1.42 | Z33: =Z4-Z14 -> 1.58 | AA33: =AA4-AA14 -> 1.59 | AB33: =AB4-AB14 -> 1.57 | AC33: =AC4-AC14 -> 1.85 | AD33: =AD4-AD14 -> 1.63 | AE33: =AE4-AE14 -> 1.47 | AF33: =AF4-AF14 -> 1.62 | ... AH33: =AH4-AH14 -> 1.42
B34: =B5-B15 -> -0.73 | C34: =C5-C15 -> 0.25 | D34: =D5-D15 -> 0.28 | E34: =E5-E15 -> 0.47 | F34: =F5-F15 -> 0.29 | H34: =H5-H15 -> 0.3 | I34: =I5-I15 -> 0.25 | J34: =J5-J15 -> 0.23 | K34: =K5-K15 -> 0.27 | L34: =L5-L15 -> 0.27 | M34: =M5-M15 -> 0.33 | N34: =N5-N15 -> 0.3 | O34: =O5-O15 -> 0.28 | ... Q34: =Q5-Q15 -> 0.4 | S34: =S5-S15 -> 1.22 | T34: =T5-T15 -> 1.24 | U34: =U5-U15 -> 1.28 | V34: =V5-V15 -> 1.29 | W34: =W5-W15 -> 1.29 | Y34: =Y5-Y15 -> 1.54 | Z34: =Z5-Z15 -> 1.73 | AA34: =AA5-AA15 -> 1.65 | AB34: =AB5-AB15 -> 1.65 | AC34: =AC5-AC15 -> 1.73 | AD34: =AD5-AD15 -> 1.66 | AE34: =AE5-AE15 -> 1.52 | AF34: =AF5-AF15 -> 1.6 | ... AH34: =AH5-AH15 -> 1.5
B35: =B6-B16 -> 0.24 | C35: =C6-C16 -> 0.36 | D35: =D6-D16 -> 0.3 | E35: =E6-E16 -> 0.38 | F35: =F6-F16 -> 0.26 | H35: =H6-H16 -> 0.33 | I35: =I6-I16 -> 0.28 | J35: =J6-J16 -> 0.31 | K35: =K6-K16 -> 0.35 | L35: =L6-L16 -> 0.34 | M35: =M6-M16 -> 0.28 | N35: =N6-N16 -> 0.29 | O35: =O6-O16 -> 0.32 | ... Q35: =Q6-Q16 -> 0.29 | S35: =S6-S16 -> 1.2 | T35: =T6-T16 -> 1.27 | U35: =U6-U16 -> 1.24 | V35: =V6-V16 -> 1.2 | W35: =W6-W16 -> 1.2 | Y35: =Y6-Y16 -> 1.55 | Z35: =Z6-Z16 -> 1.67 | AA35: =AA6-AA16 -> 1.53 | AB35: =AB6-AB16 -> 1.739 | AC35: =AC6-AC16 -> 1.7 | AD35: =AD6-AD16 -> 1.6 | AE35: =AE6-AE16 -> 1.53 | AF35: =AF6-AF16 -> 1.56 | ... AH35: =AH6-AH16 -> 1.58
B36: =B7-B17 -> 0.27 | C36: =C7-C17 -> 0.34 | D36: =D7-D17 -> 0.32 | E36: =E7-E17 -> 0.34 | F36: =F7-F17 -> 0.28 | H36: =H7-H17 -> 0.28 | I36: =I7-I17 -> 0.34 | J36: =J7-J17 -> 0.32 | K36: =K7-K17 -> 0.32 | L36: =L7-L17 -> 0.29 | M36: =M7-M17 -> 0.34 | N36: =N7-N17 -> 0.25 | O36: =O7-O17 -> 0.3 | ... Q36: =Q7-Q17 -> 0.25 | S36: =S7-S17 -> 1.31 | T36: =T7-T17 -> 1.19 | U36: =U7-U17 -> 1.27 | V36: =V7-V17 -> 1.3 | W36: =W7-W17 -> 1.27 | Y36: =Y7-Y17 -> 1.51 | Z36: =Z7-Z17 -> 1.72 | AA36: =AA7-AA17 -> 1.46 | AB36: =AB7-AB17 -> 1.65 | AC36: =AC7-AC17 -> 1.59 | AD36: =AD7-AD17 -> 1.61 | AE36: =AE7-AE17 -> 1.61 | AF36: =AF7-AF17 -> 1.67 | ... AH36: =AH7-AH17 -> 1.61
B37: =B8-B18 -> 0.39 | C37: =C8-C18 -> 0.42 | D37: =D8-D18 -> 0.43 | E37: =E8-E18 -> 0.31 | F37: =F8-F18 -> 0.33 | H37: =H8-H18 -> 0.25 | I37: =I8-I18 -> 0.34 | J37: =J8-J18 -> 0.37 | K37: =K8-K18 -> 0.29 | L37: =L8-L18 -> 0.32 | M37: =M8-M18 -> 0.23 | N37: =N8-N18 -> 0.2 | O37: =O8-O18 -> 0.25 | ... Q37: =Q8-Q18 -> 0.28 | S37: =S8-S18 -> 1.25 | T37: =T8-T18 -> 1.22 | U37: =U8-U18 -> 1.31 | V37: =V8-V18 -> 1.15 | W37: =W8-W18 -> 1.24 | Y37: =Y8-Y18 -> 1.62 | Z37: =Z8-Z18 -> 1.74 | AA37: =AA8-AA18 -> 1.67 | AB37: =AB8-AB18 -> 1.76 | AC37: =AC8-AC18 -> 1.78 | AD37: =AD8-AD18 -> 1.68 | AE37: =AE8-AE18 -> 1.59 | AF37: =AF8-AF18 -> 1.6 | ... AH37: =AH8-AH18 -> 1.23
A38: PT1- | B38: =B9-B19 -> 0.28 | C38: =C9-C19 -> 0.28 | D38: =D9-D19 -> 0.37 | E38: =E9-E19 -> 0.26 | F38: =F9-F19 -> 0.35 | G38: PT2- | H38: =H9-H19 -> 0.27 | I38: =I9-I19 -> 0.19 | J38: =J9-J19 -> 0.18 | K38: =K9-K19 -> 0.16 | L38: =L9-L19 -> 0.22 | M38: =M9-M19 -> 0.24 | N38: =N9-N19 -> 0.3 | O38: =O9-O19 -> 0.27 | ... Q38: =Q9-Q19 -> 0.29 | R38: PT1- | S38: =S9-S19 -> 0.9 | T38: =T9-T19 -> 0.95 | U38: =U9-U19 -> 0.87 | V38: =V9-V19 -> 1.04 | W38: =W9-W19 -> 1 | X38: PT2- | Y38: =Y9-Y19 -> 1.22 | Z38: =Z9-Z19 -> 1.09 | AA38: =AA9-AA19 -> 1.27 | AB38: =AB9-AB19 -> 1.19 | AC38: =AC9-AC19 -> 1.11 | AD38: =AD9-AD19 -> 1.26 | AE38: =AE9-AE19 -> 1.3 | AF38: =AF9-AF19 -> 1.16 | ... AH38: =AH9-AH19 -> 1.23
B39: =B10-B20 -> 0.36 | C39: =C10-C20 -> 0.26 | D39: =D10-D20 -> 0.36 | E39: =E10-E20 -> 0.32 | F39: =F10-F20 -> 0.3 | H39: =H10-H20 -> 0.31 | I39: =I10-I20 -> 0.32 | J39: =J10-J20 -> 0.29 | K39: =K10-K20 -> 0.31 | L39: =L10-L20 -> 0.32 | M39: =M10-M20 -> 0.28 | N39: =N10-N20 -> 0.25 | O39: =O10-O20 -> 0.31 | ... Q39: =Q10-Q20 -> 0.34 | S39: =S10-S20 -> 1.03 | T39: =T10-T20 -> 0.96 | U39: =U10-U20 -> 1 | V39: =V10-V20 -> 1.13 | W39: =W10-W20 -> 1.04 | Y39: =Y10-Y20 -> 1.34 | Z39: =Z10-Z20 -> 1.13 | AA39: =AA10-AA20 -> 1.3 | AB39: =AB10-AB20 -> 1.21 | AC39: =AC10-AC20 -> 1.24 | AD39: =AD10-AD20 -> 1.25 | AE39: =AE10-AE20 -> 1.17 | AF39: =AF10-AF20 -> 1.26 | ... AH39: =AH10-AH20 -> 1.4
B40: =B11-B21 -> 0.26 | C40: =C11-C21 -> 0.28 | D40: =D11-D21 -> 0.32 | E40: =E11-E21 -> 0.31 | F40: =F11-F21 -> 0.29 | H40: =H11-H21 -> 0.3 | I40: =I11-I21 -> 0.26 | J40: =J11-J21 -> 0.31 | K40: =K11-K21 -> 0.31 | L40: =L11-L21 -> 0.26 | M40: =M11-M21 -> 0.27 | N40: =N11-N21 -> 0.21 | O40: =O11-O21 -> 0.23 | ... Q40: =Q11-Q21 -> 0.27 | S40: =S11-S21 -> 0.99 | T40: =T11-T21 -> 1.01 | U40: =U11-U21 -> 0.89 | V40: =V11-V21 -> 1.1 | W40: =W11-W21 -> 1 | Y40: =Y11-Y21 -> 1.33 | Z40: =Z11-Z21 -> 1.33 | AA40: =AA11-AA21 -> 1.34 | AB40: =AB11-AB21 -> 1.19 | AC40: =AC11-AC21 -> 1.14 | AD40: =AD11-AD21 -> 1.26 | AE40: =AE11-AE21 -> 1.18 | AF40: =AF11-AF21 -> 1.19 | ... AH40: =AH11-AH21 -> 1.45
B41: =B12-B22 -> 0.39 | C41: =C12-C22 -> 0.31 | D41: =D12-D22 -> 0.27 | E41: =E12-E22 -> 0.27 | F41: =F12-F22 -> 0.22 | H41: =H12-H22 -> 0.28 | I41: =I12-I22 -> 0.28 | J41: =J12-J22 -> 0.3 | K41: =K12-K22 -> 0.29 | L41: =L12-L22 -> 0.27 | M41: =M12-M22 -> 0.32 | N41: =N12-N22 -> 0.34 | O41: =O12-O22 -> 0.25 | ... Q41: =Q12-Q22 -> 0.31 | S41: =S12-S22 -> 1.04 | T41: =T12-T22 -> 0.96 | U41: =U12-U22 -> 0.96 | V41: =V12-V22 -> 0.99 | W41: =W12-W22 -> 0.96 | Y41: =Y12-Y22 -> 1.32 | Z41: =Z12-Z22 -> 1.1 | AA41: =AA12-AA22 -> 1.34 | AB41: =AB12-AB22 -> 1.07 | AC41: =AC12-AC22 -> 1.16 | AD41: =AD12-AD22 -> 1.21 | AE41: =AE12-AE22 -> 1.16 | AF41: =AF12-AF22 -> 1.22 | ... AH41: =AH12-AH22 -> 1.22
B42: =B13-B23 -> 0.33 | C42: =C13-C23 -> 0.23 | D42: =D13-D23 -> 0.28 | E42: =E13-E23 -> 0.25 | F42: =F13-F23 -> 0.36 | H42: =H13-H23 -> 0.34 | I42: =I13-I23 -> 0.31 | J42: =J13-J23 -> 0.27 | K42: =K13-K23 -> 0.27 | L42: =L13-L23 -> 0.23 | M42: =M13-M23 -> 0.31 | N42: =N13-N23 -> 0.19 | O42: =O13-O23 -> 0.33 | ... Q42: =Q13-Q23 -> 0.25 | S42: =S13-S23 -> 0.97 | T42: =T13-T23 -> 0.89 | U42: =U13-U23 -> 1.01 | V42: =V13-V23 -> 0.9 | W42: =W13-W23 -> 1.05 | Y42: =Y13-Y23 -> 1.19 | Z42: =Z13-Z23 -> 1.16 | AA42: =AA13-AA23 -> 1.18 | AB42: =AB13-AB23 -> 1.27 | AC42: =AC13-AC23 -> 1.19 | AD42: =AD13-AD23 -> 1.26 | AE42: =AE13-AE23 -> 1.15 | AF42: =AF13-AF23 -> 1.09 | ... AH42: =AH13-AH23 -> 1.25
A43: A side- EA | B43: =AVERAGE(B33:F37) -> 0.2852 | C43: R | D43: =MAX(B33:F37)-MIN(B33:F37) -> 1.2 | E43: ER | F43: =B43/(0.975/E27) -> 0.49727179 | G43: A side- EA | H43: =AVERAGE(H33:Q37) -> 0.2952 | I43: R | J43: =MAX(H33:Q37)-MIN(H33:Q37) -> 0.2 | K43: ER | L43: =H43/(0.975/K27) -> 0.45415385 | M43: % | N43: =1-(J43/2*H43) -> 0.97048 | O43: T-R | P43: =MAX(H33:Q42)-MIN(H33:Q42) -> 0.24 | R43: A side- EA | S43: =AVERAGE(S33:W37) -> 1.248 | T43: R | U43: =MAX(S33:W37)-MIN(S33:W37) -> 0.16 | V43: ER | W43: =S43/(1.944/V27) -> 0.89876543 | X43: A side- EA | Y43: =AVERAGE(Y33:AH37) -> 1.60358 | Z43: R | AA43: =MAX(Y33:AH37)-MIN(Y33:AH37) -> 0.62 | AB43: ER | AC43: =Y43/(2.268/AB27) -> 1.0605688 | AD43: % | AE43: =1-(AA43/2*Y43) -> 0.5028902 | AF43: T-R | AG43: =MAX(Y33:AH42)-MIN(Y33:AH42) -> 0.78
A44: B side- EA | B44: =AVERAGE(B39:F42) -> 0.2985 | C44: R | D44: =MAX(B38:F42)-MIN(B38:F42) -> 0.17 | E44: ER | F44: =B44/(0.975/E27) -> 0.52046154 | G44: B side- EA | H44: =AVERAGE(H39:Q42) -> 0.2835 | I44: R | J44: =MAX(H38:Q42)-MIN(H38:Q42) -> 0.18 | K44: ER | L44: =H44/(0.975/K27) -> 0.43615385 | M44: % | N44: =1-(J44/2*H44) -> 0.974485 | O44: T-% | P44: =1-(P43/2*AVERAGE(H43:H44)) -> 0.965278 | R44: B side- EA | S44: =AVERAGE(S39:W42) -> 0.994 | T44: R | U44: =MAX(S38:W42)-MIN(S38:W42) -> 0.26 | V44: ER | W44: =S44/(1.944/V27) -> 0.71584362 | X44: B side- EA | Y44: =AVERAGE(Y39:AH42) -> 1.2325 | Z44: R | AA44: =MAX(Y38:AH42)-MIN(Y38:AH42) -> 0.38 | AB44: ER | AC44: =Y44/(2.268/AB27) -> 0.8151455 | AD44: % | AE44: =1-(AA44/2*Y44) -> 0.765825 | AF44: T-% | AG44: =1-(AG43/2*AVERAGE(Y43:Y44)) -> 0.4469644
A46: PD-3-581-06B

Sheet 0814.
A1: PT咬蝕量量測記錄表 | G1: PT咬蝕量量測記錄表 | R1: QE咬蝕量量測記錄表 | X1: QE咬蝕量量測記錄表 | AI1: PT咬蝕量量測記錄表 | AO1: PT咬蝕量量測記錄表 | AU1: PT咬蝕量量測記錄表
A2: PT-01 | G2: PT-02 | R2: QE-01 | X2: QE-02 | AI2: PT-01-2 | AO2: PT-01-3 | AU2: PT-02-2
A3: OP | B3: 1 | C3: 2 | D3: 3 | E3: 4 | F3: 5 | G3: OP | H3: 1 | I3: 2 | J3: 3 | K3: 4 | L3: 5 | M3: 6 | N3: 7 | O3: 8 | P3: 9 | Q3: 10 | R3: OP | S3: 1 | T3: 2 | U3: 3 | V3: 4 | W3: 5 | X3: OP | Y3: 1 | Z3: 2 | AA3: 3 | AB3: 4 | AC3: 5 | AD3: 6 | AE3: 7 | AF3: 8 | AG3: 9 | AH3: 10 | AI3: OP | AJ3: 1 | AK3: 2 | AL3: 3 | AM3: 4 | AN3: 5 | AO3: OP | AP3: 1 | AQ3: 2 | AR3: 3 | AS3: 4 | AT3: 5 | AU3: OP | AV3: 1 | AW3: 2 | AX3: 3 | AY3: 4 | AZ3: 5 | BA3: 6 | BB3: 7 | BC3: 8 | BD3: 9 | BE3: 10
A4: BEFORE | B4: 4.81 | C4: 4.79 | D4: 5 | E4: 5.05 | F4: 5.04 | G4: BEFORE | H4: 2.17 | I4: 2.28 | J4: 2.31 | K4: 2.29 | L4: 2.32 | M4: 2.27 | N4: 2.33 | O4: 2.33 | P4: 2.29 | Q4: 2.1 | R4: BEFORE | S4: 5.28 | T4: 5.39 | U4: 5.11 | V4: 4.92 | W4: 4.87 | X4: BEFORE | Y4: 5.19 | Z4: 5.3 | AA4: 5.36 | AB4: 5.44 | AC4: 5.51 | AD4: 5.78 | AE4: 5.74 | AF4: 5.6 | AG4: 5.61 | AH4: 5.39 | AI4: BEFORE | AJ4: 5.24 | AK4: 5.18 | AL4: 5.25 | AM4: 4.98 | AN4: 4.85 | AO4: BEFORE | AP4: 5.12 | AQ4: 5.14 | AR4: 5.11 | AS4: 5.04 | AT4: 4.78 | AU4: BEFORE | AV4: 2.22 | AW4: 2.38 | AX4: 2.42 | AY4: 2.41 | AZ4: 2.38 | BA4: 2.38 | BB4: 2.35 | BC4: 2.33 | BD4: 2.2 | BE4: 2.12
B5: 4.79 | C5: 4.65 | D5: 5.02 | E5: 5.13 | F5: 5.08 | H5: 2.27 | I5: 2.27 | J5: 2.33 | K5: 2.27 | L5: 2.34 | M5: 2.36 | N5: 2.31 | O5: 2.31 | P5: 2.32 | Q5: 2.12 | S5: 5.28 | T5: 5.21 | U5: 5.27 | V5: 4.91 | W5: 4.89 | Y5: 5.42 | Z5: 5.5 | AA5: 5.43 | AB5: 5.49 | AC5: 5.65 | AD5: 5.8 | AE5: 5.91 | AF5: 5.85 | AG5: 5.79 | AH5: 5.52 | AJ5: 5.24 | AK5: 5.25 | AL5: 5.29 | AM5: 5.02 | AN5: 4.97 | AP5: 5.1 | AQ5: 5.34 | AR5: 5.11 | AS5: 5.04 | AT5: 4.82 | AV5: 2.15 | AW5: 2.27 | AX5: 2.37 | AY5: 2.42 | AZ5: 2.37 | BA5: 2.29 | BB5: 2.34 | BC5: 2.29 | BD5: 2.28 | BE5: 2.14
B6: 4.81 | C6: 4.72 | D6: 5.13 | E6: 5.16 | F6: 4.98 | H6: 2.24 | I6: 2.26 | J6: 2.32 | K6: 2.35 | L6: 2.4 | M6: 2.36 | N6: 2.38 | O6: 2.32 | P6: 2.31 | Q6: 2.17 | S6: 5.28 | T6: 5.3 | U6: 5.28 | V6: 4.98 | W6: 4.98 | Y6: 5.44 | Z6: 5.33 | AA6: 5.44 | AB6: 5.51 | AC6: 5.44 | AD6: 5.67 | AE6: 5.77 | AF6: 5.78 | AG6: 5.7 | AH6: 5.49 | AJ6: 5.296 | AK6: 5.36 | AL6: 5.23 | AM6: 5 | AN6: 5.05 | AP6: 5.15 | AQ6: 5.22 | AR6: 4.92 | AS6: 4.88 | AT6: 4.8 | AV6: 2.1 | AW6: 2.34 | AX6: 2.35 | AY6: 2.38 | AZ6: 2.35 | BA6: 2.38 | BB6: 2.31 | BC6: 2.31 | BD6: 2.22 | BE6: 2.19
B7: 4.74 | C7: 4.64 | D7: 4.86 | E7: 4.9 | F7: 5.09 | H7: 2.18 | I7: 2.24 | J7: 2.36 | K7: 2.33 | L7: 2.32 | M7: 2.33 | N7: 2.31 | O7: 2.32 | P7: 2.33 | Q7: 2.14 | S7: 5.21 | T7: 5.34 | U7: 5.22 | V7: 5.05 | W7: 4.97 | Y7: 5.4 | Z7: 5.42 | AA7: 5.29 | AB7: 5.61 | AC7: 5.64 | AD7: 5.79 | AE7: 5.73 | AF7: 5.79 | AG7: 5.85 | AH7: 5.37 | AJ7: 5.27 | AK7: 5.35 | AL7: 5.26 | AM7: 5.04 | AN7: 4.83 | AP7: 4.99 | AQ7: 5.2 | AR7: 5.08 | AS7: 4.86 | AT7: 4.81 | AV7: 2.24 | AW7: 2.4 | AX7: 2.47 | AY7: 2.43 | AZ7: 2.41 | BA7: 2.35 | BB7: 2.37 | BC7: 2.36 | BD7: 2.22 | BE7: 2.14
B8: 4.74 | C8: 4.65 | D8: 5 | E8: 4.86 | F8: 4.93 | H8: 2.23 | I8: 2.19 | J8: 2.29 | K8: 2.34 | L8: 2.37 | M8: 2.4 | N8: 2.34 | O8: 2.38 | P8: 2.27 | Q8: 2.16 | S8: 5.25 | T8: 5.31 | U8: 5.21 | V8: 4.9 | W8: 4.81 | Y8: 5.38 | Z8: 5.38 | AA8: 5.4 | AB8: 5.42 | AC8: 5.62 | AD8: 5.53 | AE8: 5.73 | AF8: 5.8 | AG8: 5.67 | AH8: 5.51 | AJ8: 5.07 | AK8: 5.14 | AL8: 5.33 | AM8: 5 | AN8: 5 | AP8: 5.12 | AQ8: 5.15 | AR8: 5.07 | AS8: 4.96 | AT8: 4.88 | AV8: 2.16 | AW8: 2.25 | AX8: 2.36 | AY8: 2.3 | AZ8: 2.35 | BA8: 2.3 | BB8: 2.24 | BC8: 2.27 | BD8: 2.29 | BE8: 2.14
B9: 5.26 | C9: 5.01 | D9: 5.1 | E9: 5.15 | F9: 5 | H9: 2.15 | I9: 2.22 | J9: 2.38 | K9: 2.43 | L9: 2.34 | M9: 2.38 | N9: 2.46 | O9: 2.48 | P9: 2.41 | Q9: 2.18 | S9: 5.16 | T9: 5.1 | U9: 5.06 | V9: 4.83 | W9: 4.86 | Y9: 5.56 | Z9: 5.49 | AA9: 5.7 | AB9: 5.52 | AC9: 5.76 | AD9: 5.6 | AE9: 5.75 | AF9: 5.86 | AG9: 5.64 | AH9: 5.58 | AJ9: 5.2 | AK9: 5.26 | AL9: 5.38 | AM9: 5.006 | AN9: 4.96 | AP9: 5.2 | AQ9: 5.16 | AR9: 5.17 | AS9: 4.92 | AT9: 4.95 | AV9: 2.1 | AW9: 2.21 | AX9: 2.3 | AY9: 2.32 | AZ9: 2.3 | BA9: 2.28 | BB9: 2.35 | BC9: 2.34 | BD9: 2.24 | BE9: 2.16
B10: 5.21 | C10: 5.13 | D10: 5.21 | E10: 5.07 | F10: 5.07 | H10: 2.17 | I10: 2.26 | J10: 2.29 | K10: 2.27 | L10: 2.32 | M10: 2.39 | N10: 2.39 | O10: 2.45 | P10: 2.23 | Q10: 2.09 | S10: 5.21 | T10: 5.07 | U10: 5.11 | V10: 4.91 | W10: 4.96 | Y10: 5.53 | Z10: 5.51 | AA10: 5.62 | AB10: 5.71 | AC10: 5.72 | AD10: 5.74 | AE10: 5.8 | AF10: 5.82 | AG10: 5.81 | AH10: 5.75 | AJ10: 5.25 | AK10: 5.46 | AL10: 5.34 | AM10: 5.14 | AN10: 5.11 | AP10: 5.07 | AQ10: 5.21 | AR10: 5.11 | AS10: 4.86 | AT10: 4.85 | AV10: 2.16 | AW10: 2.24 | AX10: 2.22 | AY10: 2.29 | AZ10: 2.38 | BA10: 2.34 | BB10: 2.37 | BC10: 2.33 | BD10: 2.33 | BE10: 2.25
B11: 5.16 | C11: 5.04 | D11: 5.07 | E11: 5.02 | F11: 4.97 | H11: 2.2 | I11: 2.26 | J11: 2.37 | K11: 2.41 | L11: 2.35 | M11: 2.41 | N11: 2.46 | O11: 2.42 | P11: 2.35 | Q11: 2.14 | S11: 5.24 | T11: 5.23 | U11: 5.19 | V11: 4.95 | W11: 4.89 | Y11: 5.51 | Z11: 5.6 | AA11: 5.62 | AB11: 5.59 | AC11: 5.65 | AD11: 5.6 | AE11: 5.745 | AF11: 5.88 | AG11: 5.83 | AH11: 5.59 | AJ11: 5.45 | AK11: 5.32 | AL11: 5.37 | AM11: 5.08 | AN11: 5.04 | AP11: 5.23 | AQ11: 5.3 | AR11: 5.18 | AS11: 4.81 | AT11: 4.83 | AV11: 2.13 | AW11: 2.28 | AX11: 2.35 | AY11: 2.36 | AZ11: 2.35 | BA11: 2.33 | BB11: 2.31 | BC11: 2.26 | BD11: 2.25 | BE11: 2.26
B12: 5.19 | C12: 5.19 | D12: 5.1 | E12: 5.21 | F12: 5.07 | H12: 2.15 | I12: 2.28 | J12: 2.21 | K12: 2.31 | L12: 2.31 | M12: 2.35 | N12: 2.35 | O12: 2.35 | P12: 2.28 | Q12: 2.2 | S12: 5.2 | T12: 5.22 | U12: 5.13 | V12: 5.01 | W12: 4.92 | Y12: 5.45 | Z12: 5.64 | AA12: 5.65 | AB12: 5.56 | AC12: 5.58 | AD12: 5.79 | AE12: 5.68 | AF12: 5.798 | AG12: 5.72 | AH12: 5.53 | AJ12: 5.39 | AK12: 5.5 | AL12: 5.22 | AM12: 4.89 | AN12: 5.07 | AP12: 5.2 | AQ12: 5.17 | AR12: 5.1 | AS12: 4.88 | AT12: 4.91 | AV12: 2.14 | AW12: 2.23 | AX12: 2.28 | AY12: 2.3 | AZ12: 2.34 | BA12: 2.28 | BB12: 2.38 | BC12: 2.3 | BD12: 2.27 | BE12: 2.18
B13: 5.12 | C13: 5.08 | D13: 5.01 | E13: 5.11 | F13: 5.02 | H13: 2.11 | I13: 2.21 | J13: 2.37 | K13: 2.33 | L13: 2.38 | M13: 2.35 | N13: 2.35 | O13: 2.32 | P13: 2.37 | Q13: 2.16 | S13: 5.23 | T13: 5.29 | U13: 5.11 | V13: 4.91 | W13: 4.77 | Y13: 5.25 | Z13: 5.58 | AA13: 5.52 | AB13: 5.63 | AC13: 5.63 | AD13: 5.62 | AE13: 5.66 | AF13: 5.69 | AG13: 5.6 | AH13: 5.46 | AJ13: 5.21 | AK13: 5.26 | AL13: 5.04 | AM13: 4.93 | AN13: 4.98 | AP13: 5.12 | AQ13: 5.17 | AR13: 5.11 | AS13: 4.87 | AT13: 4.74 | AV13: 2.14 | AW13: 2.25 | AX13: 2.28 | AY13: 2.32 | AZ13: 2.38 | BA13: 2.33 | BB13: 2.36 | BC13: 2.26 | BD13: 2.18 | BE13: 2.2
A14: AFTER | B14: 4.49 | C14: 4.65 | D14: 4.79 | E14: 4.8 | F14: 4.86 | G14: AFTER | H14: 1.85 | I14: 1.94 | J14: 1.99 | K14: 2.02 | L14: 2.01 | M14: 2 | N14: 2.03 | O14: 2.02 | P14: 1.99 | Q14: 1.81 | R14: AFTER | S14: 3.95 | T14: 4.07 | U14: 3.9 | V14: 3.72 | W14: 3.63 | Y14: 3.86 | Z14: 3.84 | AA14: 3.93 | AB14: 3.85 | AC14: 3.97 | AD14: 4.21 | AE14: 4.22 | AF14: 4.25 | AG14: 4.15 | AH14: 4.13 | AI14: AFTER | AJ14: 4.84 | AK14: 4.92 | AL14: 4.9 | AM14: 4.63 | AN14: 4.53 | AO14: AFTER | AP14: 4.93 | AQ14: 4.9 | AR14: 4.76 | AS14: 4.67 | AT14: 4.55 | AU14: AFTER | AV14: 1.91 | AW14: 2.03 | AX14: 2.11 | AY14: 2.12 | AZ14: 2.11 | BA14: 2.05 | BB14: 2.02 | BC14: 2.06 | BD14: 1.92 | BE14: 1.82
B15: 4.62 | C15: 4.51 | D15: 4.81 | E15: 4.87 | F15: 4.91 | H15: 1.9 | I15: 1.96 | J15: 2.01 | K15: 2.02 | L15: 2.03 | M15: 2 | N15: 2.02 | O15: 1.99 | P15: 1.95 | Q15: 1.82 | S15: 4.04 | T15: 4.01 | U15: 3.91 | V15: 3.75 | W15: 3.68 | Y15: 3.91 | Z15: 3.89 | AA15: 3.93 | AB15: 3.89 | AC15: 4.08 | AD15: 4.26 | AE15: 4.31 | AF15: 4.34 | AG15: 4.3 | AH15: 4.08 | AJ15: 4.9 | AK15: 5.01 | AL15: 4.92 | AM15: 4.7 | AN15: 4.54 | AP15: 4.9 | AQ15: 4.98 | AR15: 4.77 | AS15: 4.56 | AT15: 4.56 | AV15: 1.87 | AW15: 2 | AX15: 2.07 | AY15: 2.1 | AZ15: 2.08 | BA15: 2.04 | BB15: 1.99 | BC15: 1.99 | BD15: 1.96 | BE15: 1.86
B16: 4.51 | C16: 4.49 | D16: 4.72 | E16: 4.82 | F16: 4.95 | H16: 1.88 | I16: 1.95 | J16: 2.03 | K16: 2.06 | L16: 2.05 | M16: 2 | N16: 2.02 | O16: 2 | P16: 1.97 | Q16: 1.85 | S16: 4.05 | T16: 3.99 | U16: 3.95 | V16: 3.74 | W16: 3.7 | Y16: 3.98 | Z16: 3.95 | AA16: 3.93 | AB16: 3.94 | AC16: 4.04 | AD16: 4.29 | AE16: 4.32 | AF16: 4.33 | AG16: 4.3 | AH16: 4.08 | AJ16: 4.97 | AK16: 4.94 | AL16: 4.89 | AM16: 4.72 | AN16: 4.65 | AP16: 4.9 | AQ16: 4.93 | AR16: 4.83 | AS16: 4.66 | AT16: 4.65 | AV16: 1.85 | AW16: 1.99 | AX16: 2.06 | AY16: 2.08 | AZ16: 2.05 | BA16: 2.02 | BB16: 1.98 | BC16: 1.96 | BD16: 1.97 | BE16: 1.83
B17: 4.54 | C17: 4.51 | D17: 4.76 | E17: 4.77 | F17: 4.94 | H17: 1.9 | I17: 1.94 | J17: 1.97 | K17: 2.01 | L17: 2 | M17: 2.03 | N17: 2.05 | O17: 2.01 | P17: 1.96 | Q17: 1.84 | S17: 4 | T17: 4.02 | U17: 3.87 | V17: 3.7 | W17: 3.63 | Y17: 3.97 | Z17: 3.93 | AA17: 3.96 | AB17: 3.94 | AC17: 4.14 | AD17: 4.31 | AE17: 4.31 | AF17: 4.34 | AG17: 4.27 | AH17: 4.07 | AJ17: 4.91 | AK17: 4.94 | AL17: 4.85 | AM17: 4.7 | AN17: 4.52 | AP17: 4.93 | AQ17: 4.95 | AR17: 4.8 | AS17: 4.64 | AT17: 4.53 | AV17: 1.91 | AW17: 2.04 | AX17: 2.11 | AY17: 2.13 | AZ17: 2.08 | BA17: 2.06 | BB17: 2.05 | BC17: 2.06 | BD17: 1.93 | BE17: 1.87
B18: 4.46 | C18: 4.38 | D18: 4.74 | E18: 4.76 | F18: 4.82 | H18: 1.92 | I18: 1.92 | J18: 1.98 | K18: 2 | L18: 2.05 | M18: 2.02 | N18: 2.04 | O18: 2.01 | P18: 1.97 | Q18: 1.82 | S18: 4.01 | T18: 4.08 | U18: 3.84 | V18: 3.65 | W18: 3.69 | Y18: 3.84 | Z18: 3.84 | AA18: 3.88 | AB18: 3.92 | AC18: 4.07 | AD18: 4.25 | AE18: 4.28 | AF18: 4.23 | AG18: 4.18 | AH18: 4.05 | AJ18: 4.79 | AK18: 4.69 | AL18: 4.81 | AM18: 4.59 | AN18: 4.52 | AP18: 4.87 | AQ18: 4.89 | AR18: 4.86 | AS18: 4.69 | AT18: 4.58 | AV18: 1.78 | AW18: 1.94 | AX18: 1.99 | AY18: 2.01 | AZ18: 2.01 | BA18: 1.97 | BB18: 1.97 | BC18: 1.96 | BD18: 1.96 | BE18: 1.85
B19: 4.9 | C19: 4.78 | D19: 4.93 | E19: 4.92 | F19: 4.86 | H19: 1.8 | I19: 1.89 | J19: 2.05 | K19: 2.05 | L19: 2.03 | M19: 2.08 | N19: 2.09 | O19: 2.11 | P19: 2.08 | Q19: 1.92 | S19: 4.13 | T19: 4.17 | U19: 4.14 | V19: 3.89 | W19: 3.77 | Y19: 4.29 | Z19: 4.2 | AA19: 4.33 | AB19: 4.33 | AC19: 4.34 | AD19: 4.43 | AE19: 4.47 | AF19: 4.51 | AG19: 4.46 | AH19: 4.35 | AJ19: 4.9 | AK19: 4.9 | AL19: 4.96 | AM19: 4.72 | AN19: 4.61 | AP19: 4.53 | AQ19: 4.63 | AR19: 4.84 | AS19: 4.9 | AT19: 4.91 | AV19: 1.8 | AW19: 1.98 | AX19: 2.01 | AY19: 2.02 | AZ19: 2.02 | BA19: 2.03 | BB19: 2 | BC19: 2 | BD19: 1.92 | BE19: 1.88
B20: 4.86 | C20: 4.85 | D20: 4.96 | E20: 4.9 | F20: 4.87 | H20: 1.8 | I20: 1.89 | J20: 1.93 | K20: 1.94 | L20: 1.97 | M20: 2.03 | N20: 2.04 | O20: 2.05 | P20: 1.94 | Q20: 1.81 | S20: 4.12 | T20: 4.21 | U20: 4.09 | V20: 3.94 | W20: 3.81 | Y20: 4.28 | Z20: 4.27 | AA20: 4.37 | AB20: 4.34 | AC20: 4.34 | AD20: 4.44 | AE20: 4.48 | AF20: 4.54 | AG20: 4.564 | AH20: 4.41 | AJ20: 5.06 | AK20: 5.09 | AL20: 4.92 | AM20: 4.69 | AN20: 4.69 | AP20: 4.5 | AQ20: 4.54 | AR20: 4.86 | AS20: 4.89 | AT20: 4.89 | AV20: 1.85 | AW20: 2.01 | AX20: 2.05 | AY20: 2.1 | AZ20: 2.09 | BA20: 2.09 | BB20: 2.05 | BC20: 2.03 | BD20: 1.96 | BE20: 1.92
B21: 4.84 | C21: 4.8 | D21: 4.85 | E21: 4.96 | F21: 4.6 | H21: 1.83 | I21: 1.9 | J21: 2.04 | K21: 2.05 | L21: 2.07 | M21: 2.06 | N21: 2.12 | O21: 2.11 | P21: 2.05 | Q21: 1.86 | S21: 4.25 | T21: 4.24 | U21: 4.11 | V21: 3.9 | W21: 3.83 | Y21: 4.21 | Z21: 4.34 | AA21: 4.36 | AB21: 4.34 | AC21: 4.3 | AD21: 4.42 | AE21: 4.52 | AF21: 4.57 | AG21: 4.5 | AH21: 4.38 | AJ21: 4.99 | AK21: 5 | AL21: 4.83 | AM21: 4.71 | AN21: 4.6 | AP21: 4.53 | AQ21: 4.63 | AR21: 4.95 | AS21: 4.95 | AT21: 4.95 | AV21: 1.87 | AW21: 2.02 | AX21: 2.07 | AY21: 2.08 | AZ21: 2.07 | BA21: 2.04 | BB21: 2 | BC21: 2.02 | BD21: 1.96 | BE21: 1.9
B22: 4.82 | C22: 4.91 | D22: 4.98 | E22: 4.97 | F22: 4.85 | H22: 1.79 | I22: 1.91 | J22: 1.94 | K22: 1.93 | L22: 1.97 | M22: 2 | N22: 2.05 | O22: 2.03 | P22: 1.96 | Q22: 1.86 | S22: 3.89 | T22: 3.87 | U22: 4.07 | V22: 4.2 | W22: 4.19 | Y22: 4.21 | Z22: 4.26 | AA22: 4.41 | AB22: 4.25 | AC22: 4.34 | AD22: 4.39 | AE22: 4.49 | AF22: 4.55 | AG22: 4.51 | AH22: 4.37 | AJ22: 4.97 | AK22: 4.97 | AL22: 4.91 | AM22: 4.68 | AN22: 4.71 | AP22: 4.58 | AQ22: 4.68 | AR22: 4.85 | AS22: 4.9 | AT22: 4.91 | AV22: 1.85 | AW22: 2 | AX22: 2.04 | AY22: 2.06 | AZ22: 2.05 | BA22: 2.06 | BB22: 2.05 | BC22: 1.99 | BD22: 1.95 | BE22: 1.88
B23: 4.89 | C23: 4.83 | D23: 4.84 | E23: 4.95 | F23: 4.79 | H23: 1.75 | I23: 1.9 | J23: 2.01 | K23: 2 | L23: 2.05 | M23: 2.08 | N23: 2.09 | O23: 2.08 | P23: 2.02 | Q23: 1.86 | S23: 3.82 | T23: 3.83 | U23: 4.04 | V23: 4.16 | W23: 4.13 | Y23: 4.12 | Z23: 4.17 | AA23: 4.25 | AB23: 4.26 | AC23: 4.29 | AD23: 4.38 | AE23: 4.47 | AF23: 4.49 | AG23: 4.39 | AH23: 4.28 | AJ23: 4.76 | AK23: 4.95 | AL23: 4.78 | AM23: 4.57 | AN23: 4.55 | AP23: 4.48 | AQ23: 4.62 | AR23: 4.83 | AS23: 4.92 | AT23: 4.82 | AV23: 1.86 | AW23: 1.97 | AX23: 2.02 | AY23: 2.05 | AZ23: 2.07 | BA23: 2.01 | BB23: 2.01 | BC23: 2 | BD23: 1.95 | BE23: 1.91
A25: 項次 | B25: 單位 | C25: 規格 | E25: 數值 | G25: 項次 | H25: 單位 | I25: 規格 | K25: 數值 | R25: 項次 | S25: 單位 | T25: 規格 | V25: 數值 | X25: 項次 | Y25: 單位 | Z25: 規格 | AB25: 數值 | AI25: 項次 | AJ25: 單位 | AK25: 規格 | AM25: 數值 | AO25: 項次 | AP25: 單位 | AQ25: 規格 | AS25: 數值 | AU25: 項次 | AV25: 單位 | AW25: 規格 | AY25: 數值
A26: 咬蝕量 | B26: um | C26: 0.3 | D26: ±0.1 | E26: =AVERAGE(B4:F13)-AVERAGE(B14:F23) -> 0.219 | G26: 咬蝕量 | H26: um | I26: 0.3 | J26: ±0.1 | K26: =AVERAGE(H4:Q13)-AVERAGE(H14:Q23) -> 0.3245 | R26: 咬蝕量 | S26: um | T26: 1.07 | U26: ±0.21 | V26: =AVERAGE(S4:W13)-AVERAGE(S14:W23) -> 1.148 | X26: 咬蝕量 | Y26: um | Z26: 1.38 | AA26: ±0.23 | AB26: =AVERAGE(Y4:AH13)-AVERAGE(Y14:AH23) -> 1.37399 | AI26: 咬蝕量 | AJ26: um | AK26: 0.3 | AL26: ±0.1 | AM26: =AVERAGE(AJ4:AN13)-AVERAGE(AJ14:AN23) -> 0.36904 | AO26: 咬蝕量 | AP26: um | AQ26: 0.3 | AR26: ±0.1 | AS26: =AVERAGE(AP4:AT13)-AVERAGE(AP14:AT23) -> 0.2686 | AU26: 咬蝕量 | AV26: um | AW26: 0.3 | AX26: ±0.1 | AY26: =AVERAGE(AV4:BE13)-AVERAGE(AV14:BE23) -> 0.2968
A27: 線速 | B27: M/min | C27: ="--" -> -- | E27: 1.7 | G27: 線速 | H27: M/min | I27: ="--" -> -- | K27: 1.5 | R27: 線速 | S27: M/min | T27: ="--" -> -- | V27: 1.4 | X27: 線速 | Y27: M/min | Z27: ="--" -> -- | AB27: 1.5 | AI27: 線速 | AJ27: M/min | AK27: ="--" -> -- | AM27: 1.7 | AO27: 線速 | AP27: M/min | AQ27: ="--" -> -- | AS27: 1.7 | AU27: 線速 | AV27: M/min | AW27: ="--" -> -- | AY27: 1.5
A28: 咬蝕速率 | B28: um/min | C28: 0.52±0.15 | E28: =(E26/(0.975/E27)) -> 0.38184615 | G28: 咬蝕速率 | H28: um/min | I28: 0.46±0.10 | K28: =(K26/(0.975/K27)) -> 0.49923077 | R28: 咬蝕速率 | S28: um/min | T28: 0.77±0.15 | V28: =(V26/(1.944/V27)) -> 0.82674897 | X28: 咬蝕速率 | Y28: um/min | Z28: 0.9±0.15 | AB28: =(AB26/(2.268/AB27)) -> 0.90872354 | AI28: 咬蝕速率 | AJ28: um/min | AK28: 0.52±0.15 | AM28: =(AM26/(0.975/AM27)) -> 0.64345436 | AO28: 咬蝕速率 | AP28: um/min | AQ28: 0.52±0.15 | AS28: =(AS26/(0.975/AS27)) -> 0.46832821 | AU28: 咬蝕速率 | AV28: um/min | AW28: 0.46±0.10 | AY28: =(AY26/(0.975/AY27)) -> 0.45661538
A29: 生產速度(SPEED) | B29: M/min | C29: =0.972*E28/C26 -> 1.2371815 | E29: 以咬蝕量0.3um計算線速 | G29: 生產速度(SPEED) | H29: M/min | I29: =0.972*K28/I26 -> 1.6175077 | K29: 以咬蝕量0.3um計算線速 | R29: 生產速度(SPEED) | S29: M/min | T29: =1.944*V28/1.8 -> 0.89288889 | V29: 以咬蝕量1.8um計算線速 | X29: 生產速度(SPEED) | Y29: M/min | Z29: =2.268*AB28/1.5 -> 1.37399 | AB29: 以咬蝕量1.5um計算線速 | AI29: 生產速度(SPEED) | AJ29: M/min | AK29: =0.972*AM28/AK26 -> 2.0847921 | AM29: 以咬蝕量0.3um計算線速 | AO29: 生產速度(SPEED) | AP29: M/min | AQ29: =0.972*AS28/AQ26 -> 1.5173834 | AS29: 以咬蝕量0.3um計算線速 | AU29: 生產速度(SPEED) | AV29: M/min | AW29: =0.972*AY28/AW26 -> 1.4794338 | AY29: 以咬蝕量0.3um計算線速
A30: 量測日期 | C30: =TODAY() -> 46251 | R30: 量測日期 | T30: =TODAY() -> 46251 | AI30: 量測日期 | AK30: =TODAY() -> 46251 | AO30: 量測日期 | AQ30: =TODAY() -> 46251
A31: PT-01 | G31: PT-02 | R31: QE-01 | X31: QE-02 | AI31: PT-01 | AO31: PT-01 | AU31: PT-02
A32: 咬蝕量 | G32: 咬蝕量 | R32: 咬蝕量 | X32: 咬蝕量 | AI32: 咬蝕量 | AO32: 咬蝕量 | AU32: 咬蝕量
A33: PT1+ | B33: =B4-B14 -> 0.32 | C33: =C4-C14 -> 0.14 | D33: =D4-D14 -> 0.21 | E33: =E4-E14 -> 0.25 | F33: =F4-F14 -> 0.18 | G33: PT2+ | H33: =H4-H14 -> 0.32 | I33: =I4-I14 -> 0.34 | J33: =J4-J14 -> 0.32 | K33: =K4-K14 -> 0.27 | L33: =L4-L14 -> 0.31 | M33: =M4-M14 -> 0.27 | N33: =N4-N14 -> 0.3 | O33: =O4-O14 -> 0.31 | ... Q33: =Q4-Q14 -> 0.29 | R33: PT1+ | S33: =S4-S14 -> 1.33 | T33: =T4-T14 -> 1.32 | U33: =U4-U14 -> 1.21 | V33: =V4-V14 -> 1.2 | W33: =W4-W14 -> 1.24 | X33: PT2+ | Y33: =Y4-Y14 -> 1.33 | Z33: =Z4-Z14 -> 1.46 | AA33: =AA4-AA14 -> 1.43 | AB33: =AB4-AB14 -> 1.59 | AC33: =AC4-AC14 -> 1.54 | AD33: =AD4-AD14 -> 1.57 | AE33: =AE4-AE14 -> 1.52 | AF33: =AF4-AF14 -> 1.35 | ... AH33: =AH4-AH14 -> 1.26 | AI33: PT1+ | AJ33: =AJ4-AJ14 -> 0.4 | AK33: =AK4-AK14 -> 0.26 | AL33: =AL4-AL14 -> 0.35 | AM33: =AM4-AM14 -> 0.35 | AN33: =AN4-AN14 -> 0.32 | AO33: PT1+ | AP33: =AP4-AP14 -> 0.19 | AQ33: =AQ4-AQ14 -> 0.24 | AR33: =AR4-AR14 -> 0.35 | AS33: =AS4-AS14 -> 0.37 | AT33: =AT4-AT14 -> 0.23 | AU33: PT2+ | AV33: =AV4-AV14 -> 0.31 | AW33: =AW4-AW14 -> 0.35 | AX33: =AX4-AX14 -> 0.31 | AY33: =AY4-AY14 -> 0.29 | AZ33: =AZ4-AZ14 -> 0.27 | BA33: =BA4-BA14 -> 0.33 | BB33: =BB4-BB14 -> 0.33 | BC33: =BC4-BC14 -> 0.27 | ... BE33: =BE4-BE14 -> 0.3
B34: =B5-B15 -> 0.17 | C34: =C5-C15 -> 0.14 | D34: =D5-D15 -> 0.21 | E34: =E5-E15 -> 0.26 | F34: =F5-F15 -> 0.17 | H34: =H5-H15 -> 0.37 | I34: =I5-I15 -> 0.31 | J34: =J5-J15 -> 0.32 | K34: =K5-K15 -> 0.25 | L34: =L5-L15 -> 0.31 | M34: =M5-M15 -> 0.36 | N34: =N5-N15 -> 0.29 | O34: =O5-O15 -> 0.32 | ... Q34: =Q5-Q15 -> 0.3 | S34: =S5-S15 -> 1.24 | T34: =T5-T15 -> 1.2 | U34: =U5-U15 -> 1.36 | V34: =V5-V15 -> 1.16 | W34: =W5-W15 -> 1.21 | Y34: =Y5-Y15 -> 1.51 | Z34: =Z5-Z15 -> 1.61 | AA34: =AA5-AA15 -> 1.5 | AB34: =AB5-AB15 -> 1.6 | AC34: =AC5-AC15 -> 1.57 | AD34: =AD5-AD15 -> 1.54 | AE34: =AE5-AE15 -> 1.6 | AF34: =AF5-AF15 -> 1.51 | ... AH34: =AH5-AH15 -> 1.44 | AJ34: =AJ5-AJ15 -> 0.34 | AK34: =AK5-AK15 -> 0.24 | AL34: =AL5-AL15 -> 0.37 | AM34: =AM5-AM15 -> 0.32 | AN34: =AN5-AN15 -> 0.43 | AP34: =AP5-AP15 -> 0.2 | AQ34: =AQ5-AQ15 -> 0.36 | AR34: =AR5-AR15 -> 0.34 | AS34: =AS5-AS15 -> 0.48 | AT34: =AT5-AT15 -> 0.26 | AV34: =AV5-AV15 -> 0.28 | AW34: =AW5-AW15 -> 0.27 | AX34: =AX5-AX15 -> 0.3 | AY34: =AY5-AY15 -> 0.32 | AZ34: =AZ5-AZ15 -> 0.29 | BA34: =BA5-BA15 -> 0.25 | BB34: =BB5-BB15 -> 0.35 | BC34: =BC5-BC15 -> 0.3 | ... BE34: =BE5-BE15 -> 0.28
B35: =B6-B16 -> 0.3 | C35: =C6-C16 -> 0.23 | D35: =D6-D16 -> 0.41 | E35: =E6-E16 -> 0.34 | F35: =F6-F16 -> 0.03 | H35: =H6-H16 -> 0.36 | I35: =I6-I16 -> 0.31 | J35: =J6-J16 -> 0.29 | K35: =K6-K16 -> 0.29 | L35: =L6-L16 -> 0.35 | M35: =M6-M16 -> 0.36 | N35: =N6-N16 -> 0.36 | O35: =O6-O16 -> 0.32 | ... Q35: =Q6-Q16 -> 0.32 | S35: =S6-S16 -> 1.23 | T35: =T6-T16 -> 1.31 | U35: =U6-U16 -> 1.33 | V35: =V6-V16 -> 1.24 | W35: =W6-W16 -> 1.28 | Y35: =Y6-Y16 -> 1.46 | Z35: =Z6-Z16 -> 1.38 | AA35: =AA6-AA16 -> 1.51 | AB35: =AB6-AB16 -> 1.57 | AC35: =AC6-AC16 -> 1.4 | AD35: =AD6-AD16 -> 1.38 | AE35: =AE6-AE16 -> 1.45 | AF35: =AF6-AF16 -> 1.45 | ... AH35: =AH6-AH16 -> 1.41 | AJ35: =AJ6-AJ16 -> 0.326 | AK35: =AK6-AK16 -> 0.42 | AL35: =AL6-AL16 -> 0.34 | AM35: =AM6-AM16 -> 0.28 | AN35: =AN6-AN16 -> 0.4 | AP35: =AP6-AP16 -> 0.25 | AQ35: =AQ6-AQ16 -> 0.29 | AR35: =AR6-AR16 -> 0.09 | AS35: =AS6-AS16 -> 0.22 | AT35: =AT6-AT16 -> 0.15 | AV35: =AV6-AV16 -> 0.25 | AW35: =AW6-AW16 -> 0.35 | AX35: =AX6-AX16 -> 0.29 | AY35: =AY6-AY16 -> 0.3 | AZ35: =AZ6-AZ16 -> 0.3 | BA35: =BA6-BA16 -> 0.36 | BB35: =BB6-BB16 -> 0.33 | BC35: =BC6-BC16 -> 0.35 | ... BE35: =BE6-BE16 -> 0.36
B36: =B7-B17 -> 0.2 | C36: =C7-C17 -> 0.13 | D36: =D7-D17 -> 0.1 | E36: =E7-E17 -> 0.13 | F36: =F7-F17 -> 0.15 | H36: =H7-H17 -> 0.28 | I36: =I7-I17 -> 0.3 | J36: =J7-J17 -> 0.39 | K36: =K7-K17 -> 0.32 | L36: =L7-L17 -> 0.32 | M36: =M7-M17 -> 0.3 | N36: =N7-N17 -> 0.26 | O36: =O7-O17 -> 0.31 | ... Q36: =Q7-Q17 -> 0.3 | S36: =S7-S17 -> 1.21 | T36: =T7-T17 -> 1.32 | U36: =U7-U17 -> 1.35 | V36: =V7-V17 -> 1.35 | W36: =W7-W17 -> 1.34 | Y36: =Y7-Y17 -> 1.43 | Z36: =Z7-Z17 -> 1.49 | AA36: =AA7-AA17 -> 1.33 | AB36: =AB7-AB17 -> 1.67 | AC36: =AC7-AC17 -> 1.5 | AD36: =AD7-AD17 -> 1.48 | AE36: =AE7-AE17 -> 1.42 | AF36: =AF7-AF17 -> 1.45 | ... AH36: =AH7-AH17 -> 1.3 | AJ36: =AJ7-AJ17 -> 0.36 | AK36: =AK7-AK17 -> 0.41 | AL36: =AL7-AL17 -> 0.41 | AM36: =AM7-AM17 -> 0.34 | AN36: =AN7-AN17 -> 0.31 | AP36: =AP7-AP17 -> 0.06 | AQ36: =AQ7-AQ17 -> 0.25 | AR36: =AR7-AR17 -> 0.28 | AS36: =AS7-AS17 -> 0.22 | AT36: =AT7-AT17 -> 0.28 | AV36: =AV7-AV17 -> 0.33 | AW36: =AW7-AW17 -> 0.36 | AX36: =AX7-AX17 -> 0.36 | AY36: =AY7-AY17 -> 0.3 | AZ36: =AZ7-AZ17 -> 0.33 | BA36: =BA7-BA17 -> 0.29 | BB36: =BB7-BB17 -> 0.32 | BC36: =BC7-BC17 -> 0.3 | ... BE36: =BE7-BE17 -> 0.27
B37: =B8-B18 -> 0.28 | C37: =C8-C18 -> 0.27 | D37: =D8-D18 -> 0.26 | E37: =E8-E18 -> 0.1 | F37: =F8-F18 -> 0.11 | H37: =H8-H18 -> 0.31 | I37: =I8-I18 -> 0.27 | J37: =J8-J18 -> 0.31 | K37: =K8-K18 -> 0.34 | L37: =L8-L18 -> 0.32 | M37: =M8-M18 -> 0.38 | N37: =N8-N18 -> 0.3 | O37: =O8-O18 -> 0.37 | ... Q37: =Q8-Q18 -> 0.34 | S37: =S8-S18 -> 1.24 | T37: =T8-T18 -> 1.23 | U37: =U8-U18 -> 1.37 | V37: =V8-V18 -> 1.25 | W37: =W8-W18 -> 1.12 | Y37: =Y8-Y18 -> 1.54 | Z37: =Z8-Z18 -> 1.54 | AA37: =AA8-AA18 -> 1.52 | AB37: =AB8-AB18 -> 1.5 | AC37: =AC8-AC18 -> 1.55 | AD37: =AD8-AD18 -> 1.28 | AE37: =AE8-AE18 -> 1.45 | AF37: =AF8-AF18 -> 1.57 | ... AH37: =AH8-AH18 -> 1.46 | AJ37: =AJ8-AJ18 -> 0.28 | AK37: =AK8-AK18 -> 0.45 | AL37: =AL8-AL18 -> 0.52 | AM37: =AM8-AM18 -> 0.41 | AN37: =AN8-AN18 -> 0.48 | AP37: =AP8-AP18 -> 0.25 | AQ37: =AQ8-AQ18 -> 0.26 | AR37: =AR8-AR18 -> 0.21 | AS37: =AS8-AS18 -> 0.27 | AT37: =AT8-AT18 -> 0.3 | AV37: =AV8-AV18 -> 0.38 | AW37: =AW8-AW18 -> 0.31 | AX37: =AX8-AX18 -> 0.37 | AY37: =AY8-AY18 -> 0.29 | AZ37: =AZ8-AZ18 -> 0.34 | BA37: =BA8-BA18 -> 0.33 | BB37: =BB8-BB18 -> 0.27 | BC37: =BC8-BC18 -> 0.31 | ... BE37: =BE8-BE18 -> 0.29
A38: PT1- | B38: =B9-B19 -> 0.36 | C38: =C9-C19 -> 0.23 | D38: =D9-D19 -> 0.17 | E38: =E9-E19 -> 0.23 | F38: =F9-F19 -> 0.14 | G38: PT2- | H38: =H9-H19 -> 0.35 | I38: =I9-I19 -> 0.33 | J38: =J9-J19 -> 0.33 | K38: =K9-K19 -> 0.38 | L38: =L9-L19 -> 0.31 | M38: =M9-M19 -> 0.3 | N38: =N9-N19 -> 0.37 | O38: =O9-O19 -> 0.37 | ... Q38: =Q9-Q19 -> 0.26 | R38: PT1- | S38: =S9-S19 -> 1.03 | T38: =T9-T19 -> 0.93 | U38: =U9-U19 -> 0.92 | V38: =V9-V19 -> 0.94 | W38: =W9-W19 -> 1.09 | X38: PT2- | Y38: =Y9-Y19 -> 1.27 | Z38: =Z9-Z19 -> 1.29 | AA38: =AA9-AA19 -> 1.37 | AB38: =AB9-AB19 -> 1.19 | AC38: =AC9-AC19 -> 1.42 | AD38: =AD9-AD19 -> 1.17 | AE38: =AE9-AE19 -> 1.28 | AF38: =AF9-AF19 -> 1.35 | ... AH38: =AH9-AH19 -> 1.23 | AI38: PT1- | AJ38: =AJ9-AJ19 -> 0.3 | AK38: =AK9-AK19 -> 0.36 | AL38: =AL9-AL19 -> 0.42 | AM38: =AM9-AM19 -> 0.286 | AN38: =AN9-AN19 -> 0.35 | AO38: PT1- | AP38: =AP9-AP19 -> 0.67 | AQ38: =AQ9-AQ19 -> 0.53 | AR38: =AR9-AR19 -> 0.33 | AS38: =AS9-AS19 -> 0.02 | AT38: =AT9-AT19 -> 0.04 | AU38: PT2- | AV38: =AV9-AV19 -> 0.3 | AW38: =AW9-AW19 -> 0.23 | AX38: =AX9-AX19 -> 0.29 | AY38: =AY9-AY19 -> 0.3 | AZ38: =AZ9-AZ19 -> 0.28 | BA38: =BA9-BA19 -> 0.25 | BB38: =BB9-BB19 -> 0.35 | BC38: =BC9-BC19 -> 0.34 | ... BE38: =BE9-BE19 -> 0.28
B39: =B10-B20 -> 0.35 | C39: =C10-C20 -> 0.28 | D39: =D10-D20 -> 0.25 | E39: =E10-E20 -> 0.17 | F39: =F10-F20 -> 0.2 | H39: =H10-H20 -> 0.37 | I39: =I10-I20 -> 0.37 | J39: =J10-J20 -> 0.36 | K39: =K10-K20 -> 0.33 | L39: =L10-L20 -> 0.35 | M39: =M10-M20 -> 0.36 | N39: =N10-N20 -> 0.35 | O39: =O10-O20 -> 0.4 | ... Q39: =Q10-Q20 -> 0.28 | S39: =S10-S20 -> 1.09 | T39: =T10-T20 -> 0.86 | U39: =U10-U20 -> 1.02 | V39: =V10-V20 -> 0.97 | W39: =W10-W20 -> 1.15 | Y39: =Y10-Y20 -> 1.25 | Z39: =Z10-Z20 -> 1.24 | AA39: =AA10-AA20 -> 1.25 | AB39: =AB10-AB20 -> 1.37 | AC39: =AC10-AC20 -> 1.38 | AD39: =AD10-AD20 -> 1.3 | AE39: =AE10-AE20 -> 1.32 | AF39: =AF10-AF20 -> 1.28 | ... AH39: =AH10-AH20 -> 1.34 | AJ39: =AJ10-AJ20 -> 0.19 | AK39: =AK10-AK20 -> 0.37 | AL39: =AL10-AL20 -> 0.42 | AM39: =AM10-AM20 -> 0.45 | AN39: =AN10-AN20 -> 0.42 | AP39: =AP10-AP20 -> 0.57 | AQ39: =AQ10-AQ20 -> 0.67 | AR39: =AR10-AR20 -> 0.25 | AS39: =AS10-AS20 -> -0.03 | AT39: =AT10-AT20 -> -0.04 | AV39: =AV10-AV20 -> 0.31 | AW39: =AW10-AW20 -> 0.23 | AX39: =AX10-AX20 -> 0.17 | AY39: =AY10-AY20 -> 0.19 | AZ39: =AZ10-AZ20 -> 0.29 | BA39: =BA10-BA20 -> 0.25 | BB39: =BB10-BB20 -> 0.32 | BC39: =BC10-BC20 -> 0.3 | ... BE39: =BE10-BE20 -> 0.33
B40: =B11-B21 -> 0.32 | C40: =C11-C21 -> 0.24 | D40: =D11-D21 -> 0.22 | E40: =E11-E21 -> 0.06 | F40: =F11-F21 -> 0.37 | H40: =H11-H21 -> 0.37 | I40: =I11-I21 -> 0.36 | J40: =J11-J21 -> 0.33 | K40: =K11-K21 -> 0.36 | L40: =L11-L21 -> 0.28 | M40: =M11-M21 -> 0.35 | N40: =N11-N21 -> 0.34 | O40: =O11-O21 -> 0.31 | ... Q40: =Q11-Q21 -> 0.28 | S40: =S11-S21 -> 0.99 | T40: =T11-T21 -> 0.99 | U40: =U11-U21 -> 1.08 | V40: =V11-V21 -> 1.05 | W40: =W11-W21 -> 1.06 | Y40: =Y11-Y21 -> 1.3 | Z40: =Z11-Z21 -> 1.26 | AA40: =AA11-AA21 -> 1.26 | AB40: =AB11-AB21 -> 1.25 | AC40: =AC11-AC21 -> 1.35 | AD40: =AD11-AD21 -> 1.18 | AE40: =AE11-AE21 -> 1.225 | AF40: =AF11-AF21 -> 1.31 | ... AH40: =AH11-AH21 -> 1.21 | AJ40: =AJ11-AJ21 -> 0.46 | AK40: =AK11-AK21 -> 0.32 | AL40: =AL11-AL21 -> 0.54 | AM40: =AM11-AM21 -> 0.37 | AN40: =AN11-AN21 -> 0.44 | AP40: =AP11-AP21 -> 0.7 | AQ40: =AQ11-AQ21 -> 0.67 | AR40: =AR11-AR21 -> 0.23 | AS40: =AS11-AS21 -> -0.14 | AT40: =AT11-AT21 -> -0.12 | AV40: =AV11-AV21 -> 0.26 | AW40: =AW11-AW21 -> 0.26 | AX40: =AX11-AX21 -> 0.28 | AY40: =AY11-AY21 -> 0.28 | AZ40: =AZ11-AZ21 -> 0.28 | BA40: =BA11-BA21 -> 0.29 | BB40: =BB11-BB21 -> 0.31 | BC40: =BC11-BC21 -> 0.24 | ... BE40: =BE11-BE21 -> 0.36
B41: =B12-B22 -> 0.37 | C41: =C12-C22 -> 0.28 | D41: =D12-D22 -> 0.12 | E41: =E12-E22 -> 0.24 | F41: =F12-F22 -> 0.22 | H41: =H12-H22 -> 0.36 | I41: =I12-I22 -> 0.37 | J41: =J12-J22 -> 0.27 | K41: =K12-K22 -> 0.38 | L41: =L12-L22 -> 0.34 | M41: =M12-M22 -> 0.35 | N41: =N12-N22 -> 0.3 | O41: =O12-O22 -> 0.32 | ... Q41: =Q12-Q22 -> 0.34 | S41: =S12-S22 -> 1.31 | T41: =T12-T22 -> 1.35 | U41: =U12-U22 -> 1.06 | V41: =V12-V22 -> 0.81 | W41: =W12-W22 -> 0.73 | Y41: =Y12-Y22 -> 1.24 | Z41: =Z12-Z22 -> 1.38 | AA41: =AA12-AA22 -> 1.24 | AB41: =AB12-AB22 -> 1.31 | AC41: =AC12-AC22 -> 1.24 | AD41: =AD12-AD22 -> 1.4 | AE41: =AE12-AE22 -> 1.19 | AF41: =AF12-AF22 -> 1.248 | ... AH41: =AH12-AH22 -> 1.16 | AJ41: =AJ12-AJ22 -> 0.42 | AK41: =AK12-AK22 -> 0.53 | AL41: =AL12-AL22 -> 0.31 | AM41: =AM12-AM22 -> 0.21 | AN41: =AN12-AN22 -> 0.36 | AP41: =AP12-AP22 -> 0.62 | AQ41: =AQ12-AQ22 -> 0.49 | AR41: =AR12-AR22 -> 0.25 | AS41: =AS12-AS22 -> -0.02 | AT41: =AT12-AT22 -> 0 | AV41: =AV12-AV22 -> 0.29 | AW41: =AW12-AW22 -> 0.23 | AX41: =AX12-AX22 -> 0.24 | AY41: =AY12-AY22 -> 0.24 | AZ41: =AZ12-AZ22 -> 0.29 | BA41: =BA12-BA22 -> 0.22 | BB41: =BB12-BB22 -> 0.33 | BC41: =BC12-BC22 -> 0.31 | ... BE41: =BE12-BE22 -> 0.3
B42: =B13-B23 -> 0.23 | C42: =C13-C23 -> 0.25 | D42: =D13-D23 -> 0.17 | E42: =E13-E23 -> 0.16 | F42: =F13-F23 -> 0.23 | H42: =H13-H23 -> 0.36 | I42: =I13-I23 -> 0.31 | J42: =J13-J23 -> 0.36 | K42: =K13-K23 -> 0.33 | L42: =L13-L23 -> 0.33 | M42: =M13-M23 -> 0.27 | N42: =N13-N23 -> 0.26 | O42: =O13-O23 -> 0.24 | ... Q42: =Q13-Q23 -> 0.3 | S42: =S13-S23 -> 1.41 | T42: =T13-T23 -> 1.46 | U42: =U13-U23 -> 1.07 | V42: =V13-V23 -> 0.75 | W42: =W13-W23 -> 0.64 | Y42: =Y13-Y23 -> 1.13 | Z42: =Z13-Z23 -> 1.41 | AA42: =AA13-AA23 -> 1.27 | AB42: =AB13-AB23 -> 1.37 | AC42: =AC13-AC23 -> 1.34 | AD42: =AD13-AD23 -> 1.24 | AE42: =AE13-AE23 -> 1.19 | AF42: =AF13-AF23 -> 1.2 | ... AH42: =AH13-AH23 -> 1.18 | AJ42: =AJ13-AJ23 -> 0.45 | AK42: =AK13-AK23 -> 0.31 | AL42: =AL13-AL23 -> 0.26 | AM42: =AM13-AM23 -> 0.36 | AN42: =AN13-AN23 -> 0.43 | AP42: =AP13-AP23 -> 0.64 | AQ42: =AQ13-AQ23 -> 0.55 | AR42: =AR13-AR23 -> 0.28 | AS42: =AS13-AS23 -> -0.05 | AT42: =AT13-AT23 -> -0.08 | AV42: =AV13-AV23 -> 0.28 | AW42: =AW13-AW23 -> 0.28 | AX42: =AX13-AX23 -> 0.26 | AY42: =AY13-AY23 -> 0.27 | AZ42: =AZ13-AZ23 -> 0.31 | BA42: =BA13-BA23 -> 0.32 | BB42: =BB13-BB23 -> 0.35 | BC42: =BC13-BC23 -> 0.26 | ... BE42: =BE13-BE23 -> 0.29
A43: A side- EA | B43: =AVERAGE(B33:F37) -> 0.2036 | C43: R | D43: =MAX(B33:F37)-MIN(B33:F37) -> 0.38 | E43: ER | F43: =B43/(0.975/E27) -> 0.35499487 | G43: A side- EA | H43: =AVERAGE(H33:Q37) -> 0.3184 | I43: R | J43: =MAX(H33:Q37)-MIN(H33:Q37) -> 0.14 | K43: ER | L43: =H43/(0.975/K27) -> 0.48984615 | M43: % | N43: =1-(J43/2*H43) -> 0.977712 | O43: T-R | P43: =MAX(H33:Q42)-MIN(H33:Q42) -> 0.16 | R43: A side- EA | S43: =AVERAGE(S33:W37) -> 1.2656 | T43: R | U43: =MAX(S33:W37)-MIN(S33:W37) -> 0.25 | V43: ER | W43: =S43/(1.944/V27) -> 0.91144033 | X43: A side- EA | Y43: =AVERAGE(Y33:AH37) -> 1.4768 | Z43: R | AA43: =MAX(Y33:AH37)-MIN(Y33:AH37) -> 0.41 | AB43: ER | AC43: =Y43/(2.268/AB27) -> 0.97671958 | AD43: % | AE43: =1-(AA43/2*Y43) -> 0.697256 | AF43: T-R | AG43: =MAX(Y33:AH42)-MIN(Y33:AH42) -> 0.54 | AI43: A side- EA | AJ43: =AVERAGE(AJ33:AN37) -> 0.36464 | AK43: R | AL43: =MAX(AJ33:AN37)-MIN(AJ33:AN37) -> 0.28 | AM43: ER | AN43: =AJ43/(0.975/AM27) -> 0.63578256 | AO43: A side- EA | AP43: =AVERAGE(AP33:AT37) -> 0.256 | AQ43: R | AR43: =MAX(AP33:AT37)-MIN(AP33:AT37) -> 0.42 | AS43: ER | AT43: =AP43/(0.975/AS27) -> 0.44635897 | AU43: A side- EA | AV43: =AVERAGE(AV33:BE37) -> 0.3102 | AW43: R | AX43: =MAX(AV33:BE37)-MIN(AV33:BE37) -> 0.13 | AY43: ER | AZ43: =AV43/(0.975/AY27) -> 0.47723077 | BA43: % | BB43: =1-(AX43/2*AV43) -> 0.979837 | BC43: T-R | BD43: =MAX(AV33:BE42)-MIN(AV33:BE42) -> 0.21
A44: B side- EA | B44: =AVERAGE(B39:F42) -> 0.2365 | C44: R | D44: =MAX(B38:F42)-MIN(B38:F42) -> 0.31 | E44: ER | F44: =B44/(0.975/E27) -> 0.41235897 | G44: B side- EA | H44: =AVERAGE(H39:Q42) -> 0.33 | I44: R | J44: =MAX(H38:Q42)-MIN(H38:Q42) -> 0.16 | K44: ER | L44: =H44/(0.975/K27) -> 0.50769231 | M44: % | N44: =1-(J44/2*H44) -> 0.9736 | O44: T-% | P44: =1-(P43/2*AVERAGE(H43:H44)) -> 0.974064 | R44: B side- EA | S44: =AVERAGE(S39:W42) -> 1.0425 | T44: R | U44: =MAX(S38:W42)-MIN(S38:W42) -> 0.82 | V44: ER | W44: =S44/(1.944/V27) -> 0.7507716 | X44: B side- EA | Y44: =AVERAGE(Y39:AH42) -> 1.270225 | Z44: R | AA44: =MAX(Y38:AH42)-MIN(Y38:AH42) -> 0.29 | AB44: ER | AC44: =Y44/(2.268/AB27) -> 0.8400959 | AD44: % | AE44: =1-(AA44/2*Y44) -> 0.81581737 | AF44: T-% | AG44: =1-(AG43/2*AVERAGE(Y43:Y44)) -> 0.62915162 | AI44: B side- EA | AJ44: =AVERAGE(AJ39:AN42) -> 0.381 | AK44: R | AL44: =MAX(AJ38:AN42)-MIN(AJ38:AN42) -> 0.35 | AM44: ER | AN44: =AJ44/(0.975/AM27) -> 0.66430769 | AO44: B side- EA | AP44: =AVERAGE(AP39:AT42) -> 0.272 | AQ44: R | AR44: =MAX(AP38:AT42)-MIN(AP38:AT42) -> 0.84 | AS44: ER | AT44: =AP44/(0.975/AS27) -> 0.47425641 | AU44: B side- EA | AV44: =AVERAGE(AV39:BE42) -> 0.28075 | AW44: R | AX44: =MAX(AV38:BE42)-MIN(AV38:BE42) -> 0.2 | AY44: ER | AZ44: =AV44/(0.975/AY27) -> 0.43192308 | BA44: % | BB44: =1-(AX44/2*AV44) -> 0.971925 | BC44: T-% | BD44: =1-(BD43/2*AVERAGE(AV43:AV44)) -> 0.96897513
A46: PD-3-581-06B | AI46: PD-3-581-06B | AO46: PD-3-581-06B

Sheet 0813.
A1: PT咬蝕量量測記錄表 | G1: PT咬蝕量量測記錄表 | R1: QE咬蝕量量測記錄表 | X1: QE咬蝕量量測記錄表
A2: PT-01 | G2: PT-02 | R2: QE-01 | X2: QE-02
A3: OP | B3: 1 | C3: 2 | D3: 3 | E3: 4 | F3: 5 | G3: OP | H3: 1 | I3: 2 | J3: 3 | K3: 4 | L3: 5 | M3: 6 | N3: 7 | O3: 8 | P3: 9 | Q3: 10 | R3: OP | S3: 1 | T3: 2 | U3: 3 | V3: 4 | W3: 5 | X3: OP | Y3: 1 | Z3: 2 | AA3: 3 | AB3: 4 | AC3: 5 | AD3: 6 | AE3: 7 | AF3: 8 | AG3: 9 | AH3: 10
A4: BEFORE | B4: 5.25 | C4: 5.18 | D4: 5.24 | E4: 5.25 | F4: 5.02 | G4: BEFORE | H4: 2.22 | I4: 2.42 | J4: 2.42 | K4: 2.49 | L4: 2.44 | M4: 2.36 | N4: 2.34 | O4: 2.31 | P4: 2.22 | Q4: 2.16 | R4: BEFORE | S4: 4.88 | T4: 4.95 | U4: 5.15 | V4: 5.25 | W4: 5.18 | X4: BEFORE | Y4: 5.44 | Z4: 5.64 | AA4: 5.66 | AB4: 5.69 | AC4: 5.55 | AD4: 5.61 | AE4: 5.55 | AF4: 5.59 | AG4: 5.6 | AH4: 5.4
B5: 5.36 | C5: 5.05 | D5: 5.26 | E5: 5.19 | F5: 5.17 | H5: 2.17 | I5: 2.29 | J5: 2.42 | K5: 2.45 | L5: 2.39 | M5: 2.44 | N5: 2.38 | O5: 2.36 | P5: 2.28 | Q5: 2.17 | S5: 4.89 | T5: 4.86 | U5: 5.2 | V5: 5.27 | W5: 5.28 | Y5: 5.63 | Z5: 5.75 | AA5: 5.78 | AB5: 5.65 | AC5: 5.68 | AD5: 5.72 | AE5: 5.62 | AF5: 5.54 | AG5: 5.66 | AH5: 5.5
B6: 5.38 | C6: 5.14 | D6: 5.24 | E6: 5.22 | F6: 5.07 | H6: 2.23 | I6: 2.36 | J6: 2.38 | K6: 2.39 | L6: 2.4 | M6: 2.37 | N6: 2.33 | O6: 2.34 | P6: 2.23 | Q6: 2.14 | S6: 4.86 | T6: 4.91 | U6: 5.14 | V6: 5.26 | W6: 5.23 | Y6: 5.63 | Z6: 5.71 | AA6: 5.77 | AB6: 5.57 | AC6: 5.76 | AD6: 5.7 | AE6: 5.63 | AF6: 5.6 | AG6: 5.63 | AH6: 5.48
B7: 5.19 | C7: 5.08 | D7: 5.26 | E7: 5.2 | F7: 5.02 | H7: 2.17 | I7: 2.35 | J7: 2.37 | K7: 2.37 | L7: 2.38 | M7: 2.28 | N7: 2.29 | O7: 2.29 | P7: 2.21 | Q7: 2.19 | S7: 5.04 | T7: 4.89 | U7: 5.16 | V7: 5.28 | W7: 5.29 | Y7: 5.51 | Z7: 5.71 | AA7: 5.75 | AB7: 5.61 | AC7: 5.63 | AD7: 5.68 | AE7: 5.58 | AF7: 5.61 | AG7: 5.63 | AH7: 5.42
B8: 5.16 | C8: 5.02 | D8: 5.21 | E8: 5.17 | F8: 5.03 | H8: 2.17 | I8: 2.3 | J8: 2.39 | K8: 2.34 | L8: 2.38 | M8: 2.32 | N8: 2.23 | O8: 2.28 | P8: 2.24 | Q8: 2.17 | S8: 4.99 | T8: 5 | U8: 5.13 | V8: 5.19 | W8: 5.23 | Y8: 5.63 | Z8: 5.51 | AA8: 5.66 | AB8: 5.72 | AC8: 5.6 | AD8: 5.58 | AE8: 5.58 | AF8: 5.48 | AG8: 5.62 | AH8: 5.35
B9: 4.66 | C9: 4.65 | D9: 4.88 | E9: 4.96 | F9: 5.12 | H9: 2.2 | I9: 2.27 | J9: 2.38 | K9: 2.38 | L9: 2.39 | M9: 2.35 | N9: 2.36 | O9: 2.3 | P9: 2.25 | Q9: 2.18 | S9: 4.78 | T9: 4.77 | U9: 5.09 | V9: 5.18 | W9: 5.08 | Y9: 5.41 | Z9: 5.59 | AA9: 5.78 | AB9: 5.82 | AC9: 5.83 | AD9: 5.72 | AE9: 5.42 | AF9: 5.32 | AG9: 5.37 | AH9: 5.21
B10: 4.91 | C10: 4.79 | D10: 5.07 | E10: 5.22 | F10: 5.16 | H10: 2.18 | I10: 2.27 | J10: 2.34 | K10: 2.34 | L10: 2.34 | M10: 2.34 | N10: 2.32 | O10: 2.32 | P10: 2.23 | Q10: 2.17 | S10: 4.7 | T10: 4.85 | U10: 5.01 | V10: 5.07 | W10: 5.03 | Y10: 5.4 | Z10: 5.64 | AA10: 5.72 | AB10: 5.86 | AC10: 5.81 | AD10: 5.74 | AE10: 5.58 | AF10: 5.4 | AG10: 5.48 | AH10: 5.49
B11: 4.69 | C11: 4.82 | D11: 4.95 | E11: 5.29 | F11: 5.14 | H11: 2.16 | I11: 2.32 | J11: 2.31 | K11: 2.39 | L11: 2.33 | M11: 2.36 | N11: 2.37 | O11: 2.32 | P11: 2.28 | Q11: 2.2 | S11: 4.8 | T11: 4.74 | U11: 4.95 | V11: 5.06 | W11: 5.14 | Y11: 5.26 | Z11: 5.52 | AA11: 5.75 | AB11: 5.77 | AC11: 5.84 | AD11: 5.63 | AE11: 5.48 | AF11: 5.34 | AG11: 5.6 | AH11: 5.34
B12: 4.79 | C12: 4.66 | D12: 4.87 | E12: 5.2 | F12: 5.02 | H12: 2.13 | I12: 2.36 | J12: 2.33 | K12: 2.35 | L12: 2.38 | M12: 2.35 | N12: 2.35 | O12: 2.28 | P12: 2.25 | Q12: 2.24 | S12: 4.72 | T12: 4.86 | U12: 5.06 | V12: 5.18 | W12: 5.05 | Y12: 5.19 | Z12: 5.58 | AA12: 5.74 | AB12: 5.72 | AC12: 5.8 | AD12: 5.79 | AE12: 5.59 | AF12: 5.4 | AG12: 5.51 | AH12: 5.4
B13: 4.81 | C13: 4.75 | D13: 5.05 | E13: 5.09 | F13: 5.05 | H13: 2.19 | I13: 2.27 | J13: 2.35 | K13: 2.38 | L13: 2.34 | M13: 2.32 | N13: 2.28 | O13: 2.3 | P13: 2.21 | Q13: 2.19 | S13: 4.7 | T13: 4.75 | U13: 5.04 | V13: 5.13 | W13: 5.08 | Y13: 5.19 | Z13: 5.5 | AA13: 5.6 | AB13: 5.75 | AC13: 5.76 | AD13: 5.72 | AE13: 5.48 | AF13: 5.44 | AG13: 5.42 | AH13: 5.31
A14: AFTER | B14: 4.88 | C14: 4.84 | D14: 4.89 | E14: 4.91 | F14: 4.81 | G14: AFTER | H14: 1.89 | I14: 2.04 | J14: 2.11 | K14: 2.09 | L14: 2.08 | M14: 2.01 | N14: 2.01 | O14: 1.97 | P14: 1.86 | Q14: 1.78 | R14: AFTER | S14: 3.77 | T14: 3.86 | U14: 3.97 | V14: 4.13 | W14: 4.08 | X14: AFTER | Y14: 3.99 | Z14: 4.17 | AA14: 4.25 | AB14: 4.24 | AC14: 4.17 | AD14: 4.17 | AE14: 4.04 | AF14: 4.05 | AG14: 4.14 | AH14: 3.93
B15: 4.94 | C15: 4.76 | D15: 4.92 | E15: 4.87 | F15: 4.79 | H15: 1.82 | I15: 1.95 | J15: 2.04 | K15: 2.06 | L15: 2.03 | M15: 2.01 | N15: 1.98 | O15: 1.97 | P15: 1.87 | Q15: 1.81 | S15: 3.75 | T15: 3.69 | U15: 3.9 | V15: 4.07 | W15: 4.18 | Y15: 4.03 | Z15: 4.17 | AA15: 4.22 | AB15: 4.2 | AC15: 4.2 | AD15: 4.23 | AE15: 4.09 | AF15: 4.06 | AG15: 4.17 | AH15: 3.96
B16: 5.06 | C16: 4.86 | D16: 4.88 | E16: 4.95 | F16: 4.79 | H16: 1.87 | I16: 2.02 | J16: 2.05 | K16: 2.08 | L16: 2.04 | M16: 2.05 | N16: 2.01 | O16: 2.03 | P16: 1.92 | Q16: 1.81 | S16: 3.87 | T16: 3.77 | U16: 3.95 | V16: 4.07 | W16: 4.07 | Y16: 4.15 | Z16: 4.17 | AA16: 4.24 | AB16: 4.22 | AC16: 4.24 | AD16: 4.28 | AE16: 4.13 | AF16: 4.14 | AG16: 4.18 | AH16: 4
B17: 4.96 | C17: 4.85 | D17: 4.9 | E17: 4.88 | F17: 4.78 | H17: 1.87 | I17: 1.96 | J17: 2.07 | K17: 2.05 | L17: 2.03 | M17: 1.97 | N17: 1.95 | O17: 1.92 | P17: 1.89 | Q17: 1.84 | S17: 3.78 | T17: 3.71 | U17: 4 | V17: 4.11 | W17: 4.14 | Y17: 4.13 | Z17: 4.19 | AA17: 4.12 | AB17: 4.29 | AC17: 4.24 | AD17: 4.25 | AE17: 4.06 | AF17: 4.05 | AG17: 4.14 | AH17: 3.93
B18: 4.87 | C18: 4.73 | D18: 4.91 | E18: 4.86 | F18: 4.76 | H18: 1.86 | I18: 1.96 | J18: 2.03 | K18: 2.02 | L18: 2.03 | M18: 1.98 | N18: 1.93 | O18: 1.95 | P18: 1.89 | Q18: 1.8 | S18: 3.76 | T18: 3.76 | U18: 3.98 | V18: 4.03 | W18: 4.14 | Y18: 4.03 | Z18: 4.07 | AA18: 4.09 | AB18: 4.15 | AC18: 4.1 | AD18: 4.19 | AE18: 4.05 | AF18: 4.05 | AG18: 4.13 | AH18: 3.89
B19: 4.42 | C19: 4.38 | D19: 4.57 | E19: 4.66 | F19: 4.73 | H19: 1.86 | I19: 1.96 | J19: 1.99 | K19: 2.06 | L19: 2 | M19: 2 | N19: 2.01 | O19: 1.97 | P19: 1.91 | Q19: 1.82 | S19: 3.89 | T19: 4.04 | U19: 4.27 | V19: 4.28 | W19: 4.25 | Y19: 4.27 | Z19: 4.49 | AA19: 4.56 | AB19: 4.6 | AC19: 4.64 | AD19: 4.53 | AE19: 4.36 | AF19: 4.28 | AG19: 4.28 | AH19: 4.16
B20: 4.45 | C20: 4.38 | D20: 4.7 | E20: 4.87 | F20: 4.87 | H20: 1.85 | I20: 1.95 | J20: 2.03 | K20: 2.06 | L20: 2.01 | M20: 2.07 | N20: 2.06 | O20: 1.99 | P20: 1.94 | Q20: 1.84 | S20: 3.94 | T20: 4.05 | U20: 4.23 | V20: 4.34 | W20: 4.24 | Y20: 4.24 | Z20: 4.46 | AA20: 4.56 | AB20: 4.58 | AC20: 4.58 | AD20: 4.41 | AE20: 4.29 | AF20: 4.16 | AG20: 4.21 | AH20: 4.19
B21: 4.38 | C21: 4.44 | D21: 4.66 | E21: 4.95 | F21: 4.77 | H21: 1.86 | I21: 1.96 | J21: 2 | K21: 2.04 | L21: 2.04 | M21: 2.03 | N21: 2 | O21: 1.98 | P21: 1.93 | Q21: 1.85 | S21: 3.89 | T21: 4.05 | U21: 4.29 | V21: 4.28 | W21: 4.31 | Y21: 4.22 | Z21: 4.52 | AA21: 4.56 | AB21: 4.61 | AC21: 4.6 | AD21: 4.48 | AE21: 4.31 | AF21: 4.19 | AG21: 4.27 | AH21: 4.23
B22: 4.38 | C22: 4.36 | D22: 4.61 | E22: 4.71 | F22: 4.71 | H22: 1.82 | I22: 1.97 | J22: 1.99 | K22: 2.03 | L22: 2.02 | M22: 2.05 | N22: 2.02 | O22: 1.96 | P22: 1.9 | Q22: 1.87 | S22: 3.91 | T22: 3.99 | U22: 4.25 | V22: 4.29 | W22: 4.3 | Y22: 4.14 | Z22: 4.52 | AA22: 4.57 | AB22: 4.58 | AC22: 4.58 | AD22: 4.44 | AE22: 4.25 | AF22: 4.23 | AG22: 4.24 | AH22: 4.13
B23: 4.45 | C23: 4.35 | D23: 4.71 | E23: 4.75 | F23: 4.8 | H23: 1.86 | I23: 1.98 | J23: 2.02 | K23: 2.04 | L23: 2 | M23: 2.02 | N23: 2.02 | O23: 1.97 | P23: 1.88 | Q23: 1.83 | S23: 3.9 | T23: 3.91 | U23: 4.19 | V23: 4.35 | W23: 4.19 | Y23: 3.98 | Z23: 4.35 | AA23: 4.55 | AB23: 4.53 | AC23: 4.46 | AD23: 4.42 | AE23: 4.23 | AF23: 4.15 | AG23: 4.15 | AH23: 4.04
A25: 項次 | B25: 單位 | C25: 規格 | E25: 數值 | G25: 項次 | H25: 單位 | I25: 規格 | K25: 數值 | R25: 項次 | S25: 單位 | T25: 規格 | V25: 數值 | X25: 項次 | Y25: 單位 | Z25: 規格 | AB25: 數值
A26: 咬蝕量 | B26: um | C26: 0.3 | D26: ±0.1 | E26: =AVERAGE(B4:F13)-AVERAGE(B14:F23) -> 0.325 | G26: 咬蝕量 | H26: um | I26: 0.3 | J26: ±0.1 | K26: =AVERAGE(H4:Q13)-AVERAGE(H14:Q23) -> 0.3384 | R26: 咬蝕量 | S26: um | T26: 1.07 | U26: ±0.21 | V26: =AVERAGE(S4:W13)-AVERAGE(S14:W23) -> 0.9832 | X26: 咬蝕量 | Y26: um | Z26: 1.38 | AA26: ±0.23 | AB26: =AVERAGE(Y4:AH13)-AVERAGE(Y14:AH23) -> 1.3385
A27: 線速 | B27: M/min | C27: ="--" -> -- | E27: 1.7 | G27: 線速 | H27: M/min | I27: ="--" -> -- | K27: 1.5 | R27: 線速 | S27: M/min | T27: ="--" -> -- | V27: 1.4 | X27: 線速 | Y27: M/min | Z27: ="--" -> -- | AB27: 1.5
A28: 咬蝕速率 | B28: um/min | C28: 0.52±0.15 | E28: =(E26/(0.975/E27)) -> 0.56666667 | G28: 咬蝕速率 | H28: um/min | I28: 0.46±0.10 | K28: =(K26/(0.975/K27)) -> 0.52061538 | R28: 咬蝕速率 | S28: um/min | T28: 0.77±0.15 | V28: =(V26/(1.944/V27)) -> 0.70806584 | X28: 咬蝕速率 | Y28: um/min | Z28: 0.9±0.15 | AB28: =(AB26/(2.268/AB27)) -> 0.88525132
A29: 生產速度(SPEED) | B29: M/min | C29: =0.972*E28/C26 -> 1.836 | E29: 以咬蝕量0.3um計算線速 | G29: 生產速度(SPEED) | H29: M/min | I29: =0.972*K28/I26 -> 1.6867938 | K29: 以咬蝕量0.3um計算線速 | R29: 生產速度(SPEED) | S29: M/min | T29: =1.944*V28/1.8 -> 0.76471111 | V29: 以咬蝕量1.8um計算線速 | X29: 生產速度(SPEED) | Y29: M/min | Z29: =2.268*AB28/1.5 -> 1.3385 | AB29: 以咬蝕量1.5um計算線速
A30: 量測日期 | C30: =TODAY() -> 46251 | R30: 量測日期 | T30: =TODAY() -> 46251
A31: PT-01 | G31: PT-02 | R31: QE-01 | X31: QE-02
A32: 咬蝕量 | G32: 咬蝕量 | R32: 咬蝕量 | X32: 咬蝕量
A33: PT1+ | B33: =B4-B14 -> 0.37 | C33: =C4-C14 -> 0.34 | D33: =D4-D14 -> 0.35 | E33: =E4-E14 -> 0.34 | F33: =F4-F14 -> 0.21 | G33: PT2+ | H33: =H4-H14 -> 0.33 | I33: =I4-I14 -> 0.38 | J33: =J4-J14 -> 0.31 | K33: =K4-K14 -> 0.4 | L33: =L4-L14 -> 0.36 | M33: =M4-M14 -> 0.35 | N33: =N4-N14 -> 0.33 | O33: =O4-O14 -> 0.34 | ... Q33: =Q4-Q14 -> 0.38 | R33: PT1+ | S33: =S4-S14 -> 1.11 | T33: =T4-T14 -> 1.09 | U33: =U4-U14 -> 1.18 | V33: =V4-V14 -> 1.12 | W33: =W4-W14 -> 1.1 | X33: PT2+ | Y33: =Y4-Y14 -> 1.45 | Z33: =Z4-Z14 -> 1.47 | AA33: =AA4-AA14 -> 1.41 | AB33: =AB4-AB14 -> 1.45 | AC33: =AC4-AC14 -> 1.38 | AD33: =AD4-AD14 -> 1.44 | AE33: =AE4-AE14 -> 1.51 | AF33: =AF4-AF14 -> 1.54 | ... AH33: =AH4-AH14 -> 1.47
B34: =B5-B15 -> 0.42 | C34: =C5-C15 -> 0.29 | D34: =D5-D15 -> 0.34 | E34: =E5-E15 -> 0.32 | F34: =F5-F15 -> 0.38 | H34: =H5-H15 -> 0.35 | I34: =I5-I15 -> 0.34 | J34: =J5-J15 -> 0.38 | K34: =K5-K15 -> 0.39 | L34: =L5-L15 -> 0.36 | M34: =M5-M15 -> 0.43 | N34: =N5-N15 -> 0.4 | O34: =O5-O15 -> 0.39 | ... Q34: =Q5-Q15 -> 0.36 | S34: =S5-S15 -> 1.14 | T34: =T5-T15 -> 1.17 | U34: =U5-U15 -> 1.3 | V34: =V5-V15 -> 1.2 | W34: =W5-W15 -> 1.1 | Y34: =Y5-Y15 -> 1.6 | Z34: =Z5-Z15 -> 1.58 | AA34: =AA5-AA15 -> 1.56 | AB34: =AB5-AB15 -> 1.45 | AC34: =AC5-AC15 -> 1.48 | AD34: =AD5-AD15 -> 1.49 | AE34: =AE5-AE15 -> 1.53 | AF34: =AF5-AF15 -> 1.48 | ... AH34: =AH5-AH15 -> 1.54
B35: =B6-B16 -> 0.32 | C35: =C6-C16 -> 0.28 | D35: =D6-D16 -> 0.36 | E35: =E6-E16 -> 0.27 | F35: =F6-F16 -> 0.28 | H35: =H6-H16 -> 0.36 | I35: =I6-I16 -> 0.34 | J35: =J6-J16 -> 0.33 | K35: =K6-K16 -> 0.31 | L35: =L6-L16 -> 0.36 | M35: =M6-M16 -> 0.32 | N35: =N6-N16 -> 0.32 | O35: =O6-O16 -> 0.31 | ... Q35: =Q6-Q16 -> 0.33 | S35: =S6-S16 -> 0.99 | T35: =T6-T16 -> 1.14 | U35: =U6-U16 -> 1.19 | V35: =V6-V16 -> 1.19 | W35: =W6-W16 -> 1.16 | Y35: =Y6-Y16 -> 1.48 | Z35: =Z6-Z16 -> 1.54 | AA35: =AA6-AA16 -> 1.53 | AB35: =AB6-AB16 -> 1.35 | AC35: =AC6-AC16 -> 1.52 | AD35: =AD6-AD16 -> 1.42 | AE35: =AE6-AE16 -> 1.5 | AF35: =AF6-AF16 -> 1.46 | ... AH35: =AH6-AH16 -> 1.48
B36: =B7-B17 -> 0.23 | C36: =C7-C17 -> 0.23 | D36: =D7-D17 -> 0.36 | E36: =E7-E17 -> 0.32 | F36: =F7-F17 -> 0.24 | H36: =H7-H17 -> 0.3 | I36: =I7-I17 -> 0.39 | J36: =J7-J17 -> 0.3 | K36: =K7-K17 -> 0.32 | L36: =L7-L17 -> 0.35 | M36: =M7-M17 -> 0.31 | N36: =N7-N17 -> 0.34 | O36: =O7-O17 -> 0.37 | ... Q36: =Q7-Q17 -> 0.35 | S36: =S7-S17 -> 1.26 | T36: =T7-T17 -> 1.18 | U36: =U7-U17 -> 1.16 | V36: =V7-V17 -> 1.17 | W36: =W7-W17 -> 1.15 | Y36: =Y7-Y17 -> 1.38 | Z36: =Z7-Z17 -> 1.52 | AA36: =AA7-AA17 -> 1.63 | AB36: =AB7-AB17 -> 1.32 | AC36: =AC7-AC17 -> 1.39 | AD36: =AD7-AD17 -> 1.43 | AE36: =AE7-AE17 -> 1.52 | AF36: =AF7-AF17 -> 1.56 | ... AH36: =AH7-AH17 -> 1.49
B37: =B8-B18 -> 0.29 | C37: =C8-C18 -> 0.29 | D37: =D8-D18 -> 0.3 | E37: =E8-E18 -> 0.31 | F37: =F8-F18 -> 0.27 | H37: =H8-H18 -> 0.31 | I37: =I8-I18 -> 0.34 | J37: =J8-J18 -> 0.36 | K37: =K8-K18 -> 0.32 | L37: =L8-L18 -> 0.35 | M37: =M8-M18 -> 0.34 | N37: =N8-N18 -> 0.3 | O37: =O8-O18 -> 0.33 | ... Q37: =Q8-Q18 -> 0.37 | S37: =S8-S18 -> 1.23 | T37: =T8-T18 -> 1.24 | U37: =U8-U18 -> 1.15 | V37: =V8-V18 -> 1.16 | W37: =W8-W18 -> 1.09 | Y37: =Y8-Y18 -> 1.6 | Z37: =Z8-Z18 -> 1.44 | AA37: =AA8-AA18 -> 1.57 | AB37: =AB8-AB18 -> 1.57 | AC37: =AC8-AC18 -> 1.5 | AD37: =AD8-AD18 -> 1.39 | AE37: =AE8-AE18 -> 1.53 | AF37: =AF8-AF18 -> 1.43 | ... AH37: =AH8-AH18 -> 1.46
A38: PT1- | B38: =B9-B19 -> 0.24 | C38: =C9-C19 -> 0.27 | D38: =D9-D19 -> 0.31 | E38: =E9-E19 -> 0.3 | F38: =F9-F19 -> 0.39 | G38: PT2- | H38: =H9-H19 -> 0.34 | I38: =I9-I19 -> 0.31 | J38: =J9-J19 -> 0.39 | K38: =K9-K19 -> 0.32 | L38: =L9-L19 -> 0.39 | M38: =M9-M19 -> 0.35 | N38: =N9-N19 -> 0.35 | O38: =O9-O19 -> 0.33 | ... Q38: =Q9-Q19 -> 0.36 | R38: PT1- | S38: =S9-S19 -> 0.89 | T38: =T9-T19 -> 0.73 | U38: =U9-U19 -> 0.82 | V38: =V9-V19 -> 0.9 | W38: =W9-W19 -> 0.83 | X38: PT2- | Y38: =Y9-Y19 -> 1.14 | Z38: =Z9-Z19 -> 1.1 | AA38: =AA9-AA19 -> 1.22 | AB38: =AB9-AB19 -> 1.22 | AC38: =AC9-AC19 -> 1.19 | AD38: =AD9-AD19 -> 1.19 | AE38: =AE9-AE19 -> 1.06 | AF38: =AF9-AF19 -> 1.04 | ... AH38: =AH9-AH19 -> 1.05
B39: =B10-B20 -> 0.46 | C39: =C10-C20 -> 0.41 | D39: =D10-D20 -> 0.37 | E39: =E10-E20 -> 0.35 | F39: =F10-F20 -> 0.29 | H39: =H10-H20 -> 0.33 | I39: =I10-I20 -> 0.32 | J39: =J10-J20 -> 0.31 | K39: =K10-K20 -> 0.28 | L39: =L10-L20 -> 0.33 | M39: =M10-M20 -> 0.27 | N39: =N10-N20 -> 0.26 | O39: =O10-O20 -> 0.33 | ... Q39: =Q10-Q20 -> 0.33 | S39: =S10-S20 -> 0.76 | T39: =T10-T20 -> 0.8 | U39: =U10-U20 -> 0.78 | V39: =V10-V20 -> 0.73 | W39: =W10-W20 -> 0.79 | Y39: =Y10-Y20 -> 1.16 | Z39: =Z10-Z20 -> 1.18 | AA39: =AA10-AA20 -> 1.16 | AB39: =AB10-AB20 -> 1.28 | AC39: =AC10-AC20 -> 1.23 | AD39: =AD10-AD20 -> 1.33 | AE39: =AE10-AE20 -> 1.29 | AF39: =AF10-AF20 -> 1.24 | ... AH39: =AH10-AH20 -> 1.3
B40: =B11-B21 -> 0.31 | C40: =C11-C21 -> 0.38 | D40: =D11-D21 -> 0.29 | E40: =E11-E21 -> 0.34 | F40: =F11-F21 -> 0.37 | H40: =H11-H21 -> 0.3 | I40: =I11-I21 -> 0.36 | J40: =J11-J21 -> 0.31 | K40: =K11-K21 -> 0.35 | L40: =L11-L21 -> 0.29 | M40: =M11-M21 -> 0.33 | N40: =N11-N21 -> 0.37 | O40: =O11-O21 -> 0.34 | ... Q40: =Q11-Q21 -> 0.35 | S40: =S11-S21 -> 0.91 | T40: =T11-T21 -> 0.69 | U40: =U11-U21 -> 0.66 | V40: =V11-V21 -> 0.78 | W40: =W11-W21 -> 0.83 | Y40: =Y11-Y21 -> 1.04 | Z40: =Z11-Z21 -> 1 | AA40: =AA11-AA21 -> 1.19 | AB40: =AB11-AB21 -> 1.16 | AC40: =AC11-AC21 -> 1.24 | AD40: =AD11-AD21 -> 1.15 | AE40: =AE11-AE21 -> 1.17 | AF40: =AF11-AF21 -> 1.15 | ... AH40: =AH11-AH21 -> 1.11
B41: =B12-B22 -> 0.41 | C41: =C12-C22 -> 0.3 | D41: =D12-D22 -> 0.26 | E41: =E12-E22 -> 0.49 | F41: =F12-F22 -> 0.31 | H41: =H12-H22 -> 0.31 | I41: =I12-I22 -> 0.39 | J41: =J12-J22 -> 0.34 | K41: =K12-K22 -> 0.32 | L41: =L12-L22 -> 0.36 | M41: =M12-M22 -> 0.3 | N41: =N12-N22 -> 0.33 | O41: =O12-O22 -> 0.32 | ... Q41: =Q12-Q22 -> 0.37 | S41: =S12-S22 -> 0.81 | T41: =T12-T22 -> 0.87 | U41: =U12-U22 -> 0.81 | V41: =V12-V22 -> 0.89 | W41: =W12-W22 -> 0.75 | Y41: =Y12-Y22 -> 1.05 | Z41: =Z12-Z22 -> 1.06 | AA41: =AA12-AA22 -> 1.17 | AB41: =AB12-AB22 -> 1.14 | AC41: =AC12-AC22 -> 1.22 | AD41: =AD12-AD22 -> 1.35 | AE41: =AE12-AE22 -> 1.34 | AF41: =AF12-AF22 -> 1.17 | ... AH41: =AH12-AH22 -> 1.27
B42: =B13-B23 -> 0.36 | C42: =C13-C23 -> 0.4 | D42: =D13-D23 -> 0.34 | E42: =E13-E23 -> 0.34 | F42: =F13-F23 -> 0.25 | H42: =H13-H23 -> 0.33 | I42: =I13-I23 -> 0.29 | J42: =J13-J23 -> 0.33 | K42: =K13-K23 -> 0.34 | L42: =L13-L23 -> 0.34 | M42: =M13-M23 -> 0.3 | N42: =N13-N23 -> 0.26 | O42: =O13-O23 -> 0.33 | ... Q42: =Q13-Q23 -> 0.36 | S42: =S13-S23 -> 0.8 | T42: =T13-T23 -> 0.84 | U42: =U13-U23 -> 0.85 | V42: =V13-V23 -> 0.78 | W42: =W13-W23 -> 0.89 | Y42: =Y13-Y23 -> 1.21 | Z42: =Z13-Z23 -> 1.15 | AA42: =AA13-AA23 -> 1.05 | AB42: =AB13-AB23 -> 1.22 | AC42: =AC13-AC23 -> 1.3 | AD42: =AD13-AD23 -> 1.3 | AE42: =AE13-AE23 -> 1.25 | AF42: =AF13-AF23 -> 1.29 | ... AH42: =AH13-AH23 -> 1.27
A43: A side- EA | B43: =AVERAGE(B33:F37) -> 0.3084 | C43: R | D43: =MAX(B33:F37)-MIN(B33:F37) -> 0.21 | E43: ER | F43: =B43/(0.975/E27) -> 0.53772308 | G43: A side- EA | H43: =AVERAGE(H33:Q37) -> 0.3472 | I43: R | J43: =MAX(H33:Q37)-MIN(H33:Q37) -> 0.13 | K43: ER | L43: =H43/(0.975/K27) -> 0.53415385 | M43: % | N43: =1-(J43/2*H43) -> 0.977432 | O43: T-R | P43: =MAX(H33:Q42)-MIN(H33:Q42) -> 0.17 | R43: A side- EA | S43: =AVERAGE(S33:W37) -> 1.1588 | T43: R | U43: =MAX(S33:W37)-MIN(S33:W37) -> 0.31 | V43: ER | W43: =S43/(1.944/V27) -> 0.83452675 | X43: A side- EA | Y43: =AVERAGE(Y33:AH37) -> 1.4844 | Z43: R | AA43: =MAX(Y33:AH37)-MIN(Y33:AH37) -> 0.31 | AB43: ER | AC43: =Y43/(2.268/AB27) -> 0.98174603 | AD43: % | AE43: =1-(AA43/2*Y43) -> 0.769918 | AF43: T-R | AG43: =MAX(Y33:AH42)-MIN(Y33:AH42) -> 0.63
A44: B side- EA | B44: =AVERAGE(B39:F42) -> 0.3515 | C44: R | D44: =MAX(B38:F42)-MIN(B38:F42) -> 0.25 | E44: ER | F44: =B44/(0.975/E27) -> 0.61287179 | G44: B side- EA | H44: =AVERAGE(H39:Q42) -> 0.325 | I44: R | J44: =MAX(H38:Q42)-MIN(H38:Q42) -> 0.13 | K44: ER | L44: =H44/(0.975/K27) -> 0.5 | M44: % | N44: =1-(J44/2*H44) -> 0.978875 | O44: T-% | P44: =1-(P43/2*AVERAGE(H43:H44)) -> 0.9714315 | R44: B side- EA | S44: =AVERAGE(S39:W42) -> 0.801 | T44: R | U44: =MAX(S38:W42)-MIN(S38:W42) -> 0.25 | V44: ER | W44: =S44/(1.944/V27) -> 0.57685185 | X44: B side- EA | Y44: =AVERAGE(Y39:AH42) -> 1.20825 | Z44: R | AA44: =MAX(Y38:AH42)-MIN(Y38:AH42) -> 0.35 | AB44: ER | AC44: =Y44/(2.268/AB27) -> 0.79910714 | AD44: % | AE44: =1-(AA44/2*Y44) -> 0.78855625 | AF44: T-% | AG44: =1-(AG43/2*AVERAGE(Y43:Y44)) -> 0.57590762
A46: PD-3-581-06B

Sheet 0812.
A1: PT咬蝕量量測記錄表 | G1: PT咬蝕量量測記錄表 | R1: QE咬蝕量量測記錄表 | X1: QE咬蝕量量測記錄表 | AI1: QE咬蝕量量測記錄表
A2: PT-01 | G2: PT-02 | R2: QE-01 | X2: QE-02 | AI2: QE-01-2
A3: OP | B3: 1 | C3: 2 | D3: 3 | E3: 4 | F3: 5 | G3: OP | H3: 1 | I3: 2 | J3: 3 | K3: 4 | L3: 5 | M3: 6 | N3: 7 | O3: 8 | P3: 9 | Q3: 10 | R3: OP | S3: 1 | T3: 2 | U3: 3 | V3: 4 | W3: 5 | X3: OP | Y3: 1 | Z3: 2 | AA3: 3 | AB3: 4 | AC3: 5 | AD3: 6 | AE3: 7 | AF3: 8 | AG3: 9 | AH3: 10 | AI3: OP | AJ3: 1 | AK3: 2 | AL3: 3 | AM3: 4 | AN3: 5
A4: BEFORE | B4: 4.99 | C4: 5.16 | D4: 5.07 | E4: 4.73 | F4: 4.75 | G4: BEFORE | H4: 2.16 | I4: 2.24 | J4: 2.38 | K4: 2.39 | L4: 2.39 | M4: 2.41 | N4: 2.36 | O4: 2.4 | P4: 2.49 | Q4: 2.21 | R4: BEFORE | S4: 5.13 | T4: 5.07 | U4: 5.07 | V4: 4.69 | W4: 4.74 | X4: BEFORE | Y4: 5.51 | Z4: 5.44 | AA4: 5.53 | AB4: 5.5 | AC4: 5.6 | AD4: 5.57 | AE4: 5.68 | AF4: 5.62 | AG4: 5.71 | AH4: 5.45 | AI4: BEFORE | AJ4: 4.94 | AK4: 4.92 | AL4: 5.13 | AM4: 5.2 | AN4: 5.17
B5: 4.98 | C5: 5.15 | D5: 4.94 | E5: 4.71 | F5: 4.76 | H5: 2.16 | I5: 2.25 | J5: 2.27 | K5: 2.24 | L5: 2.34 | M5: 2.3 | N5: 2.34 | O5: 2.37 | P5: 2.27 | Q5: 2.22 | S5: 5.11 | T5: 5.01 | U5: 4.96 | V5: 4.64 | W5: 4.75 | Y5: 5.5 | Z5: 5.57 | AA5: 5.59 | AB5: 5.6 | AC5: 5.6 | AD5: 5.53 | AE5: 5.74 | AF5: 5.79 | AG5: 5.74 | AH5: 5.56 | AJ5: 4.83 | AK5: 4.9 | AL5: 5.02 | AM5: 5.25 | AN5: 5.27
B6: 4.88 | C6: 4.98 | D6: 5.07 | E6: 4.65 | F6: 4.82 | H6: 2.2 | I6: 2.34 | J6: 2.41 | K6: 2.38 | L6: 2.43 | M6: 2.46 | N6: 2.51 | O6: 2.51 | P6: 2.45 | Q6: 2.25 | S6: 5.11 | T6: 5.19 | U6: 4.96 | V6: 4.64 | W6: 4.6 | Y6: 5.46 | Z6: 5.72 | AA6: 5.67 | AB6: 5.63 | AC6: 5.65 | AD6: 5.73 | AE6: 5.74 | AF6: 5.73 | AG6: 5.77 | AH6: 5.61 | AJ6: 4.98 | AK6: 4.83 | AL6: 5.1 | AM6: 5.29 | AN6: 5.22
B7: 5.07 | C7: 5.01 | D7: 5.06 | E7: 4.66 | F7: 4.67 | H7: 2.17 | I7: 2.27 | J7: 2.33 | K7: 2.32 | L7: 2.35 | M7: 2.4 | N7: 2.44 | O7: 2.39 | P7: 2.34 | Q7: 2.1 | S7: 5.12 | T7: 5.04 | U7: 4.8 | V7: 4.66 | W7: 4.8 | Y7: 5.51 | Z7: 5.57 | AA7: 5.62 | AB7: 5.57 | AC7: 5.75 | AD7: 5.63 | AE7: 5.79 | AF7: 5.85 | AG7: 5.73 | AH7: 5.47 | AJ7: 4.92 | AK7: 4.98 | AL7: 5.09 | AM7: 5.2 | AN7: 5.38
B8: 5.05 | C8: 5.03 | D8: 4.83 | E8: 4.64 | F8: 4.73 | H8: 2.13 | I8: 2.24 | J8: 2.4 | K8: 2.35 | L8: 2.28 | M8: 2.43 | N8: 2.42 | O8: 2.41 | P8: 2.41 | Q8: 2.15 | S8: 4.99 | T8: 5.07 | U8: 5.03 | V8: 4.67 | W8: 4.84 | Y8: 5.39 | Z8: 5.22 | AA8: 5.45 | AB8: 5.4 | AC8: 5.5 | AD8: 5.53 | AE8: 5.59 | AF8: 5.76 | AG8: 5.63 | AH8: 5.54 | AJ8: 5 | AK8: 5 | AL8: 5.3 | AM8: 5.25 | AN8: 5.23
B9: 5.08 | C9: 5.2 | D9: 5.29 | E9: 5.04 | F9: 5.09 | H9: 2.13 | I9: 2.22 | J9: 2.36 | K9: 2.35 | L9: 2.29 | M9: 2.33 | N9: 2.33 | O9: 2.36 | P9: 2.28 | Q9: 2.14 | S9: 5.02 | T9: 5.02 | U9: 5.1 | V9: 5.06 | W9: 5.07 | Y9: 5.31 | Z9: 5.36 | AA9: 5.36 | AB9: 5.41 | AC9: 5.58 | AD9: 5.72 | AE9: 5.79 | AF9: 5.78 | AG9: 5.62 | AH9: 5.36 | AJ9: 4.78 | AK9: 4.8 | AL9: 5.1 | AM9: 5.25 | AN9: 5.18
B10: 5.11 | C10: 5.1 | D10: 5.21 | E10: 5.12 | F10: 5.02 | H10: 2.14 | I10: 2.19 | J10: 2.26 | K10: 2.29 | L10: 2.34 | M10: 2.31 | N10: 2.4 | O10: 2.28 | P10: 2.34 | Q10: 2.2 | S10: 5.19 | T10: 5.27 | U10: 5.07 | V10: 5.22 | W10: 5.07 | Y10: 5.36 | Z10: 5.4 | AA10: 5.43 | AB10: 5.46 | AC10: 5.63 | AD10: 5.72 | AE10: 5.79 | AF10: 5.72 | AG10: 5.74 | AH10: 5.34 | AJ10: 4.81 | AK10: 4.93 | AL10: 5.18 | AM10: 5.21 | AN10: 5.17
B11: 5.05 | C11: 5.2 | D11: 5.19 | E11: 5.08 | F11: 5.16 | H11: 2.22 | I11: 2.3 | J11: 2.26 | K11: 2.36 | L11: 2.39 | M11: 2.46 | N11: 2.47 | O11: 2.32 | P11: 2.25 | Q11: 2.18 | S11: 5.25 | T11: 5.22 | U11: 5.25 | V11: 5.04 | W11: 5.28 | Y11: 5.37 | Z11: 5.31 | AA11: 5.38 | AB11: 5.51 | AC11: 5.62 | AD11: 5.72 | AE11: 5.78 | AF11: 5.69 | AG11: 5.66 | AH11: 5.49 | AJ11: 4.87 | AK11: 4.87 | AL11: 5.1 | AM11: 5.29 | AN11: 5.26
B12: 5.12 | C12: 5.13 | D12: 5.2 | E12: 4.98 | F12: 5.22 | H12: 2.11 | I12: 2.3 | J12: 2.34 | K12: 2.39 | L12: 2.36 | M12: 2.37 | N12: 2.4 | O12: 2.37 | P12: 2.33 | Q12: 2.15 | S12: 5.13 | T12: 5.26 | U12: 5.31 | V12: 5.17 | W12: 5.02 | Y12: 5.32 | Z12: 5.37 | AA12: 5.39 | AB12: 5.53 | AC12: 5.6 | AD12: 5.7 | AE12: 5.78 | AF12: 5.75 | AG12: 5.59 | AH12: 5.39 | AJ12: 4.88 | AK12: 4.91 | AL12: 5.09 | AM12: 5.18 | AN12: 5.04
B13: 5.14 | C13: 5.21 | D13: 5.26 | E13: 5.14 | F13: 5.17 | H13: 2.21 | I13: 2.34 | J13: 2.38 | K13: 2.33 | L13: 2.36 | M13: 2.42 | N13: 2.32 | O13: 2.33 | P13: 2.32 | Q13: 2.09 | S13: 5.12 | T13: 5.19 | U13: 5.13 | V13: 5.17 | W13: 5.27 | Y13: 5.33 | Z13: 5.15 | AA13: 5.23 | AB13: 5.47 | AC13: 5.72 | AD13: 5.62 | AE13: 5.73 | AF13: 5.64 | AG13: 5.65 | AH13: 5.42 | AJ13: 4.82 | AK13: 4.86 | AL13: 4.94 | AM13: 5.2 | AN13: 5.18
A14: AFTER | B14: 4.66 | C14: 4.89 | D14: 4.62 | E14: 4.44 | F14: 4.43 | G14: AFTER | H14: 1.83 | I14: 1.95 | J14: 2 | K14: 2.03 | L14: 2.04 | M14: 2.06 | N14: 2.12 | O14: 2.07 | P14: 2 | Q14: 1.85 | R14: AFTER | S14: 3.71 | T14: 3.76 | U14: 3.61 | V14: 3.34 | W14: 3.41 | X14: AFTER | Y14: 4.03 | Z14: 4.02 | AA14: 4.13 | AB14: 4.06 | AC14: 4.13 | AD14: 4.12 | AE14: 4.21 | AF14: 4.52 | AG14: 4.26 | AH14: 4.17 | AI14: AFTER | AJ14: 3.75 | AK14: 3.77 | AL14: 3.98 | AM14: 4.1 | AN14: 4.11
B15: 4.86 | C15: 4.86 | D15: 4.72 | E15: 4.38 | F15: 4.43 | H15: 1.82 | I15: 1.94 | J15: 1.95 | K15: 1.96 | L15: 1.99 | M15: 2.05 | N15: 2.08 | O15: 2.04 | P15: 1.98 | Q15: 1.86 | S15: 3.92 | T15: 3.91 | U15: 3.68 | V15: 3.35 | W15: 3.43 | Y15: 4.03 | Z15: 4.07 | AA15: 4.14 | AB15: 4.12 | AC15: 4.24 | AD15: 4.23 | AE15: 4.3 | AF15: 4.3 | AG15: 4.19 | AH15: 4.12 | AJ15: 3.77 | AK15: 3.76 | AL15: 3.88 | AM15: 4.04 | AN15: 4.06
B16: 4.69 | C16: 4.75 | D16: 4.78 | E16: 4.37 | F16: 4.49 | H16: 1.83 | I16: 1.98 | J16: 2.05 | K16: 2.07 | L16: 2.07 | M16: 2.14 | N16: 2.13 | O16: 2.16 | P16: 2.03 | Q16: 1.96 | S16: 3.71 | T16: 3.93 | U16: 3.62 | V16: 3.34 | W16: 3.35 | Y16: 4.09 | Z16: 4.12 | AA16: 4.15 | AB16: 4.12 | AC16: 4.23 | AD16: 4.26 | AE16: 4.25 | AF16: 4.38 | AG16: 4.29 | AH16: 4.18 | AJ16: 3.77 | AK16: 3.68 | AL16: 3.94 | AM16: 4.21 | AN16: 4.15
B17: 4.84 | C17: 4.9 | D17: 4.75 | E17: 4.5 | F17: 4.51 | H17: 1.85 | I17: 1.94 | J17: 2.05 | K17: 2.04 | L17: 2.07 | M17: 2.08 | N17: 2.1 | O17: 2.08 | P17: 2.02 | Q17: 1.85 | S17: 3.81 | T17: 3.81 | U17: 3.69 | V17: 3.44 | W17: 3.46 | Y17: 4.11 | Z17: 4.02 | AA17: 4.19 | AB17: 4.14 | AC17: 4.2 | AD17: 4.24 | AE17: 4.3 | AF17: 4.39 | AG17: 4.31 | AH17: 4.22 | AJ17: 3.8 | AK17: 3.79 | AL17: 3.95 | AM17: 4.1 | AN17: 4.18
B18: 4.78 | C18: 4.76 | D18: 4.59 | E18: 4.45 | F18: 4.39 | H18: 1.78 | I18: 1.87 | J18: 2.02 | K18: 2.03 | L18: 2.04 | M18: 2.07 | N18: 2.1 | O18: 2.12 | P18: 2.08 | Q18: 1.89 | S18: 3.74 | T18: 3.87 | U18: 3.68 | V18: 3.42 | W18: 3.53 | Y18: 4.03 | Z18: 4.05 | AA18: 4.14 | AB18: 4.14 | AC18: 4.14 | AD18: 4.17 | AE18: 4.28 | AF18: 4.36 | AG18: 4.35 | AH18: 4.11 | AJ18: 3.8 | AK18: 3.71 | AL18: 3.96 | AM18: 4.09 | AN18: 4.06
B19: 4.82 | C19: 4.89 | D19: 4.98 | E19: 4.83 | F19: 4.8 | H19: 1.86 | I19: 1.92 | J19: 1.99 | K19: 2.02 | L19: 2.05 | M19: 2.05 | N19: 2.04 | O19: 2.06 | P19: 2.01 | Q19: 1.89 | S19: 3.99 | T19: 4.2 | U19: 4.19 | V19: 4.04 | W19: 4.16 | Y19: 4.2 | Z19: 4.17 | AA19: 4.17 | AB19: 4.22 | AC19: 4.32 | AD19: 4.48 | AE19: 4.52 | AF19: 4.59 | AG19: 4.5 | AH19: 4.24 | AJ19: 3.89 | AK19: 4.02 | AL19: 4.26 | AM19: 4.33 | AN19: 4.27
B20: 4.91 | C20: 4.82 | D20: 4.9 | E20: 4.89 | F20: 4.9 | H20: 1.86 | I20: 1.94 | J20: 2 | K20: 2.03 | L20: 2.04 | M20: 2.05 | N20: 2.05 | O20: 2 | P20: 2.02 | Q20: 1.86 | S20: 4.1 | T20: 4.17 | U20: 4.15 | V20: 4.08 | W20: 4.25 | Y20: 4.29 | Z20: 4.16 | AA20: 4.26 | AB20: 4.28 | AC20: 4.47 | AD20: 4.6 | AE20: 4.6 | AF20: 4.64 | AG20: 4.47 | AH20: 4.27 | AJ20: 3.88 | AK20: 4.03 | AL20: 4.26 | AM20: 4.33 | AN20: 4.34
B21: 4.79 | C21: 4.99 | D21: 4.99 | E21: 4.83 | F21: 4.91 | H21: 1.89 | I21: 1.96 | J21: 1.98 | K21: 2.04 | L21: 2.05 | M21: 2.08 | N21: 2.09 | O21: 2.07 | P21: 2 | Q21: 1.86 | S21: 4.18 | T21: 4.16 | U21: 4.17 | V21: 4.07 | W21: 4.34 | Y21: 4.28 | Z21: 4.25 | AA21: 4.27 | AB21: 4.33 | AC21: 4.42 | AD21: 4.65 | AE21: 4.6 | AF21: 4.64 | AG21: 4.58 | AH21: 4.35 | AJ21: 4.01 | AK21: 4.02 | AL21: 4.21 | AM21: 4.33 | AN21: 4.29
B22: 4.88 | C22: 4.84 | D22: 4.97 | E22: 4.9 | F22: 4.92 | H22: 1.88 | I22: 1.97 | J22: 2.03 | K22: 2.04 | L22: 2.05 | M22: 2.07 | N22: 2.09 | O22: 2.04 | P22: 1.99 | Q22: 1.83 | S22: 4.17 | T22: 4.17 | U22: 4.21 | V22: 4.21 | W22: 4.28 | Y22: 4.21 | Z22: 4.24 | AA22: 4.3 | AB22: 4.28 | AC22: 4.37 | AD22: 4.52 | AE22: 4.62 | AF22: 4.62 | AG22: 4.56 | AH22: 4.34 | AJ22: 3.96 | AK22: 4 | AL22: 4.23 | AM22: 4.33 | AN22: 4.17
B23: 4.82 | C23: 4.9 | D23: 4.97 | E23: 4.83 | F23: 4.97 | H23: 1.89 | I23: 1.95 | J23: 2.04 | K23: 2.06 | L23: 2.04 | M23: 2.06 | N23: 2.05 | O23: 2.02 | P23: 1.99 | Q23: 1.76 | S23: 4.22 | T23: 4.3 | U23: 4.17 | V23: 4.12 | W23: 4.23 | Y23: 4.12 | Z23: 4.15 | AA23: 4.22 | AB23: 4.19 | AC23: 4.3 | AD23: 4.54 | AE23: 4.56 | AF23: 4.57 | AG23: 4.53 | AH23: 4.39 | AJ23: 3.97 | AK23: 3.89 | AL23: 4.08 | AM23: 4.31 | AN23: 4.25
A25: 項次 | B25: 單位 | C25: 規格 | E25: 數值 | G25: 項次 | H25: 單位 | I25: 規格 | K25: 數值 | R25: 項次 | S25: 單位 | T25: 規格 | V25: 數值 | X25: 項次 | Y25: 單位 | Z25: 規格 | AB25: 數值 | AI25: 項次 | AJ25: 單位 | AK25: 規格 | AM25: 數值
A26: 咬蝕量 | B26: um | C26: 0.3 | D26: ±0.1 | E26: =AVERAGE(B4:F13)-AVERAGE(B14:F23) -> 0.2562 | G26: 咬蝕量 | H26: um | I26: 0.3 | J26: ±0.1 | K26: =AVERAGE(H4:Q13)-AVERAGE(H14:Q23) -> 0.317 | R26: 咬蝕量 | S26: um | T26: 1.07 | U26: ±0.21 | V26: =AVERAGE(S4:W13)-AVERAGE(S14:W23) -> 1.1348 | X26: 咬蝕量 | Y26: um | Z26: 1.38 | AA26: ±0.23 | AB26: =AVERAGE(Y4:AH13)-AVERAGE(Y14:AH23) -> 1.2803 | AI26: 咬蝕量 | AJ26: um | AK26: 1.07 | AL26: ±0.21 | AM26: =AVERAGE(AJ4:AN13)-AVERAGE(AJ14:AN23) -> 1.0246
A27: 線速 | B27: M/min | C27: ="--" -> -- | E27: 1.7 | G27: 線速 | H27: M/min | I27: ="--" -> -- | K27: 1.5 | R27: 線速 | S27: M/min | T27: ="--" -> -- | V27: 1.4 | X27: 線速 | Y27: M/min | Z27: ="--" -> -- | AB27: 1.5 | AI27: 線速 | AJ27: M/min | AK27: ="--" -> -- | AM27: 1.4
A28: 咬蝕速率 | B28: um/min | C28: 0.52±0.15 | E28: =(E26/(0.975/E27)) -> 0.44670769 | G28: 咬蝕速率 | H28: um/min | I28: 0.46±0.10 | K28: =(K26/(0.975/K27)) -> 0.48769231 | R28: 咬蝕速率 | S28: um/min | T28: 0.77±0.15 | V28: =(V26/(1.944/V27)) -> 0.8172428 | X28: 咬蝕速率 | Y28: um/min | Z28: 0.9±0.15 | AB28: =(AB26/(2.268/AB27)) -> 0.84675926 | AI28: 咬蝕速率 | AJ28: um/min | AK28: 0.77±0.15 | AM28: =(AM26/(1.944/AM27)) -> 0.73788066
A29: 生產速度(SPEED) | B29: M/min | C29: =0.972*E28/C26 -> 1.4473329 | E29: 以咬蝕量0.3um計算線速 | G29: 生產速度(SPEED) | H29: M/min | I29: =0.972*K28/I26 -> 1.5801231 | K29: 以咬蝕量0.3um計算線速 | R29: 生產速度(SPEED) | S29: M/min | T29: =1.944*V28/1.8 -> 0.88262222 | V29: 以咬蝕量1.8um計算線速 | X29: 生產速度(SPEED) | Y29: M/min | Z29: =2.268*AB28/1.5 -> 1.2803 | AB29: 以咬蝕量1.5um計算線速 | AI29: 生產速度(SPEED) | AJ29: M/min | AK29: =1.944*AM28/1.8 -> 0.79691111 | AM29: 以咬蝕量1.8um計算線速
A30: 量測日期 | C30: =TODAY() -> 46251 | R30: 量測日期 | T30: =TODAY() -> 46251
A31: PT-01 | G31: PT-02 | R31: QE-01 | X31: QE-02
A32: 咬蝕量 | G32: 咬蝕量 | R32: 咬蝕量 | X32: 咬蝕量
A33: PT1+ | B33: =B4-B14 -> 0.33 | C33: =C4-C14 -> 0.27 | D33: =D4-D14 -> 0.45 | E33: =E4-E14 -> 0.29 | F33: =F4-F14 -> 0.32 | G33: PT2+ | H33: =H4-H14 -> 0.33 | I33: =I4-I14 -> 0.29 | J33: =J4-J14 -> 0.38 | K33: =K4-K14 -> 0.36 | L33: =L4-L14 -> 0.35 | M33: =M4-M14 -> 0.35 | N33: =N4-N14 -> 0.24 | O33: =O4-O14 -> 0.33 | ... Q33: =Q4-Q14 -> 0.36 | R33: PT1+ | S33: =S4-S14 -> 1.42 | T33: =T4-T14 -> 1.31 | U33: =U4-U14 -> 1.46 | V33: =V4-V14 -> 1.35 | W33: =W4-W14 -> 1.33 | X33: PT2+ | Y33: =Y4-Y14 -> 1.48 | Z33: =Z4-Z14 -> 1.42 | AA33: =AA4-AA14 -> 1.4 | AB33: =AB4-AB14 -> 1.44 | AC33: =AC4-AC14 -> 1.47 | AD33: =AD4-AD14 -> 1.45 | AE33: =AE4-AE14 -> 1.47 | AF33: =AF4-AF14 -> 1.1 | ... AH33: =AH4-AH14 -> 1.28
B34: =B5-B15 -> 0.12 | C34: =C5-C15 -> 0.29 | D34: =D5-D15 -> 0.22 | E34: =E5-E15 -> 0.33 | F34: =F5-F15 -> 0.33 | H34: =H5-H15 -> 0.34 | I34: =I5-I15 -> 0.31 | J34: =J5-J15 -> 0.32 | K34: =K5-K15 -> 0.28 | L34: =L5-L15 -> 0.35 | M34: =M5-M15 -> 0.25 | N34: =N5-N15 -> 0.26 | O34: =O5-O15 -> 0.33 | ... Q34: =Q5-Q15 -> 0.36 | S34: =S5-S15 -> 1.19 | T34: =T5-T15 -> 1.1 | U34: =U5-U15 -> 1.28 | V34: =V5-V15 -> 1.29 | W34: =W5-W15 -> 1.32 | Y34: =Y5-Y15 -> 1.47 | Z34: =Z5-Z15 -> 1.5 | AA34: =AA5-AA15 -> 1.45 | AB34: =AB5-AB15 -> 1.48 | AC34: =AC5-AC15 -> 1.36 | AD34: =AD5-AD15 -> 1.3 | AE34: =AE5-AE15 -> 1.44 | AF34: =AF5-AF15 -> 1.49 | ... AH34: =AH5-AH15 -> 1.44
B35: =B6-B16 -> 0.19 | C35: =C6-C16 -> 0.23 | D35: =D6-D16 -> 0.29 | E35: =E6-E16 -> 0.28 | F35: =F6-F16 -> 0.33 | H35: =H6-H16 -> 0.37 | I35: =I6-I16 -> 0.36 | J35: =J6-J16 -> 0.36 | K35: =K6-K16 -> 0.31 | L35: =L6-L16 -> 0.36 | M35: =M6-M16 -> 0.32 | N35: =N6-N16 -> 0.38 | O35: =O6-O16 -> 0.35 | ... Q35: =Q6-Q16 -> 0.29 | S35: =S6-S16 -> 1.4 | T35: =T6-T16 -> 1.26 | U35: =U6-U16 -> 1.34 | V35: =V6-V16 -> 1.3 | W35: =W6-W16 -> 1.25 | Y35: =Y6-Y16 -> 1.37 | Z35: =Z6-Z16 -> 1.6 | AA35: =AA6-AA16 -> 1.52 | AB35: =AB6-AB16 -> 1.51 | AC35: =AC6-AC16 -> 1.42 | AD35: =AD6-AD16 -> 1.47 | AE35: =AE6-AE16 -> 1.49 | AF35: =AF6-AF16 -> 1.35 | ... AH35: =AH6-AH16 -> 1.43
B36: =B7-B17 -> 0.23 | C36: =C7-C17 -> 0.11 | D36: =D7-D17 -> 0.31 | E36: =E7-E17 -> 0.16 | F36: =F7-F17 -> 0.16 | H36: =H7-H17 -> 0.32 | I36: =I7-I17 -> 0.33 | J36: =J7-J17 -> 0.28 | K36: =K7-K17 -> 0.28 | L36: =L7-L17 -> 0.28 | M36: =M7-M17 -> 0.32 | N36: =N7-N17 -> 0.34 | O36: =O7-O17 -> 0.31 | ... Q36: =Q7-Q17 -> 0.25 | S36: =S7-S17 -> 1.31 | T36: =T7-T17 -> 1.23 | U36: =U7-U17 -> 1.11 | V36: =V7-V17 -> 1.22 | W36: =W7-W17 -> 1.34 | Y36: =Y7-Y17 -> 1.4 | Z36: =Z7-Z17 -> 1.55 | AA36: =AA7-AA17 -> 1.43 | AB36: =AB7-AB17 -> 1.43 | AC36: =AC7-AC17 -> 1.55 | AD36: =AD7-AD17 -> 1.39 | AE36: =AE7-AE17 -> 1.49 | AF36: =AF7-AF17 -> 1.46 | ... AH36: =AH7-AH17 -> 1.25
B37: =B8-B18 -> 0.27 | C37: =C8-C18 -> 0.27 | D37: =D8-D18 -> 0.24 | E37: =E8-E18 -> 0.19 | F37: =F8-F18 -> 0.34 | H37: =H8-H18 -> 0.35 | I37: =I8-I18 -> 0.37 | J37: =J8-J18 -> 0.38 | K37: =K8-K18 -> 0.32 | L37: =L8-L18 -> 0.24 | M37: =M8-M18 -> 0.36 | N37: =N8-N18 -> 0.32 | O37: =O8-O18 -> 0.29 | ... Q37: =Q8-Q18 -> 0.26 | S37: =S8-S18 -> 1.25 | T37: =T8-T18 -> 1.2 | U37: =U8-U18 -> 1.35 | V37: =V8-V18 -> 1.25 | W37: =W8-W18 -> 1.31 | Y37: =Y8-Y18 -> 1.36 | Z37: =Z8-Z18 -> 1.17 | AA37: =AA8-AA18 -> 1.31 | AB37: =AB8-AB18 -> 1.26 | AC37: =AC8-AC18 -> 1.36 | AD37: =AD8-AD18 -> 1.36 | AE37: =AE8-AE18 -> 1.31 | AF37: =AF8-AF18 -> 1.4 | ... AH37: =AH8-AH18 -> 1.43
A38: PT1- | B38: =B9-B19 -> 0.26 | C38: =C9-C19 -> 0.31 | D38: =D9-D19 -> 0.31 | E38: =E9-E19 -> 0.21 | F38: =F9-F19 -> 0.29 | G38: PT2- | H38: =H9-H19 -> 0.27 | I38: =I9-I19 -> 0.3 | J38: =J9-J19 -> 0.37 | K38: =K9-K19 -> 0.33 | L38: =L9-L19 -> 0.24 | M38: =M9-M19 -> 0.28 | N38: =N9-N19 -> 0.29 | O38: =O9-O19 -> 0.3 | ... Q38: =Q9-Q19 -> 0.25 | R38: PT1- | S38: =S9-S19 -> 1.03 | T38: =T9-T19 -> 0.82 | U38: =U9-U19 -> 0.91 | V38: =V9-V19 -> 1.02 | W38: =W9-W19 -> 0.91 | X38: PT2- | Y38: =Y9-Y19 -> 1.11 | Z38: =Z9-Z19 -> 1.19 | AA38: =AA9-AA19 -> 1.19 | AB38: =AB9-AB19 -> 1.19 | AC38: =AC9-AC19 -> 1.26 | AD38: =AD9-AD19 -> 1.24 | AE38: =AE9-AE19 -> 1.27 | AF38: =AF9-AF19 -> 1.19 | ... AH38: =AH9-AH19 -> 1.12
B39: =B10-B20 -> 0.2 | C39: =C10-C20 -> 0.28 | D39: =D10-D20 -> 0.31 | E39: =E10-E20 -> 0.23 | F39: =F10-F20 -> 0.12 | H39: =H10-H20 -> 0.28 | I39: =I10-I20 -> 0.25 | J39: =J10-J20 -> 0.26 | K39: =K10-K20 -> 0.26 | L39: =L10-L20 -> 0.3 | M39: =M10-M20 -> 0.26 | N39: =N10-N20 -> 0.35 | O39: =O10-O20 -> 0.28 | ... Q39: =Q10-Q20 -> 0.34 | S39: =S10-S20 -> 1.09 | T39: =T10-T20 -> 1.1 | U39: =U10-U20 -> 0.92 | V39: =V10-V20 -> 1.14 | W39: =W10-W20 -> 0.82 | Y39: =Y10-Y20 -> 1.07 | Z39: =Z10-Z20 -> 1.24 | AA39: =AA10-AA20 -> 1.17 | AB39: =AB10-AB20 -> 1.18 | AC39: =AC10-AC20 -> 1.16 | AD39: =AD10-AD20 -> 1.12 | AE39: =AE10-AE20 -> 1.19 | AF39: =AF10-AF20 -> 1.08 | ... AH39: =AH10-AH20 -> 1.07
B40: =B11-B21 -> 0.26 | C40: =C11-C21 -> 0.21 | D40: =D11-D21 -> 0.2 | E40: =E11-E21 -> 0.25 | F40: =F11-F21 -> 0.25 | H40: =H11-H21 -> 0.33 | I40: =I11-I21 -> 0.34 | J40: =J11-J21 -> 0.28 | K40: =K11-K21 -> 0.32 | L40: =L11-L21 -> 0.34 | M40: =M11-M21 -> 0.38 | N40: =N11-N21 -> 0.38 | O40: =O11-O21 -> 0.25 | ... Q40: =Q11-Q21 -> 0.32 | S40: =S11-S21 -> 1.07 | T40: =T11-T21 -> 1.06 | U40: =U11-U21 -> 1.08 | V40: =V11-V21 -> 0.97 | W40: =W11-W21 -> 0.94 | Y40: =Y11-Y21 -> 1.09 | Z40: =Z11-Z21 -> 1.06 | AA40: =AA11-AA21 -> 1.11 | AB40: =AB11-AB21 -> 1.18 | AC40: =AC11-AC21 -> 1.2 | AD40: =AD11-AD21 -> 1.07 | AE40: =AE11-AE21 -> 1.18 | AF40: =AF11-AF21 -> 1.05 | ... AH40: =AH11-AH21 -> 1.14
B41: =B12-B22 -> 0.24 | C41: =C12-C22 -> 0.29 | D41: =D12-D22 -> 0.23 | E41: =E12-E22 -> 0.08 | F41: =F12-F22 -> 0.3 | H41: =H12-H22 -> 0.23 | I41: =I12-I22 -> 0.33 | J41: =J12-J22 -> 0.31 | K41: =K12-K22 -> 0.35 | L41: =L12-L22 -> 0.31 | M41: =M12-M22 -> 0.3 | N41: =N12-N22 -> 0.31 | O41: =O12-O22 -> 0.33 | ... Q41: =Q12-Q22 -> 0.32 | S41: =S12-S22 -> 0.96 | T41: =T12-T22 -> 1.09 | U41: =U12-U22 -> 1.1 | V41: =V12-V22 -> 0.96 | W41: =W12-W22 -> 0.74 | Y41: =Y12-Y22 -> 1.11 | Z41: =Z12-Z22 -> 1.13 | AA41: =AA12-AA22 -> 1.09 | AB41: =AB12-AB22 -> 1.25 | AC41: =AC12-AC22 -> 1.23 | AD41: =AD12-AD22 -> 1.18 | AE41: =AE12-AE22 -> 1.16 | AF41: =AF12-AF22 -> 1.13 | ... AH41: =AH12-AH22 -> 1.05
B42: =B13-B23 -> 0.32 | C42: =C13-C23 -> 0.31 | D42: =D13-D23 -> 0.29 | E42: =E13-E23 -> 0.31 | F42: =F13-F23 -> 0.2 | H42: =H13-H23 -> 0.32 | I42: =I13-I23 -> 0.39 | J42: =J13-J23 -> 0.34 | K42: =K13-K23 -> 0.27 | L42: =L13-L23 -> 0.32 | M42: =M13-M23 -> 0.36 | N42: =N13-N23 -> 0.27 | O42: =O13-O23 -> 0.31 | ... Q42: =Q13-Q23 -> 0.33 | S42: =S13-S23 -> 0.9 | T42: =T13-T23 -> 0.89 | U42: =U13-U23 -> 0.96 | V42: =V13-V23 -> 1.05 | W42: =W13-W23 -> 1.04 | Y42: =Y13-Y23 -> 1.21 | Z42: =Z13-Z23 -> 1 | AA42: =AA13-AA23 -> 1.01 | AB42: =AB13-AB23 -> 1.28 | AC42: =AC13-AC23 -> 1.42 | AD42: =AD13-AD23 -> 1.08 | AE42: =AE13-AE23 -> 1.17 | AF42: =AF13-AF23 -> 1.07 | ... AH42: =AH13-AH23 -> 1.03
A43: A side- EA | B43: =AVERAGE(B33:F37) -> 0.262 | C43: R | D43: =MAX(B33:F37)-MIN(B33:F37) -> 0.34 | E43: ER | F43: =B43/(0.975/E27) -> 0.45682051 | G43: A side- EA | H43: =AVERAGE(H33:Q37) -> 0.3268 | I43: R | J43: =MAX(H33:Q37)-MIN(H33:Q37) -> 0.25 | K43: ER | L43: =H43/(0.975/K27) -> 0.50276923 | M43: % | N43: =1-(J43/2*H43) -> 0.95915 | O43: T-R | P43: =MAX(H33:Q42)-MIN(H33:Q42) -> 0.26 | R43: A side- EA | S43: =AVERAGE(S33:W37) -> 1.2868 | T43: R | U43: =MAX(S33:W37)-MIN(S33:W37) -> 0.36 | V43: ER | W43: =S43/(1.944/V27) -> 0.92670782 | X43: A side- EA | Y43: =AVERAGE(Y33:AH37) -> 1.4138 | Z43: R | AA43: =MAX(Y33:AH37)-MIN(Y33:AH37) -> 0.5 | AB43: ER | AC43: =Y43/(2.268/AB27) -> 0.93505291 | AD43: % | AE43: =1-(AA43/2*Y43) -> 0.64655 | AF43: T-R | AG43: =MAX(Y33:AH42)-MIN(Y33:AH42) -> 0.6
A44: B side- EA | B44: =AVERAGE(B39:F42) -> 0.244 | C44: R | D44: =MAX(B38:F42)-MIN(B38:F42) -> 0.24 | E44: ER | F44: =B44/(0.975/E27) -> 0.4254359 | G44: B side- EA | H44: =AVERAGE(H39:Q42) -> 0.3115 | I44: R | J44: =MAX(H38:Q42)-MIN(H38:Q42) -> 0.16 | K44: ER | L44: =H44/(0.975/K27) -> 0.47923077 | M44: % | N44: =1-(J44/2*H44) -> 0.97508 | O44: T-% | P44: =1-(P43/2*AVERAGE(H43:H44)) -> 0.9585105 | R44: B side- EA | S44: =AVERAGE(S39:W42) -> 0.994 | T44: R | U44: =MAX(S38:W42)-MIN(S38:W42) -> 0.4 | V44: ER | W44: =S44/(1.944/V27) -> 0.71584362 | X44: B side- EA | Y44: =AVERAGE(Y39:AH42) -> 1.1365 | Z44: R | AA44: =MAX(Y38:AH42)-MIN(Y38:AH42) -> 0.42 | AB44: ER | AC44: =Y44/(2.268/AB27) -> 0.75165344 | AD44: % | AE44: =1-(AA44/2*Y44) -> 0.761335 | AF44: T-% | AG44: =1-(AG43/2*AVERAGE(Y43:Y44)) -> 0.617455
A46: PD-3-581-06B

Sheet 0811.
A1: PT咬蝕量量測記錄表 | G1: PT咬蝕量量測記錄表 | R1: QE咬蝕量量測記錄表 | X1: QE咬蝕量量測記錄表 | AI1: QE咬蝕量量測記錄表
A2: PT-01 | G2: PT-02 | R2: QE-01 | X2: QE-02 | AI2: QE-02-2
A3: OP | B3: 1 | C3: 2 | D3: 3 | E3: 4 | F3: 5 | G3: OP | H3: 1 | I3: 2 | J3: 3 | K3: 4 | L3: 5 | M3: 6 | N3: 7 | O3: 8 | P3: 9 | Q3: 10 | R3: OP | S3: 1 | T3: 2 | U3: 3 | V3: 4 | W3: 5 | X3: OP | Y3: 1 | Z3: 2 | AA3: 3 | AB3: 4 | AC3: 5 | AD3: 6 | AE3: 7 | AF3: 8 | AG3: 9 | AH3: 10 | AI3: OP | AJ3: 1 | AK3: 2 | AL3: 3 | AM3: 4 | AN3: 5 | AO3: 6 | AP3: 7 | AQ3: 8 | AR3: 9 | AS3: 10
A4: BEFORE | B4: 4.94 | C4: 4.94 | D4: 4.97 | E4: 5.27 | F4: 5.29 | G4: BEFORE | H4: 2.18 | I4: 2.26 | J4: 2.35 | K4: 2.33 | L4: 2.32 | M4: 2.31 | N4: 2.37 | O4: 2.37 | P4: 2.36 | Q4: 2.22 | R4: BEFORE | S4: 4.93 | T4: 4.78 | U4: 5.07 | V4: 5.24 | W4: 5.28 | X4: BEFORE | Y4: 5.27 | Z4: 5.39 | AA4: 5.38 | AB4: 5.42 | AC4: 5.49 | AD4: 5.58 | AE4: 5.68 | AF4: 5.74 | AG4: 5.73 | AH4: 5.57 | AI4: BEFORE | AJ4: 5.14 | AK4: 5.44 | AL4: 5.67 | AM4: 5.7 | AN4: 5.62 | AO4: 5.67 | AP4: 5.53 | AQ4: 5.38 | AR4: 5.31 | AS4: 5.25
B5: 5.06 | C5: 5.05 | D5: 5.12 | E5: 5.34 | F5: 5.25 | H5: 2.2 | I5: 2.26 | J5: 2.32 | K5: 2.33 | L5: 2.27 | M5: 2.37 | N5: 2.36 | O5: 2.38 | P5: 2.41 | Q5: 2.23 | S5: 5.02 | T5: 4.85 | U5: 5.1 | V5: 5.28 | W5: 5.07 | Y5: 5.38 | Z5: 5.44 | AA5: 5.57 | AB5: 5.48 | AC5: 5.47 | AD5: 5.5 | AE5: 5.58 | AF5: 5.68 | AG5: 5.67 | AH5: 5.58 | AJ5: 5.16 | AK5: 5.58 | AL5: 5.84 | AM5: 5.73 | AN5: 5.76 | AO5: 5.7 | AP5: 5.5 | AQ5: 5.5 | AR5: 5.46 | AS5: 5.41
B6: 4.97 | C6: 5 | D6: 5.11 | E6: 5.3 | F6: 5.32 | H6: 2.13 | I6: 2.25 | J6: 2.38 | K6: 2.35 | L6: 2.41 | M6: 2.41 | N6: 2.48 | O6: 2.45 | P6: 2.43 | Q6: 2.26 | S6: 5.05 | T6: 4.96 | U6: 4.95 | V6: 5.21 | W6: 5.25 | Y6: 5.548 | Z6: 5.35 | AA6: 5.5 | AB6: 5.47 | AC6: 5.52 | AD6: 5.61 | AE6: 5.68 | AF6: 5.69 | AG6: 5.67 | AH6: 5.65 | AJ6: 5.15 | AK6: 5.61 | AL6: 5.83 | AM6: 5.68 | AN6: 5.79 | AO6: 5.62 | AP6: 5.45 | AQ6: 5.38 | AR6: 5.43 | AS6: 5.31
B7: 5.02 | C7: 4.95 | D7: 5.29 | E7: 5.34 | F7: 5.27 | H7: 2.15 | I7: 2.22 | J7: 2.36 | K7: 2.35 | L7: 2.38 | M7: 2.4 | N7: 2.5 | O7: 2.53 | P7: 2.42 | Q7: 2.24 | S7: 4.97 | T7: 4.95 | U7: 5.13 | V7: 5.31 | W7: 5.26 | Y7: 5.47 | Z7: 5.42 | AA7: 5.54 | AB7: 5.49 | AC7: 5.58 | AD7: 5.73 | AE7: 5.63 | AF7: 5.83 | AG7: 5.65 | AH7: 5.65 | AJ7: 5.28 | AK7: 5.67 | AL7: 5.68 | AM7: 5.74 | AN7: 5.73 | AO7: 5.65 | AP7: 5.5 | AQ7: 5.37 | AR7: 5.34 | AS7: 5.31
B8: 4.92 | C8: 4.86 | D8: 5.01 | E8: 5.33 | F8: 5.25 | H8: 2.13 | I8: 2.23 | J8: 2.22 | K8: 2.28 | L8: 2.28 | M8: 2.33 | N8: 2.39 | O8: 2.37 | P8: 2.36 | Q8: 2.21 | S8: 4.8 | T8: 4.97 | U8: 5.17 | V8: 5.28 | W8: 5.24 | Y8: 5.52 | Z8: 5.41 | AA8: 5.5 | AB8: 5.47 | AC8: 5.52 | AD8: 5.52 | AE8: 5.61 | AF8: 5.66 | AG8: 5.73 | AH8: 5.45 | AJ8: 5.21 | AK8: 5.69 | AL8: 5.62 | AM8: 5.64 | AN8: 5.72 | AO8: 5.61 | AP8: 5.42 | AQ8: 5.27 | AR8: 5.34 | AS8: 5.26
B9: 4.77 | C9: 4.9 | D9: 5.07 | E9: 5.17 | F9: 5.18 | H9: 2.22 | I9: 2.23 | J9: 2.3 | K9: 2.36 | L9: 2.33 | M9: 2.34 | N9: 2.32 | O9: 2.41 | P9: 2.34 | Q9: 2.13 | S9: 4.9 | T9: 5.04 | U9: 5.2 | V9: 5.09 | W9: 5.17 | Y9: 5.29 | Z9: 5.35 | AA9: 5.28 | AB9: 5.36 | AC9: 5.61 | AD9: 5.71 | AE9: 5.7 | AF9: 5.64 | AG9: 5.48 | AH9: 5.32 | AJ9: 5.55 | AK9: 5.66 | AL9: 5.58 | AM9: 5.75 | AN9: 5.67 | AO9: 5.65 | AP9: 5.37 | AQ9: 5.52 | AR9: 5.51 | AS9: 5.26
B10: 4.92 | C10: 4.84 | D10: 5.09 | E10: 5.12 | F10: 5.19 | H10: 2.23 | I10: 2.23 | J10: 2.29 | K10: 2.37 | L10: 2.33 | M10: 2.36 | N10: 2.35 | O10: 2.35 | P10: 2.33 | Q10: 2.23 | S10: 4.77 | T10: 4.93 | U10: 5.13 | V10: 5.17 | W10: 5.13 | Y10: 5.45 | Z10: 5.42 | AA10: 5.33 | AB10: 5.4 | AC10: 5.65 | AD10: 5.7 | AE10: 5.75 | AF10: 5.64 | AG10: 5.48 | AH10: 5.26 | AJ10: 5.47 | AK10: 5.79 | AL10: 5.75 | AM10: 5.72 | AN10: 5.74 | AO10: 5.73 | AP10: 5.41 | AQ10: 5.49 | AR10: 5.53 | AS10: 5.2
B11: 4.86 | C11: 4.92 | D11: 5.18 | E11: 5.18 | F11: 5.13 | H11: 2.22 | I11: 2.33 | J11: 2.38 | K11: 2.3 | L11: 2.39 | M11: 2.43 | N11: 2.41 | O11: 2.39 | P11: 2.29 | Q11: 2.19 | S11: 4.9 | T11: 4.95 | U11: 5.06 | V11: 5.23 | W11: 5.09 | Y11: 5.32 | Z11: 5.39 | AA11: 5.4 | AB11: 5.34 | AC11: 5.64 | AD11: 5.77 | AE11: 5.76 | AF11: 5.67 | AG11: 5.42 | AH11: 5.23 | AJ11: 5.6 | AK11: 5.53 | AL11: 5.63 | AM11: 5.62 | AN11: 5.66 | AO11: 5.56 | AP11: 5.56 | AQ11: 5.51 | AR11: 5.62 | AS11: 5.27
B12: 4.76 | C12: 4.88 | D12: 5.08 | E12: 5.25 | F12: 5.11 | H12: 2.22 | I12: 2.27 | J12: 2.27 | K12: 2.42 | L12: 2.38 | M12: 2.32 | N12: 2.36 | O12: 2.37 | P12: 2.28 | Q12: 2.23 | S12: 4.83 | T12: 4.89 | U12: 5.1 | V12: 5.17 | W12: 5.11 | Y12: 5.32 | Z12: 5.37 | AA12: 5.32 | AB12: 5.44 | AC12: 5.51 | AD12: 5.35 | AE12: 5.71 | AF12: 5.71 | AG12: 5.53 | AH12: 5.35 | AJ12: 5.46 | AK12: 5.64 | AL12: 5.75 | AM12: 5.67 | AN12: 5.56 | AO12: 5.47 | AP12: 5.44 | AQ12: 5.58 | AR12: 5.56 | AS12: 5.24
B13: 4.72 | C13: 4.83 | D13: 5.01 | E13: 5.07 | F13: 5.15 | H13: 2.13 | I13: 2.32 | J13: 2.32 | K13: 2.35 | L13: 2.4 | M13: 2.29 | N13: 2.41 | O13: 2.34 | P13: 2.32 | Q13: 2.13 | S13: 4.82 | T13: 4.89 | U13: 5.11 | V13: 5.16 | W13: 5.12 | Y13: 5.22 | Z13: 5.28 | AA13: 5.26 | AB13: 5.39 | AC13: 5.63 | AD13: 5.77 | AE13: 5.59 | AF13: 5.63 | AG13: 5.49 | AH13: 5.26 | AJ13: 5.47 | AK13: 5.49 | AL13: 5.85 | AM13: 5.66 | AN13: 5.61 | AO13: 5.61 | AP13: 5.46 | AQ13: 5.57 | AR13: 5.47 | AS13: 5.33
A14: AFTER | B14: 4.66 | C14: 4.68 | D14: 4.78 | E14: 5.08 | F14: 5 | G14: AFTER | H14: 1.81 | I14: 1.9 | J14: 2 | K14: 1.99 | L14: 2.02 | M14: 2.03 | N14: 2.09 | O14: 2.13 | P14: 2.07 | Q14: 1.9 | R14: AFTER | S14: 3.68 | T14: 3.59 | U14: 3.89 | V14: 4 | W14: 4.02 | X14: AFTER | Y14: 4 | Z14: 4.05 | AA14: 4.04 | AB14: 3.98 | AC14: 4.01 | AD14: 4.13 | AE14: 4.21 | AF14: 4.29 | AG14: 4.27 | AH14: 4.2 | AI14: AFTER | AJ14: 3.72 | AK14: 4.13 | AL14: 4.2 | AM14: 4.23 | AN14: 4.17 | AO14: 4.16 | AP14: 4.96 | AQ14: 3.91 | AR14: 3.97 | AS14: 3.92
B15: 4.73 | C15: 4.77 | D15: 4.91 | E15: 5.09 | F15: 5.04 | H15: 1.86 | I15: 1.91 | J15: 1.97 | K15: 2.01 | L15: 2.03 | M15: 2.02 | N15: 2.05 | O15: 2.08 | P15: 2.05 | Q15: 1.86 | S15: 3.71 | T15: 3.7 | U15: 3.91 | V15: 3.97 | W15: 3.99 | Y15: 4.06 | Z15: 4.02 | AA15: 4.03 | AB15: 4.07 | AC15: 4.15 | AD15: 4.28 | AE15: 4.29 | AF15: 4.34 | AG15: 4.28 | AH15: 4.21 | AJ15: 3.83 | AK15: 4.14 | AL15: 4.3 | AM15: 4.28 | AN15: 4.27 | AO15: 4.24 | AP15: 4.05 | AQ15: 3.9 | AR15: 4.04 | AS15: 3.96
B16: 4.76 | C16: 4.69 | D16: 4.94 | E16: 5.05 | F16: 4.99 | H16: 1.84 | I16: 1.91 | J16: 2.07 | K16: 2.06 | L16: 2.08 | M16: 2.12 | N16: 2.18 | O16: 2.16 | P16: 2.12 | Q16: 1.96 | S16: 3.73 | T16: 3.68 | U16: 3.82 | V16: 4.11 | W16: 4.09 | Y16: 4 | Z16: 4.02 | AA16: 4.08 | AB16: 4.1 | AC16: 4.16 | AD16: 4.24 | AE16: 4.26 | AF16: 4.32 | AG16: 4.27 | AH16: 4.23 | AJ16: 3.87 | AK16: 4.23 | AL16: 4.31 | AM16: 4.31 | AN16: 4.32 | AO16: 4.25 | AP16: 4.09 | AQ16: 3.94 | AR16: 4 | AS16: 3.92
B17: 4.74 | C17: 4.72 | D17: 4.95 | E17: 5.09 | F17: 5.01 | H17: 1.82 | I17: 1.92 | J17: 2.06 | K17: 2.09 | L17: 2.08 | M17: 2.09 | N17: 2.13 | O17: 2.18 | P17: 2.12 | Q17: 1.97 | S17: 3.66 | T17: 3.67 | U17: 3.92 | V17: 4.08 | W17: 4.04 | Y17: 3.99 | Z17: 4.01 | AA17: 4.11 | AB17: 4.03 | AC17: 4.17 | AD17: 4.22 | AE17: 4.22 | AF17: 4.33 | AG17: 4.3 | AH17: 4.21 | AJ17: 3.94 | AK17: 4.14 | AL17: 4.29 | AM17: 4.29 | AN17: 4.25 | AO17: 4.24 | AP17: 4.03 | AQ17: 3.89 | AR17: 3.95 | AS17: 3.91
B18: 4.68 | C18: 4.63 | D18: 4.84 | E18: 5.08 | F18: 4.98 | H18: 1.81 | I18: 1.87 | J18: 1.96 | K18: 1.96 | L18: 2.01 | M18: 2 | N18: 2.06 | O18: 2.05 | P18: 2.04 | Q18: 1.92 | S18: 3.64 | T18: 3.61 | U18: 3.93 | V18: 3.98 | W18: 3.96 | Y18: 3.98 | Z18: 3.98 | AA18: 4.04 | AB18: 4.04 | AC18: 4.14 | AD18: 4.24 | AE18: 4.26 | AF18: 4.33 | AG18: 4.3 | AH18: 4.24 | AJ18: 3.84 | AK18: 4.15 | AL18: 4.23 | AM18: 4.27 | AN18: 4.28 | AO18: 4.21 | AP18: 4.03 | AQ18: 3.92 | AR18: 3.9 | AS18: 3.87
B19: 4.59 | C19: 4.6 | D19: 4.87 | E19: 4.94 | F19: 4.92 | H19: 1.86 | I19: 1.92 | J19: 2.02 | K19: 2.03 | L19: 2 | M19: 1.99 | N19: 2.02 | O19: 2.05 | P19: 1.96 | Q19: 1.86 | S19: 3.89 | T19: 3.96 | U19: 4.23 | V19: 4.27 | W19: 4.18 | Y19: 4.2 | Z19: 4.14 | AA19: 4.2 | AB19: 4.27 | AC19: 4.32 | AD19: 4.54 | AE19: 4.54 | AF19: 4.59 | AG19: 4.52 | AH19: 4.32 | AJ19: 4.37 | AK19: 4.52 | AL19: 4.52 | AM19: 4.53 | AN19: 4.48 | AO19: 4.5 | AP19: 4.38 | AQ19: 4.32 | AR19: 4.37 | AS19: 4.15
B20: 4.65 | C20: 4.6 | D20: 4.93 | E20: 4.93 | F20: 4.94 | H20: 1.88 | I20: 1.95 | J20: 2.01 | K20: 2.05 | L20: 2.05 | M20: 2.03 | N20: 2.06 | O20: 2.05 | P20: 1.98 | Q20: 1.9 | S20: 3.85 | T20: 3.92 | U20: 4.17 | V20: 4.25 | W20: 4.16 | Y20: 4.18 | Z20: 4.11 | AA20: 4.27 | AB20: 4.28 | AC20: 4.42 | AD20: 4.65 | AE20: 4.61 | AF20: 4.64 | AG20: 4.45 | AH20: 4.21 | AJ20: 4.33 | AK20: 4.49 | AL20: 4.5 | AM20: 4.5 | AN20: 4.43 | AO20: 4.46 | AP20: 4.32 | AQ20: 4.31 | AR20: 4.35 | AS20: 4.18
B21: 4.6 | C21: 4.61 | D21: 4.96 | E21: 4.96 | F21: 4.92 | H21: 1.91 | I21: 1.98 | J21: 2.03 | K21: 2.04 | L21: 2.05 | M21: 2.03 | N21: 2.07 | O21: 2.05 | P21: 2.02 | Q21: 1.87 | S21: 3.92 | T21: 3.89 | U21: 4.26 | V21: 4.2 | W21: 4.22 | Y21: 4.21 | Z21: 4.2 | AA21: 4.29 | AB21: 4.23 | AC21: 4.33 | AD21: 4.52 | AE21: 4.68 | AF21: 4.61 | AG21: 4.46 | AH21: 4.25 | AJ21: 4.35 | AK21: 4.43 | AL21: 4.54 | AM21: 4.49 | AN21: 4.4 | AO21: 4.54 | AP21: 4.4 | AQ21: 4.4 | AR21: 4.43 | AS21: 4.15
B22: 4.61 | C22: 4.65 | D22: 4.87 | E22: 4.92 | F22: 4.86 | H22: 1.89 | I22: 1.967 | J22: 2.01 | K22: 2.07 | L22: 2.07 | M22: 2.08 | N22: 2.07 | O22: 2.04 | P22: 2 | Q22: 1.87 | S22: 3.93 | T22: 3.96 | U22: 4.25 | V22: 4.2 | W22: 4.21 | Y22: 4.19 | Z22: 4.18 | AA22: 4.29 | AB22: 4.29 | AC22: 4.36 | AD22: 4.59 | AE22: 4.56 | AF22: 4.61 | AG22: 4.52 | AH22: 4.24 | AJ22: 4.33 | AK22: 4.47 | AL22: 4.49 | AM22: 4.51 | AN22: 4.41 | AO22: 4.48 | AP22: 4.38 | AQ22: 4.37 | AR22: 4.43 | AS22: 4.18
B23: 4.52 | C23: 4.57 | D23: 4.78 | E23: 4.91 | F23: 4.9 | H23: 1.85 | I23: 1.95 | J23: 2.01 | K23: 2.04 | L23: 2.07 | M23: 2.04 | N23: 2.08 | O23: 2.05 | P23: 1.97 | Q23: 1.86 | S23: 3.89 | T23: 3.9 | U23: 4.17 | V23: 4.2 | W23: 4.23 | Y23: 4.15 | Z23: 4.15 | AA23: 4.24 | AB23: 4.25 | AC23: 4.3 | AD23: 4.56 | AE23: 4.61 | AF23: 4.58 | AG23: 4.48 | AH23: 4.3 | AJ23: 4.31 | AK23: 4.38 | AL23: 4.46 | AM23: 4.4 | AN23: 4.38 | AO23: 4.39 | AP23: 4.31 | AQ23: 4.32 | AR23: 4.31 | AS23: 4.12
A25: 項次 | B25: 單位 | C25: 規格 | E25: 數值 | G25: 項次 | H25: 單位 | I25: 規格 | K25: 數值 | R25: 項次 | S25: 單位 | T25: 規格 | V25: 數值 | X25: 項次 | Y25: 單位 | Z25: 規格 | AB25: 數值 | AI25: 項次 | AJ25: 單位 | AK25: 規格 | AM25: 數值
A26: 咬蝕量 | B26: um | C26: 0.3 | D26: ±0.1 | E26: =AVERAGE(B4:F13)-AVERAGE(B14:F23) -> 0.241 | G26: 咬蝕量 | H26: um | I26: 0.3 | J26: ±0.1 | K26: =AVERAGE(H4:Q13)-AVERAGE(H14:Q23) -> 0.31483 | R26: 咬蝕量 | S26: um | T26: 1.07 | U26: ±0.21 | V26: =AVERAGE(S4:W13)-AVERAGE(S14:W23) -> 1.0878 | X26: 咬蝕量 | Y26: um | Z26: 1.38 | AA26: ±0.23 | AB26: =AVERAGE(Y4:AH13)-AVERAGE(Y14:AH23) -> 1.25138 | AI26: 咬蝕量 | AJ26: um | AK26: 1.38 | AL26: ±0.23 | AM26: =AVERAGE(AJ4:AS13)-AVERAGE(AJ14:AS23) -> 1.2863
A27: 線速 | B27: M/min | C27: ="--" -> -- | E27: 1.7 | G27: 線速 | H27: M/min | I27: ="--" -> -- | K27: 1.5 | R27: 線速 | S27: M/min | T27: ="--" -> -- | V27: 1.4 | X27: 線速 | Y27: M/min | Z27: ="--" -> -- | AB27: 1.5 | AI27: 線速 | AJ27: M/min | AK27: ="--" -> -- | AM27: 1.5
A28: 咬蝕速率 | B28: um/min | C28: 0.52±0.15 | E28: =(E26/(0.975/E27)) -> 0.42020513 | G28: 咬蝕速率 | H28: um/min | I28: 0.46±0.10 | K28: =(K26/(0.975/K27)) -> 0.48435385 | R28: 咬蝕速率 | S28: um/min | T28: 0.77±0.15 | V28: =(V26/(1.944/V27)) -> 0.78339506 | X28: 咬蝕速率 | Y28: um/min | Z28: 0.9±0.15 | AB28: =(AB26/(2.268/AB27)) -> 0.82763228 | AI28: 咬蝕速率 | AJ28: um/min | AK28: 0.9±0.15 | AM28: =(AM26/(2.268/AM27)) -> 0.85072751
