Workbook
Name Slicer_管制圖號: #N/A

Sheet 0514.
A1: PT-01 | G1: QE-01 | M1: PT-02 | X1: QE-02
A2: OP | B2: 1 | C2: 2 | D2: 3 | E2: 4 | F2: 5 | G2: OP | H2: 1 | I2: 2 | J2: 3 | K2: 4 | L2: 5 | M2: OP | N2: 1 | O2: 2 | P2: 3 | Q2: 4 | R2: 5 | S2: 6 | T2: 7 | U2: 8 | V2: 9 | W2: 10 | X2: OP | Y2: 1 | Z2: 2 | AA2: 3 | AB2: 4 | AC2: 5 | AD2: 6 | AE2: 7 | AF2: 8 | AG2: 9 | AH2: 10
A3: N2522+ | G3: N2522+ | H3: 3.09 | I3: 3.15 | J3: 3.08 | K3: 2.91 | L3: 2.79 | M3: N2522+ | X3: N2522+
H4: 3.09 | I4: 3.14 | J4: 3.15 | K4: 2.96 | L4: 2.8
H5: 3.12 | I5: 3.14 | J5: 3.09 | K5: 2.95 | L5: 2.9
H6: 3.13 | I6: 3.15 | J6: 3.17 | K6: 2.92 | L6: 2.83
H7: 3.07 | I7: 3.15 | J7: 3.17 | K7: 2.85 | L7: 2.79
A8: N2522- | G8: N2522- | H8: 3.26 | I8: 3.23 | J8: 3.11 | K8: 2.91 | L8: 2.85 | M8: N2522- | X8: N2522-
H9: 3.15 | I9: 3.32 | J9: 3.19 | K9: 2.86 | L9: 2.82
H10: 3.16 | I10: 3.28 | J10: 3.15 | K10: 2.94 | L10: 2.9
H11: 3.16 | I11: 3.21 | J11: 3.11 | K11: 2.93 | L11: 2.91
H12: 3.18 | I12: 3.17 | J12: 3.09 | K12: 2.96 | L12: 2.86
A13: PT1+ | G13: QE1+ | H13: 1.81 | I13: 1.86 | J13: 1.79 | K13: 1.6 | L13: 1.49 | M13: PT2+ | X13: QE2+
H14: 1.79 | I14: 1.81 | J14: 1.8 | K14: 1.58 | L14: 1.46
H15: 1.82 | I15: 1.83 | J15: 1.78 | K15: 1.6 | L15: 1.53
H16: 1.76 | I16: 1.84 | J16: 1.81 | K16: 1.6 | L16: 1.47
H17: 1.78 | I17: 1.8 | J17: 1.75 | K17: 1.55 | L17: 1.47
A18: PT1- | G18: Q1E- | H18: 2.24 | I18: 2.27 | J18: 2.11 | K18: 1.88 | L18: 1.85 | M18: PT2- | X18: QE2-
H19: 2.2 | I19: 2.23 | J19: 2.14 | K19: 1.85 | L19: 1.81
H20: 2.27 | I20: 2.24 | J20: 2.1 | K20: 1.89 | L20: 1.81
H21: 2.22 | I21: 2.2 | J21: 2.09 | K21: 1.91 | L21: 1.86
H22: 2.23 | I22: 2.15 | J22: 2.03 | K22: 1.89 | L22: 1.8
A24: 項次 | B24: 單位 | C24: 規格 | E24: 數值 | G24: 項次 | H24: 單位 | I24: 規格 | K24: 數值 | M24: 項次 | N24: 單位 | O24: 規格 | Q24: 數值 | X24: 項次 | Y24: 單位 | Z24: 規格 | AB24: 數值
A25: 咬蝕量 | B25: um | C25: 0.3±0.1 | E25: =AVERAGE(B3:F12)-AVERAGE(B13:F22) -> #DIV/0! | G25: 咬蝕量 | H25: um | I25: 0.84±0.07 | K25: =AVERAGE(H3:L12)-AVERAGE(H13:L22) -> 1.173 | M25: 咬蝕量 | N25: um | O25: 0.3±0.1 | Q25: =AVERAGE(N3:W12)-AVERAGE(N13:W22) -> #DIV/0! | X25: 咬蝕量 | Y25: um | Z25: 0.84±0.07 | AB25: =AVERAGE(Y3:AH12)-AVERAGE(Y13:AH22) -> #DIV/0!
A26: 線速 | B26: M/min | C26: ="--" -> -- | E26: 1.7 | G26: 線速 | H26: M/min | I26: ="--" -> -- | K26: 1.4 | M26: 線速 | N26: M/min | O26: ="--" -> -- | Q26: 1.5 | X26: 線速 | Y26: M/min | Z26: ="--" -> -- | AB26: 1.5
A27: 咬蝕速率 | B27: um/min | C27: 0.55±0.17 | E27: =(E25/(0.975/E26)) -> #DIV/0! | G27: 咬蝕速率 | H27: um/min | I27: 0.75±0.07 | K27: =(K25/(1.944/K26)) -> 0.84475309 | M27: 咬蝕速率 | N27: um/min | O27: 0.55±0.17 | Q27: =(Q25/(0.975/Q26)) -> #DIV/0! | X27: 咬蝕速率 | Y27: um/min | Z27: 0.75±0.07 | AB27: =(AB25/(3.13/AB26)) -> #DIV/0!
A28: 量測日期 | C28: =TODAY() -> 46156
A29: PT-01 | G29: QE-01 | M29: PT-02 | X29: QE-02
A30: 咬蝕量 | G30: 咬蝕量 | M30: 咬蝕量 | X30: 咬蝕量
A31: PT1+ | B31: =B3-B13 -> 0 | C31: =C3-C13 -> 0 | D31: =D3-D13 -> 0 | E31: =E3-E13 -> 0 | F31: =F3-F13 -> 0 | G31: QE1+ | H31: =H3-H13 -> 1.28 | I31: =I3-I13 -> 1.29 | J31: =J3-J13 -> 1.29 | K31: =K3-K13 -> 1.31 | L31: =L3-L13 -> 1.3 | M31: PT2+ | N31: =N3-N13 -> 0 | O31: =O3-O13 -> 0 | P31: =P3-P13 -> 0 | Q31: =Q3-Q13 -> 0 | R31: =R3-R13 -> 0 | S31: =S3-S13 -> 0 | T31: =T3-T13 -> 0 | U31: =U3-U13 -> 0 | ... W31: =W3-W13 -> 0 | X31: QE2+ | Y31: =Y3-Y13 -> 0 | Z31: =Z3-Z13 -> 0 | AA31: =AA3-AA13 -> 0 | AB31: =AB3-AB13 -> 0 | AC31: =AC3-AC13 -> 0 | AD31: =AD3-AD13 -> 0 | AE31: =AE3-AE13 -> 0 | AF31: =AF3-AF13 -> 0 | ... AH31: =AH3-AH13 -> 0 | AJ31: PT | AK31: =B31 -> 0 | AL31: =B32 -> 0 | AM31: =B33 -> 0 | AN31: =B34 -> 0 | AO31: =B35 -> 0 | AP31: =C31 -> 0 | AQ31: =C32 -> 0 | AR31: =C33 -> 0 | AS31: =C34 -> 0 | AT31: =C35 -> 0 | AU31: =D31 -> 0 | AV31: =D32 -> 0 | AW31: =D33 -> 0 | AX31: =D34 -> 0 | AY31: =D35 -> 0 | AZ31: =E31 -> 0 | BA31: =E32 -> 0 | BB31: =E33 -> 0 | BC31: =E34 -> 0 | BD31: =E35 -> 0 | BE31: =F31 -> 0 | BF31: =F32 -> 0 | BG31: =F33 -> 0 | BH31: =F34 -> 0 | BI31: =F35 -> 0
B32: =B4-B14 -> 0 | C32: =C4-C14 -> 0 | D32: =D4-D14 -> 0 | E32: =E4-E14 -> 0 | F32: =F4-F14 -> 0 | H32: =H4-H14 -> 1.3 | I32: =I4-I14 -> 1.33 | J32: =J4-J14 -> 1.35 | K32: =K4-K14 -> 1.38 | L32: =L4-L14 -> 1.34 | N32: =N4-N14 -> 0 | O32: =O4-O14 -> 0 | P32: =P4-P14 -> 0 | Q32: =Q4-Q14 -> 0 | R32: =R4-R14 -> 0 | S32: =S4-S14 -> 0 | T32: =T4-T14 -> 0 | U32: =U4-U14 -> 0 | ... W32: =W4-W14 -> 0 | Y32: =Y4-Y14 -> 0 | Z32: =Z4-Z14 -> 0 | AA32: =AA4-AA14 -> 0 | AB32: =AB4-AB14 -> 0 | AC32: =AC4-AC14 -> 0 | AD32: =AD4-AD14 -> 0 | AE32: =AE4-AE14 -> 0 | AF32: =AF4-AF14 -> 0 | ... AH32: =AH4-AH14 -> 0
B33: =B5-B15 -> 0 | C33: =C5-C15 -> 0 | D33: =D5-D15 -> 0 | E33: =E5-E15 -> 0 | F33: =F5-F15 -> 0 | H33: =H5-H15 -> 1.3 | I33: =I5-I15 -> 1.31 | J33: =J5-J15 -> 1.31 | K33: =K5-K15 -> 1.35 | L33: =L5-L15 -> 1.37 | N33: =N5-N15 -> 0 | O33: =O5-O15 -> 0 | P33: =P5-P15 -> 0 | Q33: =Q5-Q15 -> 0 | R33: =R5-R15 -> 0 | S33: =S5-S15 -> 0 | T33: =T5-T15 -> 0 | U33: =U5-U15 -> 0 | ... W33: =W5-W15 -> 0 | Y33: =Y5-Y15 -> 0 | Z33: =Z5-Z15 -> 0 | AA33: =AA5-AA15 -> 0 | AB33: =AB5-AB15 -> 0 | AC33: =AC5-AC15 -> 0 | AD33: =AD5-AD15 -> 0 | AE33: =AE5-AE15 -> 0 | AF33: =AF5-AF15 -> 0 | ... AH33: =AH5-AH15 -> 0
B34: =B6-B16 -> 0 | C34: =C6-C16 -> 0 | D34: =D6-D16 -> 0 | E34: =E6-E16 -> 0 | F34: =F6-F16 -> 0 | H34: =H6-H16 -> 1.37 | I34: =I6-I16 -> 1.31 | J34: =J6-J16 -> 1.36 | K34: =K6-K16 -> 1.32 | L34: =L6-L16 -> 1.36 | N34: =N6-N16 -> 0 | O34: =O6-O16 -> 0 | P34: =P6-P16 -> 0 | Q34: =Q6-Q16 -> 0 | R34: =R6-R16 -> 0 | S34: =S6-S16 -> 0 | T34: =T6-T16 -> 0 | U34: =U6-U16 -> 0 | ... W34: =W6-W16 -> 0 | Y34: =Y6-Y16 -> 0 | Z34: =Z6-Z16 -> 0 | AA34: =AA6-AA16 -> 0 | AB34: =AB6-AB16 -> 0 | AC34: =AC6-AC16 -> 0 | AD34: =AD6-AD16 -> 0 | AE34: =AE6-AE16 -> 0 | AF34: =AF6-AF16 -> 0 | ... AH34: =AH6-AH16 -> 0
B35: =B7-B17 -> 0 | C35: =C7-C17 -> 0 | D35: =D7-D17 -> 0 | E35: =E7-E17 -> 0 | F35: =F7-F17 -> 0 | H35: =H7-H17 -> 1.29 | I35: =I7-I17 -> 1.35 | J35: =J7-J17 -> 1.42 | K35: =K7-K17 -> 1.3 | L35: =L7-L17 -> 1.32 | N35: =N7-N17 -> 0 | O35: =O7-O17 -> 0 | P35: =P7-P17 -> 0 | Q35: =Q7-Q17 -> 0 | R35: =R7-R17 -> 0 | S35: =S7-S17 -> 0 | T35: =T7-T17 -> 0 | U35: =U7-U17 -> 0 | ... W35: =W7-W17 -> 0 | Y35: =Y7-Y17 -> 0 | Z35: =Z7-Z17 -> 0 | AA35: =AA7-AA17 -> 0 | AB35: =AB7-AB17 -> 0 | AC35: =AC7-AC17 -> 0 | AD35: =AD7-AD17 -> 0 | AE35: =AE7-AE17 -> 0 | AF35: =AF7-AF17 -> 0 | ... AH35: =AH7-AH17 -> 0
A36: PT1- | B36: =B8-B18 -> 0 | C36: =C8-C18 -> 0 | D36: =D8-D18 -> 0 | E36: =E8-E18 -> 0 | F36: =F8-F18 -> 0 | G36: QE1- | H36: =H8-H18 -> 1.02 | I36: =I8-I18 -> 0.96 | J36: =J8-J18 -> 1 | K36: =K8-K18 -> 1.03 | L36: =L8-L18 -> 1 | M36: PT2- | N36: =N8-N18 -> 0 | O36: =O8-O18 -> 0 | P36: =P8-P18 -> 0 | Q36: =Q8-Q18 -> 0 | R36: =R8-R18 -> 0 | S36: =S8-S18 -> 0 | T36: =T8-T18 -> 0 | U36: =U8-U18 -> 0 | ... W36: =W8-W18 -> 0 | X36: QE2- | Y36: =Y8-Y18 -> 0 | Z36: =Z8-Z18 -> 0 | AA36: =AA8-AA18 -> 0 | AB36: =AB8-AB18 -> 0 | AC36: =AC8-AC18 -> 0 | AD36: =AD8-AD18 -> 0 | AE36: =AE8-AE18 -> 0 | AF36: =AF8-AF18 -> 0 | ... AH36: =AH8-AH18 -> 0 | AK36: =B36 -> 0 | AL36: =B37 -> 0 | AM36: =B38 -> 0 | AN36: =B39 -> 0 | AO36: =B40 -> 0 | AP36: =C36 -> 0 | AQ36: =C37 -> 0 | AR36: =C38 -> 0 | AS36: =C39 -> 0 | AT36: =C40 -> 0 | AU36: =D36 -> 0 | AV36: =D37 -> 0 | AW36: =D38 -> 0 | AX36: =D39 -> 0 | AY36: =D40 -> 0 | AZ36: =E36 -> 0 | BA36: =E37 -> 0 | BB36: =E38 -> 0 | BC36: =E39 -> 0 | BD36: =E40 -> 0 | BE36: =F36 -> 0 | BF36: =F37 -> 0 | BG36: =F38 -> 0 | BH36: =F39 -> 0 | BI36: =F40 -> 0
B37: =B9-B19 -> 0 | C37: =C9-C19 -> 0 | D37: =D9-D19 -> 0 | E37: =E9-E19 -> 0 | F37: =F9-F19 -> 0 | H37: =H9-H19 -> 0.95 | I37: =I9-I19 -> 1.09 | J37: =J9-J19 -> 1.05 | K37: =K9-K19 -> 1.01 | L37: =L9-L19 -> 1.01 | N37: =N9-N19 -> 0 | O37: =O9-O19 -> 0 | P37: =P9-P19 -> 0 | Q37: =Q9-Q19 -> 0 | R37: =R9-R19 -> 0 | S37: =S9-S19 -> 0 | T37: =T9-T19 -> 0 | U37: =U9-U19 -> 0 | ... W37: =W9-W19 -> 0 | Y37: =Y9-Y19 -> 0 | Z37: =Z9-Z19 -> 0 | AA37: =AA9-AA19 -> 0 | AB37: =AB9-AB19 -> 0 | AC37: =AC9-AC19 -> 0 | AD37: =AD9-AD19 -> 0 | AE37: =AE9-AE19 -> 0 | AF37: =AF9-AF19 -> 0 | ... AH37: =AH9-AH19 -> 0
B38: =B10-B20 -> 0 | C38: =C10-C20 -> 0 | D38: =D10-D20 -> 0 | E38: =E10-E20 -> 0 | F38: =F10-F20 -> 0 | H38: =H10-H20 -> 0.89 | I38: =I10-I20 -> 1.04 | J38: =J10-J20 -> 1.05 | K38: =K10-K20 -> 1.05 | L38: =L10-L20 -> 1.09 | N38: =N10-N20 -> 0 | O38: =O10-O20 -> 0 | P38: =P10-P20 -> 0 | Q38: =Q10-Q20 -> 0 | R38: =R10-R20 -> 0 | S38: =S10-S20 -> 0 | T38: =T10-T20 -> 0 | U38: =U10-U20 -> 0 | ... W38: =W10-W20 -> 0 | Y38: =Y10-Y20 -> 0 | Z38: =Z10-Z20 -> 0 | AA38: =AA10-AA20 -> 0 | AB38: =AB10-AB20 -> 0 | AC38: =AC10-AC20 -> 0 | AD38: =AD10-AD20 -> 0 | AE38: =AE10-AE20 -> 0 | AF38: =AF10-AF20 -> 0 | ... AH38: =AH10-AH20 -> 0 | AJ38: QE | AK38: =H31 -> 1.28 | AL38: =H32 -> 1.3 | AM38: =H33 -> 1.3 | AN38: =H34 -> 1.37 | AO38: =H35 -> 1.29 | AP38: =I31 -> 1.29 | AQ38: =I32 -> 1.33 | AR38: =I33 -> 1.31 | AS38: =I34 -> 1.31 | AT38: =I35 -> 1.35 | AU38: =J31 -> 1.29 | AV38: =J32 -> 1.35 | AW38: =J33 -> 1.31 | AX38: =J34 -> 1.36 | AY38: =J35 -> 1.42 | AZ38: =K31 -> 1.31 | BA38: =K32 -> 1.38 | BB38: =K33 -> 1.35 | BC38: =K34 -> 1.32 | BD38: =K35 -> 1.3 | BE38: =L31 -> 1.3 | BF38: =L32 -> 1.34 | BG38: =L33 -> 1.37 | BH38: =L34 -> 1.36 | BI38: =L35 -> 1.32
B39: =B11-B21 -> 0 | C39: =C11-C21 -> 0 | D39: =D11-D21 -> 0 | E39: =E11-E21 -> 0 | F39: =F11-F21 -> 0 | H39: =H11-H21 -> 0.94 | I39: =I11-I21 -> 1.01 | J39: =J11-J21 -> 1.02 | K39: =K11-K21 -> 1.02 | L39: =L11-L21 -> 1.05 | N39: =N11-N21 -> 0 | O39: =O11-O21 -> 0 | P39: =P11-P21 -> 0 | Q39: =Q11-Q21 -> 0 | R39: =R11-R21 -> 0 | S39: =S11-S21 -> 0 | T39: =T11-T21 -> 0 | U39: =U11-U21 -> 0 | ... W39: =W11-W21 -> 0 | Y39: =Y11-Y21 -> 0 | Z39: =Z11-Z21 -> 0 | AA39: =AA11-AA21 -> 0 | AB39: =AB11-AB21 -> 0 | AC39: =AC11-AC21 -> 0 | AD39: =AD11-AD21 -> 0 | AE39: =AE11-AE21 -> 0 | AF39: =AF11-AF21 -> 0 | ... AH39: =AH11-AH21 -> 0
B40: =B12-B22 -> 0 | C40: =C12-C22 -> 0 | D40: =D12-D22 -> 0 | E40: =E12-E22 -> 0 | F40: =F12-F22 -> 0 | H40: =H12-H22 -> 0.95 | I40: =I12-I22 -> 1.02 | J40: =J12-J22 -> 1.06 | K40: =K12-K22 -> 1.07 | L40: =L12-L22 -> 1.06 | N40: =N12-N22 -> 0 | O40: =O12-O22 -> 0 | P40: =P12-P22 -> 0 | Q40: =Q12-Q22 -> 0 | R40: =R12-R22 -> 0 | S40: =S12-S22 -> 0 | T40: =T12-T22 -> 0 | U40: =U12-U22 -> 0 | ... W40: =W12-W22 -> 0 | Y40: =Y12-Y22 -> 0 | Z40: =Z12-Z22 -> 0 | AA40: =AA12-AA22 -> 0 | AB40: =AB12-AB22 -> 0 | AC40: =AC12-AC22 -> 0 | AD40: =AD12-AD22 -> 0 | AE40: =AE12-AE22 -> 0 | AF40: =AF12-AF22 -> 0 | ... AH40: =AH12-AH22 -> 0
A41: A side- EA | B41: =AVERAGE(B31:F35) -> 0 | C41: R | D41: =MAX(B31:F35)-MIN(B31:F35) -> 0 | E41: ER | F41: =B41/(0.975/E26) -> 0 | G41: A side- EA | H41: =AVERAGE(H31:L35) -> 1.3284 | I41: R | J41: =MAX(H31:L35)-MIN(H31:L35) -> 0.14 | K41: ER | L41: =H41/(1.944/K26) -> 0.95666667 | M41: A side- EA | N41: =AVERAGE(N31:W35) -> 0 | O41: R | P41: =MAX(N31:W35)-MIN(N31:W35) -> 0 | Q41: ER | R41: =N41/(0.975/Q26) -> 0 | S41: % | T41: =1-(P41/2*N41) -> 1 | U41: T-R | V41: =MAX(N31:W40)-MIN(N31:W40) -> 0 | X41: A side- EA | Y41: =AVERAGE(Y31:AH35) -> 0 | Z41: R | AA41: =MAX(Y31:AH35)-MIN(Y31:AH35) -> 0 | AB41: ER | AC41: =Y41/(3.13/AB26) -> 0 | AD41: % | AE41: =1-(AA41/2*Y41) -> 1 | AF41: T-R | AG41: =MAX(Y31:AH40)-MIN(Y31:AH40) -> 0
A42: B side- EA | B42: =AVERAGE(B37:F40) -> 0 | C42: R | D42: =MAX(B36:F40)-MIN(B36:F40) -> 0 | E42: ER | F42: =B42/(0.975/E26) -> 0 | G42: B side- EA | H42: =AVERAGE(H37:L40) -> 1.0215 | I42: R | J42: =MAX(H36:L40)-MIN(H36:L40) -> 0.2 | K42: ER | L42: =H42/(1.944/K26) -> 0.73564815 | M42: B side- EA | N42: =AVERAGE(N37:W40) -> 0 | O42: R | P42: =MAX(N36:W40)-MIN(N36:W40) -> 0 | Q42: ER | R42: =N42/(0.975/Q26) -> 0 | S42: % | T42: =1-(P42/2*N42) -> 1 | U42: T-% | V42: =1-(V41/2*AVERAGE(N41:N42)) -> 1 | X42: B side- EA | Y42: =AVERAGE(Y37:AH40) -> 0 | Z42: R | AA42: =MAX(Y36:AH40)-MIN(Y36:AH40) -> 0 | AB42: ER | AC42: =Y42/(3.13/AB26) -> 0 | AD42: % | AE42: =1-(AA42/2*Y42) -> 1 | AF42: T-% | AG42: =1-(AG41/2*AVERAGE(Y41:Y42)) -> 1
AK43: =H36 -> 1.02 | AL43: =H37 -> 0.95 | AM43: =H38 -> 0.89 | AN43: =H39 -> 0.94 | AO43: =H40 -> 0.95 | AP43: =I36 -> 0.96 | AQ43: =I37 -> 1.09 | AR43: =I38 -> 1.04 | AS43: =I39 -> 1.01 | AT43: =I40 -> 1.02 | AU43: =J36 -> 1 | AV43: =J37 -> 1.05 | AW43: =J38 -> 1.05 | AX43: =J39 -> 1.02 | AY43: =J40 -> 1.06 | AZ43: =K36 -> 1.03 | BA43: =K37 -> 1.01 | BB43: =K38 -> 1.05 | BC43: =K39 -> 1.02 | BD43: =K40 -> 1.07 | BE43: =L36 -> 1 | BF43: =L37 -> 1.01 | BG43: =L38 -> 1.09 | BH43: =L39 -> 1.05 | BI43: =L40 -> 1.06

Sheet 0513.
A1: PT-01 | G1: QE-01 | M1: PT-02 | X1: QE-02
A2: OP | B2: 1 | C2: 2 | D2: 3 | E2: 4 | F2: 5 | G2: OP | H2: 1 | I2: 2 | J2: 3 | K2: 4 | L2: 5 | M2: OP | N2: 1 | O2: 2 | P2: 3 | Q2: 4 | R2: 5 | S2: 6 | T2: 7 | U2: 8 | V2: 9 | W2: 10 | X2: OP | Y2: 1 | Z2: 2 | AA2: 3 | AB2: 4 | AC2: 5 | AD2: 6 | AE2: 7 | AF2: 8 | AG2: 9 | AH2: 10
A3: N2522+ | G3: N2522+ | H3: 2.87 | I3: 2.99 | J3: 3.19 | K3: 3.19 | L3: 3.13 | M3: N2522+ | X3: N2522+
H4: 2.87 | I4: 2.97 | J4: 3.2 | K4: 3.22 | L4: 3.14
H5: 2.85 | I5: 2.93 | J5: 3.15 | K5: 3.21 | L5: 3.12
H6: 2.89 | I6: 3 | J6: 3.16 | K6: 3.16 | L6: 3.08
H7: 2.84 | I7: 2.99 | J7: 3.15 | K7: 3.15 | L7: 3.17
A8: N2522- | G8: N2522- | H8: 2.86 | I8: 2.96 | J8: 3.18 | K8: 3.22 | L8: 3.14 | M8: N2522- | X8: N2522-
H9: 2.88 | I9: 2.91 | J9: 3.12 | K9: 3.24 | L9: 3.17
H10: 2.83 | I10: 2.94 | J10: 3.13 | K10: 3.21 | L10: 3.24
H11: 2.87 | I11: 2.93 | J11: 3.17 | K11: 3.25 | L11: 3.17
H12: 2.83 | I12: 2.91 | J12: 3.12 | K12: 3.27 | L12: 3.21
A13: PT1+ | G13: QE1+ | H13: 1.61 | I13: 1.71 | J13: 1.9 | K13: 1.87 | L13: 1.84 | M13: PT2+ | X13: QE2+
H14: 1.57 | I14: 1.66 | J14: 1.88 | K14: 1.88 | L14: 1.85
H15: 1.56 | I15: 1.64 | J15: 1.83 | K15: 1.87 | L15: 1.82
H16: 1.57 | I16: 1.64 | J16: 1.83 | K16: 1.85 | L16: 1.8
H17: 1.52 | I17: 1.64 | J17: 1.8 | K17: 1.83 | L17: 1.79
A18: PT1- | G18: Q1E- | H18: 1.87 | I18: 1.95 | J18: 2.22 | K18: 2.24 | L18: 2.18 | M18: PT2- | X18: QE2-
H19: 1.87 | I19: 1.92 | J19: 2.15 | K19: 2.27 | L19: 2.18
H20: 1.92 | I20: 1.94 | J20: 2.2 | K20: 2.25 | L20: 2.22
H21: 1.87 | I21: 1.93 | J21: 2.16 | K21: 2.22 | L21: 2.22
H22: 1.84 | I22: 1.87 | J22: 2.09 | K22: 2.21 | L22: 2.17
A24: 項次 | B24: 單位 | C24: 規格 | E24: 數值 | G24: 項次 | H24: 單位 | I24: 規格 | K24: 數值 | M24: 項次 | N24: 單位 | O24: 規格 | Q24: 數值 | X24: 項次 | Y24: 單位 | Z24: 規格 | AB24: 數值
A25: 咬蝕量 | B25: um | C25: 0.3±0.1 | E25: =AVERAGE(B3:F12)-AVERAGE(B13:F22) -> #DIV/0! | G25: 咬蝕量 | H25: um | I25: 0.84±0.07 | K25: =AVERAGE(H3:L12)-AVERAGE(H13:L22) -> 1.1532 | M25: 咬蝕量 | N25: um | O25: 0.3±0.1 | Q25: =AVERAGE(N3:W12)-AVERAGE(N13:W22) -> #DIV/0! | X25: 咬蝕量 | Y25: um | Z25: 0.84±0.07 | AB25: =AVERAGE(Y3:AH12)-AVERAGE(Y13:AH22) -> #DIV/0!
A26: 線速 | B26: M/min | C26: ="--" -> -- | E26: 1.7 | G26: 線速 | H26: M/min | I26: ="--" -> -- | K26: 1.4 | M26: 線速 | N26: M/min | O26: ="--" -> -- | Q26: 1.5 | X26: 線速 | Y26: M/min | Z26: ="--" -> -- | AB26: 1.5
A27: 咬蝕速率 | B27: um/min | C27: 0.55±0.17 | E27: =(E25/(0.975/E26)) -> #DIV/0! | G27: 咬蝕速率 | H27: um/min | I27: 0.75±0.07 | K27: =(K25/(1.944/K26)) -> 0.83049383 | M27: 咬蝕速率 | N27: um/min | O27: 0.55±0.17 | Q27: =(Q25/(0.975/Q26)) -> #DIV/0! | X27: 咬蝕速率 | Y27: um/min | Z27: 0.75±0.07 | AB27: =(AB25/(3.13/AB26)) -> #DIV/0!
A28: 量測日期 | C28: =TODAY() -> 46156
A29: PT-01 | G29: QE-01 | M29: PT-02 | X29: QE-02
A30: 咬蝕量 | G30: 咬蝕量 | M30: 咬蝕量 | X30: 咬蝕量
A31: PT1+ | B31: =B3-B13 -> 0 | C31: =C3-C13 -> 0 | D31: =D3-D13 -> 0 | E31: =E3-E13 -> 0 | F31: =F3-F13 -> 0 | G31: QE1+ | H31: =H3-H13 -> 1.26 | I31: =I3-I13 -> 1.28 | J31: =J3-J13 -> 1.29 | K31: =K3-K13 -> 1.32 | L31: =L3-L13 -> 1.29 | M31: PT2+ | N31: =N3-N13 -> 0 | O31: =O3-O13 -> 0 | P31: =P3-P13 -> 0 | Q31: =Q3-Q13 -> 0 | R31: =R3-R13 -> 0 | S31: =S3-S13 -> 0 | T31: =T3-T13 -> 0 | U31: =U3-U13 -> 0 | ... W31: =W3-W13 -> 0 | X31: QE2+ | Y31: =Y3-Y13 -> 0 | Z31: =Z3-Z13 -> 0 | AA31: =AA3-AA13 -> 0 | AB31: =AB3-AB13 -> 0 | AC31: =AC3-AC13 -> 0 | AD31: =AD3-AD13 -> 0 | AE31: =AE3-AE13 -> 0 | AF31: =AF3-AF13 -> 0 | ... AH31: =AH3-AH13 -> 0 | AJ31: PT | AK31: =B31 -> 0 | AL31: =B32 -> 0 | AM31: =B33 -> 0 | AN31: =B34 -> 0 | AO31: =B35 -> 0 | AP31: =C31 -> 0 | AQ31: =C32 -> 0 | AR31: =C33 -> 0 | AS31: =C34 -> 0 | AT31: =C35 -> 0 | AU31: =D31 -> 0 | AV31: =D32 -> 0 | AW31: =D33 -> 0 | AX31: =D34 -> 0 | AY31: =D35 -> 0 | AZ31: =E31 -> 0 | BA31: =E32 -> 0 | BB31: =E33 -> 0 | BC31: =E34 -> 0 | BD31: =E35 -> 0 | BE31: =F31 -> 0 | BF31: =F32 -> 0 | BG31: =F33 -> 0 | BH31: =F34 -> 0 | BI31: =F35 -> 0
B32: =B4-B14 -> 0 | C32: =C4-C14 -> 0 | D32: =D4-D14 -> 0 | E32: =E4-E14 -> 0 | F32: =F4-F14 -> 0 | H32: =H4-H14 -> 1.3 | I32: =I4-I14 -> 1.31 | J32: =J4-J14 -> 1.32 | K32: =K4-K14 -> 1.34 | L32: =L4-L14 -> 1.29 | N32: =N4-N14 -> 0 | O32: =O4-O14 -> 0 | P32: =P4-P14 -> 0 | Q32: =Q4-Q14 -> 0 | R32: =R4-R14 -> 0 | S32: =S4-S14 -> 0 | T32: =T4-T14 -> 0 | U32: =U4-U14 -> 0 | ... W32: =W4-W14 -> 0 | Y32: =Y4-Y14 -> 0 | Z32: =Z4-Z14 -> 0 | AA32: =AA4-AA14 -> 0 | AB32: =AB4-AB14 -> 0 | AC32: =AC4-AC14 -> 0 | AD32: =AD4-AD14 -> 0 | AE32: =AE4-AE14 -> 0 | AF32: =AF4-AF14 -> 0 | ... AH32: =AH4-AH14 -> 0
B33: =B5-B15 -> 0 | C33: =C5-C15 -> 0 | D33: =D5-D15 -> 0 | E33: =E5-E15 -> 0 | F33: =F5-F15 -> 0 | H33: =H5-H15 -> 1.29 | I33: =I5-I15 -> 1.29 | J33: =J5-J15 -> 1.32 | K33: =K5-K15 -> 1.34 | L33: =L5-L15 -> 1.3 | N33: =N5-N15 -> 0 | O33: =O5-O15 -> 0 | P33: =P5-P15 -> 0 | Q33: =Q5-Q15 -> 0 | R33: =R5-R15 -> 0 | S33: =S5-S15 -> 0 | T33: =T5-T15 -> 0 | U33: =U5-U15 -> 0 | ... W33: =W5-W15 -> 0 | Y33: =Y5-Y15 -> 0 | Z33: =Z5-Z15 -> 0 | AA33: =AA5-AA15 -> 0 | AB33: =AB5-AB15 -> 0 | AC33: =AC5-AC15 -> 0 | AD33: =AD5-AD15 -> 0 | AE33: =AE5-AE15 -> 0 | AF33: =AF5-AF15 -> 0 | ... AH33: =AH5-AH15 -> 0
B34: =B6-B16 -> 0 | C34: =C6-C16 -> 0 | D34: =D6-D16 -> 0 | E34: =E6-E16 -> 0 | F34: =F6-F16 -> 0 | H34: =H6-H16 -> 1.32 | I34: =I6-I16 -> 1.36 | J34: =J6-J16 -> 1.33 | K34: =K6-K16 -> 1.31 | L34: =L6-L16 -> 1.28 | N34: =N6-N16 -> 0 | O34: =O6-O16 -> 0 | P34: =P6-P16 -> 0 | Q34: =Q6-Q16 -> 0 | R34: =R6-R16 -> 0 | S34: =S6-S16 -> 0 | T34: =T6-T16 -> 0 | U34: =U6-U16 -> 0 | ... W34: =W6-W16 -> 0 | Y34: =Y6-Y16 -> 0 | Z34: =Z6-Z16 -> 0 | AA34: =AA6-AA16 -> 0 | AB34: =AB6-AB16 -> 0 | AC34: =AC6-AC16 -> 0 | AD34: =AD6-AD16 -> 0 | AE34: =AE6-AE16 -> 0 | AF34: =AF6-AF16 -> 0 | ... AH34: =AH6-AH16 -> 0
B35: =B7-B17 -> 0 | C35: =C7-C17 -> 0 | D35: =D7-D17 -> 0 | E35: =E7-E17 -> 0 | F35: =F7-F17 -> 0 | H35: =H7-H17 -> 1.32 | I35: =I7-I17 -> 1.35 | J35: =J7-J17 -> 1.35 | K35: =K7-K17 -> 1.32 | L35: =L7-L17 -> 1.38 | N35: =N7-N17 -> 0 | O35: =O7-O17 -> 0 | P35: =P7-P17 -> 0 | Q35: =Q7-Q17 -> 0 | R35: =R7-R17 -> 0 | S35: =S7-S17 -> 0 | T35: =T7-T17 -> 0 | U35: =U7-U17 -> 0 | ... W35: =W7-W17 -> 0 | Y35: =Y7-Y17 -> 0 | Z35: =Z7-Z17 -> 0 | AA35: =AA7-AA17 -> 0 | AB35: =AB7-AB17 -> 0 | AC35: =AC7-AC17 -> 0 | AD35: =AD7-AD17 -> 0 | AE35: =AE7-AE17 -> 0 | AF35: =AF7-AF17 -> 0 | ... AH35: =AH7-AH17 -> 0
A36: PT1- | B36: =B8-B18 -> 0 | C36: =C8-C18 -> 0 | D36: =D8-D18 -> 0 | E36: =E8-E18 -> 0 | F36: =F8-F18 -> 0 | G36: QE1- | H36: =H8-H18 -> 0.99 | I36: =I8-I18 -> 1.01 | J36: =J8-J18 -> 0.96 | K36: =K8-K18 -> 0.98 | L36: =L8-L18 -> 0.96 | M36: PT2- | N36: =N8-N18 -> 0 | O36: =O8-O18 -> 0 | P36: =P8-P18 -> 0 | Q36: =Q8-Q18 -> 0 | R36: =R8-R18 -> 0 | S36: =S8-S18 -> 0 | T36: =T8-T18 -> 0 | U36: =U8-U18 -> 0 | ... W36: =W8-W18 -> 0 | X36: QE2- | Y36: =Y8-Y18 -> 0 | Z36: =Z8-Z18 -> 0 | AA36: =AA8-AA18 -> 0 | AB36: =AB8-AB18 -> 0 | AC36: =AC8-AC18 -> 0 | AD36: =AD8-AD18 -> 0 | AE36: =AE8-AE18 -> 0 | AF36: =AF8-AF18 -> 0 | ... AH36: =AH8-AH18 -> 0 | AK36: =B36 -> 0 | AL36: =B37 -> 0 | AM36: =B38 -> 0 | AN36: =B39 -> 0 | AO36: =B40 -> 0 | AP36: =C36 -> 0 | AQ36: =C37 -> 0 | AR36: =C38 -> 0 | AS36: =C39 -> 0 | AT36: =C40 -> 0 | AU36: =D36 -> 0 | AV36: =D37 -> 0 | AW36: =D38 -> 0 | AX36: =D39 -> 0 | AY36: =D40 -> 0 | AZ36: =E36 -> 0 | BA36: =E37 -> 0 | BB36: =E38 -> 0 | BC36: =E39 -> 0 | BD36: =E40 -> 0 | BE36: =F36 -> 0 | BF36: =F37 -> 0 | BG36: =F38 -> 0 | BH36: =F39 -> 0 | BI36: =F40 -> 0
B37: =B9-B19 -> 0 | C37: =C9-C19 -> 0 | D37: =D9-D19 -> 0 | E37: =E9-E19 -> 0 | F37: =F9-F19 -> 0 | H37: =H9-H19 -> 1.01 | I37: =I9-I19 -> 0.99 | J37: =J9-J19 -> 0.97 | K37: =K9-K19 -> 0.97 | L37: =L9-L19 -> 0.99 | N37: =N9-N19 -> 0 | O37: =O9-O19 -> 0 | P37: =P9-P19 -> 0 | Q37: =Q9-Q19 -> 0 | R37: =R9-R19 -> 0 | S37: =S9-S19 -> 0 | T37: =T9-T19 -> 0 | U37: =U9-U19 -> 0 | ... W37: =W9-W19 -> 0 | Y37: =Y9-Y19 -> 0 | Z37: =Z9-Z19 -> 0 | AA37: =AA9-AA19 -> 0 | AB37: =AB9-AB19 -> 0 | AC37: =AC9-AC19 -> 0 | AD37: =AD9-AD19 -> 0 | AE37: =AE9-AE19 -> 0 | AF37: =AF9-AF19 -> 0 | ... AH37: =AH9-AH19 -> 0
B38: =B10-B20 -> 0 | C38: =C10-C20 -> 0 | D38: =D10-D20 -> 0 | E38: =E10-E20 -> 0 | F38: =F10-F20 -> 0 | H38: =H10-H20 -> 0.91 | I38: =I10-I20 -> 1 | J38: =J10-J20 -> 0.93 | K38: =K10-K20 -> 0.96 | L38: =L10-L20 -> 1.02 | N38: =N10-N20 -> 0 | O38: =O10-O20 -> 0 | P38: =P10-P20 -> 0 | Q38: =Q10-Q20 -> 0 | R38: =R10-R20 -> 0 | S38: =S10-S20 -> 0 | T38: =T10-T20 -> 0 | U38: =U10-U20 -> 0 | ... W38: =W10-W20 -> 0 | Y38: =Y10-Y20 -> 0 | Z38: =Z10-Z20 -> 0 | AA38: =AA10-AA20 -> 0 | AB38: =AB10-AB20 -> 0 | AC38: =AC10-AC20 -> 0 | AD38: =AD10-AD20 -> 0 | AE38: =AE10-AE20 -> 0 | AF38: =AF10-AF20 -> 0 | ... AH38: =AH10-AH20 -> 0 | AJ38: QE | AK38: =H31 -> 1.26 | AL38: =H32 -> 1.3 | AM38: =H33 -> 1.29 | AN38: =H34 -> 1.32 | AO38: =H35 -> 1.32 | AP38: =I31 -> 1.28 | AQ38: =I32 -> 1.31 | AR38: =I33 -> 1.29 | AS38: =I34 -> 1.36 | AT38: =I35 -> 1.35 | AU38: =J31 -> 1.29 | AV38: =J32 -> 1.32 | AW38: =J33 -> 1.32 | AX38: =J34 -> 1.33 | AY38: =J35 -> 1.35 | AZ38: =K31 -> 1.32 | BA38: =K32 -> 1.34 | BB38: =K33 -> 1.34 | BC38: =K34 -> 1.31 | BD38: =K35 -> 1.32 | BE38: =L31 -> 1.29 | BF38: =L32 -> 1.29 | BG38: =L33 -> 1.3 | BH38: =L34 -> 1.28 | BI38: =L35 -> 1.38
B39: =B11-B21 -> 0 | C39: =C11-C21 -> 0 | D39: =D11-D21 -> 0 | E39: =E11-E21 -> 0 | F39: =F11-F21 -> 0 | H39: =H11-H21 -> 1 | I39: =I11-I21 -> 1 | J39: =J11-J21 -> 1.01 | K39: =K11-K21 -> 1.03 | L39: =L11-L21 -> 0.95 | N39: =N11-N21 -> 0 | O39: =O11-O21 -> 0 | P39: =P11-P21 -> 0 | Q39: =Q11-Q21 -> 0 | R39: =R11-R21 -> 0 | S39: =S11-S21 -> 0 | T39: =T11-T21 -> 0 | U39: =U11-U21 -> 0 | ... W39: =W11-W21 -> 0 | Y39: =Y11-Y21 -> 0 | Z39: =Z11-Z21 -> 0 | AA39: =AA11-AA21 -> 0 | AB39: =AB11-AB21 -> 0 | AC39: =AC11-AC21 -> 0 | AD39: =AD11-AD21 -> 0 | AE39: =AE11-AE21 -> 0 | AF39: =AF11-AF21 -> 0 | ... AH39: =AH11-AH21 -> 0
B40: =B12-B22 -> 0 | C40: =C12-C22 -> 0 | D40: =D12-D22 -> 0 | E40: =E12-E22 -> 0 | F40: =F12-F22 -> 0 | H40: =H12-H22 -> 0.99 | I40: =I12-I22 -> 1.04 | J40: =J12-J22 -> 1.03 | K40: =K12-K22 -> 1.06 | L40: =L12-L22 -> 1.04 | N40: =N12-N22 -> 0 | O40: =O12-O22 -> 0 | P40: =P12-P22 -> 0 | Q40: =Q12-Q22 -> 0 | R40: =R12-R22 -> 0 | S40: =S12-S22 -> 0 | T40: =T12-T22 -> 0 | U40: =U12-U22 -> 0 | ... W40: =W12-W22 -> 0 | Y40: =Y12-Y22 -> 0 | Z40: =Z12-Z22 -> 0 | AA40: =AA12-AA22 -> 0 | AB40: =AB12-AB22 -> 0 | AC40: =AC12-AC22 -> 0 | AD40: =AD12-AD22 -> 0 | AE40: =AE12-AE22 -> 0 | AF40: =AF12-AF22 -> 0 | ... AH40: =AH12-AH22 -> 0
A41: A side- EA | B41: =AVERAGE(B31:F35) -> 0 | C41: R | D41: =MAX(B31:F35)-MIN(B31:F35) -> 0 | E41: ER | F41: =B41/(0.975/E26) -> 0 | G41: A side- EA | H41: =AVERAGE(H31:L35) -> 1.3144 | I41: R | J41: =MAX(H31:L35)-MIN(H31:L35) -> 0.12 | K41: ER | L41: =H41/(1.944/K26) -> 0.94658436 | M41: A side- EA | N41: =AVERAGE(N31:W35) -> 0 | O41: R | P41: =MAX(N31:W35)-MIN(N31:W35) -> 0 | Q41: ER | R41: =N41/(0.975/Q26) -> 0 | S41: % | T41: =1-(P41/2*N41) -> 1 | U41: T-R | V41: =MAX(N31:W40)-MIN(N31:W40) -> 0 | X41: A side- EA | Y41: =AVERAGE(Y31:AH35) -> 0 | Z41: R | AA41: =MAX(Y31:AH35)-MIN(Y31:AH35) -> 0 | AB41: ER | AC41: =Y41/(3.13/AB26) -> 0 | AD41: % | AE41: =1-(AA41/2*Y41) -> 1 | AF41: T-R | AG41: =MAX(Y31:AH40)-MIN(Y31:AH40) -> 0
A42: B side- EA | B42: =AVERAGE(B37:F40) -> 0 | C42: R | D42: =MAX(B36:F40)-MIN(B36:F40) -> 0 | E42: ER | F42: =B42/(0.975/E26) -> 0 | G42: B side- EA | H42: =AVERAGE(H37:L40) -> 0.995 | I42: R | J42: =MAX(H36:L40)-MIN(H36:L40) -> 0.15 | K42: ER | L42: =H42/(1.944/K26) -> 0.71656379 | M42: B side- EA | N42: =AVERAGE(N37:W40) -> 0 | O42: R | P42: =MAX(N36:W40)-MIN(N36:W40) -> 0 | Q42: ER | R42: =N42/(0.975/Q26) -> 0 | S42: % | T42: =1-(P42/2*N42) -> 1 | U42: T-% | V42: =1-(V41/2*AVERAGE(N41:N42)) -> 1 | X42: B side- EA | Y42: =AVERAGE(Y37:AH40) -> 0 | Z42: R | AA42: =MAX(Y36:AH40)-MIN(Y36:AH40) -> 0 | AB42: ER | AC42: =Y42/(3.13/AB26) -> 0 | AD42: % | AE42: =1-(AA42/2*Y42) -> 1 | AF42: T-% | AG42: =1-(AG41/2*AVERAGE(Y41:Y42)) -> 1
AK43: =H36 -> 0.99 | AL43: =H37 -> 1.01 | AM43: =H38 -> 0.91 | AN43: =H39 -> 1 | AO43: =H40 -> 0.99 | AP43: =I36 -> 1.01 | AQ43: =I37 -> 0.99 | AR43: =I38 -> 1 | AS43: =I39 -> 1 | AT43: =I40 -> 1.04 | AU43: =J36 -> 0.96 | AV43: =J37 -> 0.97 | AW43: =J38 -> 0.93 | AX43: =J39 -> 1.01 | AY43: =J40 -> 1.03 | AZ43: =K36 -> 0.98 | BA43: =K37 -> 0.97 | BB43: =K38 -> 0.96 | BC43: =K39 -> 1.03 | BD43: =K40 -> 1.06 | BE43: =L36 -> 0.96 | BF43: =L37 -> 0.99 | BG43: =L38 -> 1.02 | BH43: =L39 -> 0.95 | BI43: =L40 -> 1.04

Sheet 0512.
A1: PT-01 | G1: QE-01 | M1: PT-02 | X1: QE-02
A2: OP | B2: 1 | C2: 2 | D2: 3 | E2: 4 | F2: 5 | G2: OP | H2: 1 | I2: 2 | J2: 3 | K2: 4 | L2: 5 | M2: OP | N2: 1 | O2: 2 | P2: 3 | Q2: 4 | R2: 5 | S2: 6 | T2: 7 | U2: 8 | V2: 9 | W2: 10 | X2: OP | Y2: 1 | Z2: 2 | AA2: 3 | AB2: 4 | AC2: 5 | AD2: 6 | AE2: 7 | AF2: 8 | AG2: 9 | AH2: 10
A3: N2522+ | G3: N2522+ | H3: 2.84 | I3: 2.97 | J3: 3.19 | K3: 3.14 | L3: 3.08 | M3: N2522+ | X3: N2522+
H4: 2.82 | I4: 2.93 | J4: 3.18 | K4: 3.18 | L4: 3.13
H5: 2.85 | I5: 2.96 | J5: 3.2 | K5: 3.12 | L5: 3.15
H6: 2.79 | I6: 2.93 | J6: 3.13 | K6: 3.17 | L6: 3.11
H7: 2.76 | I7: 2.95 | J7: 3.13 | K7: 3.15 | L7: 3.17
A8: N2522- | G8: N2522- | H8: 2.82 | I8: 2.94 | J8: 3.14 | K8: 3.21 | L8: 3.24 | M8: N2522- | X8: N2522-
H9: 2.91 | I9: 2.86 | J9: 3.13 | K9: 3.22 | L9: 3.11
H10: 2.8 | I10: 2.91 | J10: 3.08 | K10: 3.23 | L10: 3.22
H11: 2.82 | I11: 2.92 | J11: 3.13 | K11: 3.28 | L11: 3.32
H12: 2.79 | I12: 2.96 | J12: 3.11 | K12: 3.26 | L12: 3.17
A13: PT1+ | G13: QE1+ | H13: 1.68 | I13: 1.73 | J13: 1.99 | K13: 1.98 | L13: 1.91 | M13: PT2+ | X13: QE2+
H14: 1.65 | I14: 1.75 | J14: 2.01 | K14: 1.97 | L14: 1.94
H15: 1.69 | I15: 1.76 | J15: 1.97 | K15: 2 | L15: 1.92
H16: 1.65 | I16: 1.74 | J16: 1.94 | K16: 2.04 | L16: 1.93
H17: 1.71 | I17: 1.75 | J17: 1.94 | K17: 1.94 | L17: 1.96
A18: PT1- | G18: Q1E- | H18: 1.93 | I18: 1.98 | J18: 2.19 | K18: 2.34 | L18: 2.28 | M18: PT2- | X18: QE2-
H19: 1.97 | I19: 2 | J19: 2.24 | K19: 2.32 | L19: 2.22
H20: 1.92 | I20: 1.98 | J20: 2.24 | K20: 2.33 | L20: 2.28
H21: 1.93 | I21: 1.97 | J21: 2.17 | K21: 2.3 | L21: 2.31
H22: 1.92 | I22: 2.03 | J22: 2.15 | K22: 2.27 | L22: 2.24
A24: 項次 | B24: 單位 | C24: 規格 | E24: 數值 | G24: 項次 | H24: 單位 | I24: 規格 | K24: 數值 | M24: 項次 | N24: 單位 | O24: 規格 | Q24: 數值 | X24: 項次 | Y24: 單位 | Z24: 規格 | AB24: 數值
A25: 咬蝕量 | B25: um | C25: 0.3±0.1 | E25: =AVERAGE(B3:F12)-AVERAGE(B13:F22) -> #DIV/0! | G25: 咬蝕量 | H25: um | I25: 0.84±0.07 | K25: =AVERAGE(H3:L12)-AVERAGE(H13:L22) -> 1.051 | M25: 咬蝕量 | N25: um | O25: 0.3±0.1 | Q25: =AVERAGE(N3:W12)-AVERAGE(N13:W22) -> #DIV/0! | X25: 咬蝕量 | Y25: um | Z25: 0.84±0.07 | AB25: =AVERAGE(Y3:AH12)-AVERAGE(Y13:AH22) -> #DIV/0!
A26: 線速 | B26: M/min | C26: ="--" -> -- | E26: 1.7 | G26: 線速 | H26: M/min | I26: ="--" -> -- | K26: 1.4 | M26: 線速 | N26: M/min | O26: ="--" -> -- | Q26: 1.5 | X26: 線速 | Y26: M/min | Z26: ="--" -> -- | AB26: 1.5
A27: 咬蝕速率 | B27: um/min | C27: 0.55±0.17 | E27: =(E25/(0.975/E26)) -> #DIV/0! | G27: 咬蝕速率 | H27: um/min | I27: 0.75±0.07 | K27: =(K25/(1.944/K26)) -> 0.756893 | M27: 咬蝕速率 | N27: um/min | O27: 0.55±0.17 | Q27: =(Q25/(0.975/Q26)) -> #DIV/0! | X27: 咬蝕速率 | Y27: um/min | Z27: 0.75±0.07 | AB27: =(AB25/(3.13/AB26)) -> #DIV/0!
A28: 量測日期 | C28: =TODAY() -> 46156
A29: PT-01 | G29: QE-01 | M29: PT-02 | X29: QE-02
A30: 咬蝕量 | G30: 咬蝕量 | M30: 咬蝕量 | X30: 咬蝕量
A31: PT1+ | B31: =B3-B13 -> 0 | C31: =C3-C13 -> 0 | D31: =D3-D13 -> 0 | E31: =E3-E13 -> 0 | F31: =F3-F13 -> 0 | G31: QE1+ | H31: =H3-H13 -> 1.16 | I31: =I3-I13 -> 1.24 | J31: =J3-J13 -> 1.2 | K31: =K3-K13 -> 1.16 | L31: =L3-L13 -> 1.17 | M31: PT2+ | N31: =N3-N13 -> 0 | O31: =O3-O13 -> 0 | P31: =P3-P13 -> 0 | Q31: =Q3-Q13 -> 0 | R31: =R3-R13 -> 0 | S31: =S3-S13 -> 0 | T31: =T3-T13 -> 0 | U31: =U3-U13 -> 0 | ... W31: =W3-W13 -> 0 | X31: QE2+ | Y31: =Y3-Y13 -> 0 | Z31: =Z3-Z13 -> 0 | AA31: =AA3-AA13 -> 0 | AB31: =AB3-AB13 -> 0 | AC31: =AC3-AC13 -> 0 | AD31: =AD3-AD13 -> 0 | AE31: =AE3-AE13 -> 0 | AF31: =AF3-AF13 -> 0 | ... AH31: =AH3-AH13 -> 0 | AJ31: PT | AK31: =B31 -> 0 | AL31: =B32 -> 0 | AM31: =B33 -> 0 | AN31: =B34 -> 0 | AO31: =B35 -> 0 | AP31: =C31 -> 0 | AQ31: =C32 -> 0 | AR31: =C33 -> 0 | AS31: =C34 -> 0 | AT31: =C35 -> 0 | AU31: =D31 -> 0 | AV31: =D32 -> 0 | AW31: =D33 -> 0 | AX31: =D34 -> 0 | AY31: =D35 -> 0 | AZ31: =E31 -> 0 | BA31: =E32 -> 0 | BB31: =E33 -> 0 | BC31: =E34 -> 0 | BD31: =E35 -> 0 | BE31: =F31 -> 0 | BF31: =F32 -> 0 | BG31: =F33 -> 0 | BH31: =F34 -> 0 | BI31: =F35 -> 0
B32: =B4-B14 -> 0 | C32: =C4-C14 -> 0 | D32: =D4-D14 -> 0 | E32: =E4-E14 -> 0 | F32: =F4-F14 -> 0 | H32: =H4-H14 -> 1.17 | I32: =I4-I14 -> 1.18 | J32: =J4-J14 -> 1.17 | K32: =K4-K14 -> 1.21 | L32: =L4-L14 -> 1.19 | N32: =N4-N14 -> 0 | O32: =O4-O14 -> 0 | P32: =P4-P14 -> 0 | Q32: =Q4-Q14 -> 0 | R32: =R4-R14 -> 0 | S32: =S4-S14 -> 0 | T32: =T4-T14 -> 0 | U32: =U4-U14 -> 0 | ... W32: =W4-W14 -> 0 | Y32: =Y4-Y14 -> 0 | Z32: =Z4-Z14 -> 0 | AA32: =AA4-AA14 -> 0 | AB32: =AB4-AB14 -> 0 | AC32: =AC4-AC14 -> 0 | AD32: =AD4-AD14 -> 0 | AE32: =AE4-AE14 -> 0 | AF32: =AF4-AF14 -> 0 | ... AH32: =AH4-AH14 -> 0
B33: =B5-B15 -> 0 | C33: =C5-C15 -> 0 | D33: =D5-D15 -> 0 | E33: =E5-E15 -> 0 | F33: =F5-F15 -> 0 | H33: =H5-H15 -> 1.16 | I33: =I5-I15 -> 1.2 | J33: =J5-J15 -> 1.23 | K33: =K5-K15 -> 1.12 | L33: =L5-L15 -> 1.23 | N33: =N5-N15 -> 0 | O33: =O5-O15 -> 0 | P33: =P5-P15 -> 0 | Q33: =Q5-Q15 -> 0 | R33: =R5-R15 -> 0 | S33: =S5-S15 -> 0 | T33: =T5-T15 -> 0 | U33: =U5-U15 -> 0 | ... W33: =W5-W15 -> 0 | Y33: =Y5-Y15 -> 0 | Z33: =Z5-Z15 -> 0 | AA33: =AA5-AA15 -> 0 | AB33: =AB5-AB15 -> 0 | AC33: =AC5-AC15 -> 0 | AD33: =AD5-AD15 -> 0 | AE33: =AE5-AE15 -> 0 | AF33: =AF5-AF15 -> 0 | ... AH33: =AH5-AH15 -> 0
B34: =B6-B16 -> 0 | C34: =C6-C16 -> 0 | D34: =D6-D16 -> 0 | E34: =E6-E16 -> 0 | F34: =F6-F16 -> 0 | H34: =H6-H16 -> 1.14 | I34: =I6-I16 -> 1.19 | J34: =J6-J16 -> 1.19 | K34: =K6-K16 -> 1.13 | L34: =L6-L16 -> 1.18 | N34: =N6-N16 -> 0 | O34: =O6-O16 -> 0 | P34: =P6-P16 -> 0 | Q34: =Q6-Q16 -> 0 | R34: =R6-R16 -> 0 | S34: =S6-S16 -> 0 | T34: =T6-T16 -> 0 | U34: =U6-U16 -> 0 | ... W34: =W6-W16 -> 0 | Y34: =Y6-Y16 -> 0 | Z34: =Z6-Z16 -> 0 | AA34: =AA6-AA16 -> 0 | AB34: =AB6-AB16 -> 0 | AC34: =AC6-AC16 -> 0 | AD34: =AD6-AD16 -> 0 | AE34: =AE6-AE16 -> 0 | AF34: =AF6-AF16 -> 0 | ... AH34: =AH6-AH16 -> 0
B35: =B7-B17 -> 0 | C35: =C7-C17 -> 0 | D35: =D7-D17 -> 0 | E35: =E7-E17 -> 0 | F35: =F7-F17 -> 0 | H35: =H7-H17 -> 1.05 | I35: =I7-I17 -> 1.2 | J35: =J7-J17 -> 1.19 | K35: =K7-K17 -> 1.21 | L35: =L7-L17 -> 1.21 | N35: =N7-N17 -> 0 | O35: =O7-O17 -> 0 | P35: =P7-P17 -> 0 | Q35: =Q7-Q17 -> 0 | R35: =R7-R17 -> 0 | S35: =S7-S17 -> 0 | T35: =T7-T17 -> 0 | U35: =U7-U17 -> 0 | ... W35: =W7-W17 -> 0 | Y35: =Y7-Y17 -> 0 | Z35: =Z7-Z17 -> 0 | AA35: =AA7-AA17 -> 0 | AB35: =AB7-AB17 -> 0 | AC35: =AC7-AC17 -> 0 | AD35: =AD7-AD17 -> 0 | AE35: =AE7-AE17 -> 0 | AF35: =AF7-AF17 -> 0 | ... AH35: =AH7-AH17 -> 0
A36: PT1- | B36: =B8-B18 -> 0 | C36: =C8-C18 -> 0 | D36: =D8-D18 -> 0 | E36: =E8-E18 -> 0 | F36: =F8-F18 -> 0 | G36: QE1- | H36: =H8-H18 -> 0.89 | I36: =I8-I18 -> 0.96 | J36: =J8-J18 -> 0.95 | K36: =K8-K18 -> 0.87 | L36: =L8-L18 -> 0.96 | M36: PT2- | N36: =N8-N18 -> 0 | O36: =O8-O18 -> 0 | P36: =P8-P18 -> 0 | Q36: =Q8-Q18 -> 0 | R36: =R8-R18 -> 0 | S36: =S8-S18 -> 0 | T36: =T8-T18 -> 0 | U36: =U8-U18 -> 0 | ... W36: =W8-W18 -> 0 | X36: QE2- | Y36: =Y8-Y18 -> 0 | Z36: =Z8-Z18 -> 0 | AA36: =AA8-AA18 -> 0 | AB36: =AB8-AB18 -> 0 | AC36: =AC8-AC18 -> 0 | AD36: =AD8-AD18 -> 0 | AE36: =AE8-AE18 -> 0 | AF36: =AF8-AF18 -> 0 | ... AH36: =AH8-AH18 -> 0 | AK36: =B36 -> 0 | AL36: =B37 -> 0 | AM36: =B38 -> 0 | AN36: =B39 -> 0 | AO36: =B40 -> 0 | AP36: =C36 -> 0 | AQ36: =C37 -> 0 | AR36: =C38 -> 0 | AS36: =C39 -> 0 | AT36: =C40 -> 0 | AU36: =D36 -> 0 | AV36: =D37 -> 0 | AW36: =D38 -> 0 | AX36: =D39 -> 0 | AY36: =D40 -> 0 | AZ36: =E36 -> 0 | BA36: =E37 -> 0 | BB36: =E38 -> 0 | BC36: =E39 -> 0 | BD36: =E40 -> 0 | BE36: =F36 -> 0 | BF36: =F37 -> 0 | BG36: =F38 -> 0 | BH36: =F39 -> 0 | BI36: =F40 -> 0
B37: =B9-B19 -> 0 | C37: =C9-C19 -> 0 | D37: =D9-D19 -> 0 | E37: =E9-E19 -> 0 | F37: =F9-F19 -> 0 | H37: =H9-H19 -> 0.94 | I37: =I9-I19 -> 0.86 | J37: =J9-J19 -> 0.89 | K37: =K9-K19 -> 0.9 | L37: =L9-L19 -> 0.89 | N37: =N9-N19 -> 0 | O37: =O9-O19 -> 0 | P37: =P9-P19 -> 0 | Q37: =Q9-Q19 -> 0 | R37: =R9-R19 -> 0 | S37: =S9-S19 -> 0 | T37: =T9-T19 -> 0 | U37: =U9-U19 -> 0 | ... W37: =W9-W19 -> 0 | Y37: =Y9-Y19 -> 0 | Z37: =Z9-Z19 -> 0 | AA37: =AA9-AA19 -> 0 | AB37: =AB9-AB19 -> 0 | AC37: =AC9-AC19 -> 0 | AD37: =AD9-AD19 -> 0 | AE37: =AE9-AE19 -> 0 | AF37: =AF9-AF19 -> 0 | ... AH37: =AH9-AH19 -> 0
B38: =B10-B20 -> 0 | C38: =C10-C20 -> 0 | D38: =D10-D20 -> 0 | E38: =E10-E20 -> 0 | F38: =F10-F20 -> 0 | H38: =H10-H20 -> 0.88 | I38: =I10-I20 -> 0.93 | J38: =J10-J20 -> 0.84 | K38: =K10-K20 -> 0.9 | L38: =L10-L20 -> 0.94 | N38: =N10-N20 -> 0 | O38: =O10-O20 -> 0 | P38: =P10-P20 -> 0 | Q38: =Q10-Q20 -> 0 | R38: =R10-R20 -> 0 | S38: =S10-S20 -> 0 | T38: =T10-T20 -> 0 | U38: =U10-U20 -> 0 | ... W38: =W10-W20 -> 0 | Y38: =Y10-Y20 -> 0 | Z38: =Z10-Z20 -> 0 | AA38: =AA10-AA20 -> 0 | AB38: =AB10-AB20 -> 0 | AC38: =AC10-AC20 -> 0 | AD38: =AD10-AD20 -> 0 | AE38: =AE10-AE20 -> 0 | AF38: =AF10-AF20 -> 0 | ... AH38: =AH10-AH20 -> 0 | AJ38: QE | AK38: =H31 -> 1.16 | AL38: =H32 -> 1.17 | AM38: =H33 -> 1.16 | AN38: =H34 -> 1.14 | AO38: =H35 -> 1.05 | AP38: =I31 -> 1.24 | AQ38: =I32 -> 1.18 | AR38: =I33 -> 1.2 | AS38: =I34 -> 1.19 | AT38: =I35 -> 1.2 | AU38: =J31 -> 1.2 | AV38: =J32 -> 1.17 | AW38: =J33 -> 1.23 | AX38: =J34 -> 1.19 | AY38: =J35 -> 1.19 | AZ38: =K31 -> 1.16 | BA38: =K32 -> 1.21 | BB38: =K33 -> 1.12 | BC38: =K34 -> 1.13 | BD38: =K35 -> 1.21 | BE38: =L31 -> 1.17 | BF38: =L32 -> 1.19 | BG38: =L33 -> 1.23 | BH38: =L34 -> 1.18 | BI38: =L35 -> 1.21
B39: =B11-B21 -> 0 | C39: =C11-C21 -> 0 | D39: =D11-D21 -> 0 | E39: =E11-E21 -> 0 | F39: =F11-F21 -> 0 | H39: =H11-H21 -> 0.89 | I39: =I11-I21 -> 0.95 | J39: =J11-J21 -> 0.96 | K39: =K11-K21 -> 0.98 | L39: =L11-L21 -> 1.01 | N39: =N11-N21 -> 0 | O39: =O11-O21 -> 0 | P39: =P11-P21 -> 0 | Q39: =Q11-Q21 -> 0 | R39: =R11-R21 -> 0 | S39: =S11-S21 -> 0 | T39: =T11-T21 -> 0 | U39: =U11-U21 -> 0 | ... W39: =W11-W21 -> 0 | Y39: =Y11-Y21 -> 0 | Z39: =Z11-Z21 -> 0 | AA39: =AA11-AA21 -> 0 | AB39: =AB11-AB21 -> 0 | AC39: =AC11-AC21 -> 0 | AD39: =AD11-AD21 -> 0 | AE39: =AE11-AE21 -> 0 | AF39: =AF11-AF21 -> 0 | ... AH39: =AH11-AH21 -> 0
B40: =B12-B22 -> 0 | C40: =C12-C22 -> 0 | D40: =D12-D22 -> 0 | E40: =E12-E22 -> 0 | F40: =F12-F22 -> 0 | H40: =H12-H22 -> 0.87 | I40: =I12-I22 -> 0.93 | J40: =J12-J22 -> 0.96 | K40: =K12-K22 -> 0.99 | L40: =L12-L22 -> 0.93 | N40: =N12-N22 -> 0 | O40: =O12-O22 -> 0 | P40: =P12-P22 -> 0 | Q40: =Q12-Q22 -> 0 | R40: =R12-R22 -> 0 | S40: =S12-S22 -> 0 | T40: =T12-T22 -> 0 | U40: =U12-U22 -> 0 | ... W40: =W12-W22 -> 0 | Y40: =Y12-Y22 -> 0 | Z40: =Z12-Z22 -> 0 | AA40: =AA12-AA22 -> 0 | AB40: =AB12-AB22 -> 0 | AC40: =AC12-AC22 -> 0 | AD40: =AD12-AD22 -> 0 | AE40: =AE12-AE22 -> 0 | AF40: =AF12-AF22 -> 0 | ... AH40: =AH12-AH22 -> 0
A41: A side- EA | B41: =AVERAGE(B31:F35) -> 0 | C41: R | D41: =MAX(B31:F35)-MIN(B31:F35) -> 0 | E41: ER | F41: =B41/(0.975/E26) -> 0 | G41: A side- EA | H41: =AVERAGE(H31:L35) -> 1.1792 | I41: R | J41: =MAX(H31:L35)-MIN(H31:L35) -> 0.19 | K41: ER | L41: =H41/(1.944/K26) -> 0.84921811 | M41: A side- EA | N41: =AVERAGE(N31:W35) -> 0 | O41: R | P41: =MAX(N31:W35)-MIN(N31:W35) -> 0 | Q41: ER | R41: =N41/(0.975/Q26) -> 0 | S41: % | T41: =1-(P41/2*N41) -> 1 | U41: T-R | V41: =MAX(N31:W40)-MIN(N31:W40) -> 0 | X41: A side- EA | Y41: =AVERAGE(Y31:AH35) -> 0 | Z41: R | AA41: =MAX(Y31:AH35)-MIN(Y31:AH35) -> 0 | AB41: ER | AC41: =Y41/(3.13/AB26) -> 0 | AD41: % | AE41: =1-(AA41/2*Y41) -> 1 | AF41: T-R | AG41: =MAX(Y31:AH40)-MIN(Y31:AH40) -> 0
A42: B side- EA | B42: =AVERAGE(B37:F40) -> 0 | C42: R | D42: =MAX(B36:F40)-MIN(B36:F40) -> 0 | E42: ER | F42: =B42/(0.975/E26) -> 0 | G42: B side- EA | H42: =AVERAGE(H37:L40) -> 0.922 | I42: R | J42: =MAX(H36:L40)-MIN(H36:L40) -> 0.17 | K42: ER | L42: =H42/(1.944/K26) -> 0.66399177 | M42: B side- EA | N42: =AVERAGE(N37:W40) -> 0 | O42: R | P42: =MAX(N36:W40)-MIN(N36:W40) -> 0 | Q42: ER | R42: =N42/(0.975/Q26) -> 0 | S42: % | T42: =1-(P42/2*N42) -> 1 | U42: T-% | V42: =1-(V41/2*AVERAGE(N41:N42)) -> 1 | X42: B side- EA | Y42: =AVERAGE(Y37:AH40) -> 0 | Z42: R | AA42: =MAX(Y36:AH40)-MIN(Y36:AH40) -> 0 | AB42: ER | AC42: =Y42/(3.13/AB26) -> 0 | AD42: % | AE42: =1-(AA42/2*Y42) -> 1 | AF42: T-% | AG42: =1-(AG41/2*AVERAGE(Y41:Y42)) -> 1
AK43: =H36 -> 0.89 | AL43: =H37 -> 0.94 | AM43: =H38 -> 0.88 | AN43: =H39 -> 0.89 | AO43: =H40 -> 0.87 | AP43: =I36 -> 0.96 | AQ43: =I37 -> 0.86 | AR43: =I38 -> 0.93 | AS43: =I39 -> 0.95 | AT43: =I40 -> 0.93 | AU43: =J36 -> 0.95 | AV43: =J37 -> 0.89 | AW43: =J38 -> 0.84 | AX43: =J39 -> 0.96 | AY43: =J40 -> 0.96 | AZ43: =K36 -> 0.87 | BA43: =K37 -> 0.9 | BB43: =K38 -> 0.9 | BC43: =K39 -> 0.98 | BD43: =K40 -> 0.99 | BE43: =L36 -> 0.96 | BF43: =L37 -> 0.89 | BG43: =L38 -> 0.94 | BH43: =L39 -> 1.01 | BI43: =L40 -> 0.93

Sheet 0511.
A1: PT-01 | G1: QE-01 | M1: PT-02 | X1: QE-02
A2: OP | B2: 1 | C2: 2 | D2: 3 | E2: 4 | F2: 5 | G2: OP | H2: 1 | I2: 2 | J2: 3 | K2: 4 | L2: 5 | M2: OP | N2: 1 | O2: 2 | P2: 3 | Q2: 4 | R2: 5 | S2: 6 | T2: 7 | U2: 8 | V2: 9 | W2: 10 | X2: OP | Y2: 1 | Z2: 2 | AA2: 3 | AB2: 4 | AC2: 5 | AD2: 6 | AE2: 7 | AF2: 8 | AG2: 9 | AH2: 10
A3: N2522+ | G3: N2522+ | H3: 2.83 | I3: 2.98 | J3: 3.15 | K3: 3.14 | L3: 3.15 | M3: N2522+ | X3: N2522+
H4: 2.79 | I4: 2.94 | J4: 3.2 | K4: 3.2 | L4: 3.08
H5: 2.79 | I5: 2.92 | J5: 3.11 | K5: 3.17 | L5: 3.23
H6: 2.85 | I6: 2.91 | J6: 3.18 | K6: 3.16 | L6: 3.09
H7: 2.82 | I7: 2.91 | J7: 3.18 | K7: 3.18 | L7: 3.12
A8: N2522- | G8: N2522- | H8: 2.84 | I8: 2.9 | J8: 3.15 | K8: 3.18 | L8: 3.18 | M8: N2522- | X8: N2522-
H9: 2.88 | I9: 2.96 | J9: 3.15 | K9: 3.3 | L9: 3.23
H10: 2.85 | I10: 2.93 | J10: 3.16 | K10: 3.29 | L10: 3.29
H11: 3.83 | I11: 2.93 | J11: 3.07 | K11: 3.17 | L11: 3.21
H12: 2.91 | I12: 2.94 | J12: 3.17 | K12: 3.28 | L12: 3.16
A13: PT1+ | G13: QE1+ | H13: 1.8 | I13: 1.89 | J13: 2.1 | K13: 2.13 | L13: 2.06 | M13: PT2+ | X13: QE2+
H14: 1.82 | I14: 1.92 | J14: 2.13 | K14: 2.1 | L14: 2.07
H15: 1.81 | I15: 1.94 | J15: 2.07 | K15: 2.11 | L15: 2.06
H16: 1.82 | I16: 1.91 | J16: 2.11 | K16: 2.14 | L16: 2.03
H17: 1.78 | I17: 1.94 | J17: 2.09 | K17: 2.11 | L17: 2.04
A18: PT1- | G18: Q1E- | H18: 2.05 | I18: 2.08 | J18: 2.34 | K18: 2.43 | L18: 2.37 | M18: PT2- | X18: QE2-
H19: 2.08 | I19: 2.14 | J19: 2.37 | K19: 2.45 | L19: 2.37
H20: 2.05 | I20: 2.15 | J20: 2.38 | K20: 2.46 | L20: 2.4
H21: 2.04 | I21: 2.11 | J21: 2.35 | K21: 2.37 | L21: 2.33
H22: 2.09 | I22: 2.08 | J22: 2.36 | K22: 2.38 | L22: 2.3
A24: 項次 | B24: 單位 | C24: 規格 | E24: 數值 | G24: 項次 | H24: 單位 | I24: 規格 | K24: 數值 | M24: 項次 | N24: 單位 | O24: 規格 | Q24: 數值 | X24: 項次 | Y24: 單位 | Z24: 規格 | AB24: 數值
A25: 咬蝕量 | B25: um | C25: 0.3±0.1 | E25: =AVERAGE(B3:F12)-AVERAGE(B13:F22) -> #DIV/0! | G25: 咬蝕量 | H25: um | I25: 0.84±0.07 | K25: =AVERAGE(H3:L12)-AVERAGE(H13:L22) -> 0.9506 | M25: 咬蝕量 | N25: um | O25: 0.3±0.1 | Q25: =AVERAGE(N3:W12)-AVERAGE(N13:W22) -> #DIV/0! | X25: 咬蝕量 | Y25: um | Z25: 0.84±0.07 | AB25: =AVERAGE(Y3:AH12)-AVERAGE(Y13:AH22) -> #DIV/0!
A26: 線速 | B26: M/min | C26: ="--" -> -- | E26: 1.7 | G26: 線速 | H26: M/min | I26: ="--" -> -- | K26: 1.4 | M26: 線速 | N26: M/min | O26: ="--" -> -- | Q26: 1.5 | X26: 線速 | Y26: M/min | Z26: ="--" -> -- | AB26: 1.5
A27: 咬蝕速率 | B27: um/min | C27: 0.55±0.17 | E27: =(E25/(0.975/E26)) -> #DIV/0! | G27: 咬蝕速率 | H27: um/min | I27: 0.75±0.07 | K27: =(K25/(1.944/K26)) -> 0.68458848 | M27: 咬蝕速率 | N27: um/min | O27: 0.55±0.17 | Q27: =(Q25/(0.975/Q26)) -> #DIV/0! | X27: 咬蝕速率 | Y27: um/min | Z27: 0.75±0.07 | AB27: =(AB25/(3.13/AB26)) -> #DIV/0!
A28: 量測日期 | C28: =TODAY() -> 46156
A29: PT-01 | G29: QE-01 | M29: PT-02 | X29: QE-02
A30: 咬蝕量 | G30: 咬蝕量 | M30: 咬蝕量 | X30: 咬蝕量
A31: PT1+ | B31: =B3-B13 -> 0 | C31: =C3-C13 -> 0 | D31: =D3-D13 -> 0 | E31: =E3-E13 -> 0 | F31: =F3-F13 -> 0 | G31: QE1+ | H31: =H3-H13 -> 1.03 | I31: =I3-I13 -> 1.09 | J31: =J3-J13 -> 1.05 | K31: =K3-K13 -> 1.01 | L31: =L3-L13 -> 1.09 | M31: PT2+ | N31: =N3-N13 -> 0 | O31: =O3-O13 -> 0 | P31: =P3-P13 -> 0 | Q31: =Q3-Q13 -> 0 | R31: =R3-R13 -> 0 | S31: =S3-S13 -> 0 | T31: =T3-T13 -> 0 | U31: =U3-U13 -> 0 | ... W31: =W3-W13 -> 0 | X31: QE2+ | Y31: =Y3-Y13 -> 0 | Z31: =Z3-Z13 -> 0 | AA31: =AA3-AA13 -> 0 | AB31: =AB3-AB13 -> 0 | AC31: =AC3-AC13 -> 0 | AD31: =AD3-AD13 -> 0 | AE31: =AE3-AE13 -> 0 | AF31: =AF3-AF13 -> 0 | ... AH31: =AH3-AH13 -> 0 | AJ31: PT | AK31: =B31 -> 0 | AL31: =B32 -> 0 | AM31: =B33 -> 0 | AN31: =B34 -> 0 | AO31: =B35 -> 0 | AP31: =C31 -> 0 | AQ31: =C32 -> 0 | AR31: =C33 -> 0 | AS31: =C34 -> 0 | AT31: =C35 -> 0 | AU31: =D31 -> 0 | AV31: =D32 -> 0 | AW31: =D33 -> 0 | AX31: =D34 -> 0 | AY31: =D35 -> 0 | AZ31: =E31 -> 0 | BA31: =E32 -> 0 | BB31: =E33 -> 0 | BC31: =E34 -> 0 | BD31: =E35 -> 0 | BE31: =F31 -> 0 | BF31: =F32 -> 0 | BG31: =F33 -> 0 | BH31: =F34 -> 0 | BI31: =F35 -> 0
B32: =B4-B14 -> 0 | C32: =C4-C14 -> 0 | D32: =D4-D14 -> 0 | E32: =E4-E14 -> 0 | F32: =F4-F14 -> 0 | H32: =H4-H14 -> 0.97 | I32: =I4-I14 -> 1.02 | J32: =J4-J14 -> 1.07 | K32: =K4-K14 -> 1.1 | L32: =L4-L14 -> 1.01 | N32: =N4-N14 -> 0 | O32: =O4-O14 -> 0 | P32: =P4-P14 -> 0 | Q32: =Q4-Q14 -> 0 | R32: =R4-R14 -> 0 | S32: =S4-S14 -> 0 | T32: =T4-T14 -> 0 | U32: =U4-U14 -> 0 | ... W32: =W4-W14 -> 0 | Y32: =Y4-Y14 -> 0 | Z32: =Z4-Z14 -> 0 | AA32: =AA4-AA14 -> 0 | AB32: =AB4-AB14 -> 0 | AC32: =AC4-AC14 -> 0 | AD32: =AD4-AD14 -> 0 | AE32: =AE4-AE14 -> 0 | AF32: =AF4-AF14 -> 0 | ... AH32: =AH4-AH14 -> 0
B33: =B5-B15 -> 0 | C33: =C5-C15 -> 0 | D33: =D5-D15 -> 0 | E33: =E5-E15 -> 0 | F33: =F5-F15 -> 0 | H33: =H5-H15 -> 0.98 | I33: =I5-I15 -> 0.98 | J33: =J5-J15 -> 1.04 | K33: =K5-K15 -> 1.06 | L33: =L5-L15 -> 1.17 | N33: =N5-N15 -> 0 | O33: =O5-O15 -> 0 | P33: =P5-P15 -> 0 | Q33: =Q5-Q15 -> 0 | R33: =R5-R15 -> 0 | S33: =S5-S15 -> 0 | T33: =T5-T15 -> 0 | U33: =U5-U15 -> 0 | ... W33: =W5-W15 -> 0 | Y33: =Y5-Y15 -> 0 | Z33: =Z5-Z15 -> 0 | AA33: =AA5-AA15 -> 0 | AB33: =AB5-AB15 -> 0 | AC33: =AC5-AC15 -> 0 | AD33: =AD5-AD15 -> 0 | AE33: =AE5-AE15 -> 0 | AF33: =AF5-AF15 -> 0 | ... AH33: =AH5-AH15 -> 0
B34: =B6-B16 -> 0 | C34: =C6-C16 -> 0 | D34: =D6-D16 -> 0 | E34: =E6-E16 -> 0 | F34: =F6-F16 -> 0 | H34: =H6-H16 -> 1.03 | I34: =I6-I16 -> 1 | J34: =J6-J16 -> 1.07 | K34: =K6-K16 -> 1.02 | L34: =L6-L16 -> 1.06 | N34: =N6-N16 -> 0 | O34: =O6-O16 -> 0 | P34: =P6-P16 -> 0 | Q34: =Q6-Q16 -> 0 | R34: =R6-R16 -> 0 | S34: =S6-S16 -> 0 | T34: =T6-T16 -> 0 | U34: =U6-U16 -> 0 | ... W34: =W6-W16 -> 0 | Y34: =Y6-Y16 -> 0 | Z34: =Z6-Z16 -> 0 | AA34: =AA6-AA16 -> 0 | AB34: =AB6-AB16 -> 0 | AC34: =AC6-AC16 -> 0 | AD34: =AD6-AD16 -> 0 | AE34: =AE6-AE16 -> 0 | AF34: =AF6-AF16 -> 0 | ... AH34: =AH6-AH16 -> 0
B35: =B7-B17 -> 0 | C35: =C7-C17 -> 0 | D35: =D7-D17 -> 0 | E35: =E7-E17 -> 0 | F35: =F7-F17 -> 0 | H35: =H7-H17 -> 1.04 | I35: =I7-I17 -> 0.97 | J35: =J7-J17 -> 1.09 | K35: =K7-K17 -> 1.07 | L35: =L7-L17 -> 1.08 | N35: =N7-N17 -> 0 | O35: =O7-O17 -> 0 | P35: =P7-P17 -> 0 | Q35: =Q7-Q17 -> 0 | R35: =R7-R17 -> 0 | S35: =S7-S17 -> 0 | T35: =T7-T17 -> 0 | U35: =U7-U17 -> 0 | ... W35: =W7-W17 -> 0 | Y35: =Y7-Y17 -> 0 | Z35: =Z7-Z17 -> 0 | AA35: =AA7-AA17 -> 0 | AB35: =AB7-AB17 -> 0 | AC35: =AC7-AC17 -> 0 | AD35: =AD7-AD17 -> 0 | AE35: =AE7-AE17 -> 0 | AF35: =AF7-AF17 -> 0 | ... AH35: =AH7-AH17 -> 0
A36: PT1- | B36: =B8-B18 -> 0 | C36: =C8-C18 -> 0 | D36: =D8-D18 -> 0 | E36: =E8-E18 -> 0 | F36: =F8-F18 -> 0 | G36: QE1- | H36: =H8-H18 -> 0.79 | I36: =I8-I18 -> 0.82 | J36: =J8-J18 -> 0.81 | K36: =K8-K18 -> 0.75 | L36: =L8-L18 -> 0.81 | M36: PT2- | N36: =N8-N18 -> 0 | O36: =O8-O18 -> 0 | P36: =P8-P18 -> 0 | Q36: =Q8-Q18 -> 0 | R36: =R8-R18 -> 0 | S36: =S8-S18 -> 0 | T36: =T8-T18 -> 0 | U36: =U8-U18 -> 0 | ... W36: =W8-W18 -> 0 | X36: QE2- | Y36: =Y8-Y18 -> 0 | Z36: =Z8-Z18 -> 0 | AA36: =AA8-AA18 -> 0 | AB36: =AB8-AB18 -> 0 | AC36: =AC8-AC18 -> 0 | AD36: =AD8-AD18 -> 0 | AE36: =AE8-AE18 -> 0 | AF36: =AF8-AF18 -> 0 | ... AH36: =AH8-AH18 -> 0 | AK36: =B36 -> 0 | AL36: =B37 -> 0 | AM36: =B38 -> 0 | AN36: =B39 -> 0 | AO36: =B40 -> 0 | AP36: =C36 -> 0 | AQ36: =C37 -> 0 | AR36: =C38 -> 0 | AS36: =C39 -> 0 | AT36: =C40 -> 0 | AU36: =D36 -> 0 | AV36: =D37 -> 0 | AW36: =D38 -> 0 | AX36: =D39 -> 0 | AY36: =D40 -> 0 | AZ36: =E36 -> 0 | BA36: =E37 -> 0 | BB36: =E38 -> 0 | BC36: =E39 -> 0 | BD36: =E40 -> 0 | BE36: =F36 -> 0 | BF36: =F37 -> 0 | BG36: =F38 -> 0 | BH36: =F39 -> 0 | BI36: =F40 -> 0
B37: =B9-B19 -> 0 | C37: =C9-C19 -> 0 | D37: =D9-D19 -> 0 | E37: =E9-E19 -> 0 | F37: =F9-F19 -> 0 | H37: =H9-H19 -> 0.8 | I37: =I9-I19 -> 0.82 | J37: =J9-J19 -> 0.78 | K37: =K9-K19 -> 0.85 | L37: =L9-L19 -> 0.86 | N37: =N9-N19 -> 0 | O37: =O9-O19 -> 0 | P37: =P9-P19 -> 0 | Q37: =Q9-Q19 -> 0 | R37: =R9-R19 -> 0 | S37: =S9-S19 -> 0 | T37: =T9-T19 -> 0 | U37: =U9-U19 -> 0 | ... W37: =W9-W19 -> 0 | Y37: =Y9-Y19 -> 0 | Z37: =Z9-Z19 -> 0 | AA37: =AA9-AA19 -> 0 | AB37: =AB9-AB19 -> 0 | AC37: =AC9-AC19 -> 0 | AD37: =AD9-AD19 -> 0 | AE37: =AE9-AE19 -> 0 | AF37: =AF9-AF19 -> 0 | ... AH37: =AH9-AH19 -> 0
B38: =B10-B20 -> 0 | C38: =C10-C20 -> 0 | D38: =D10-D20 -> 0 | E38: =E10-E20 -> 0 | F38: =F10-F20 -> 0 | H38: =H10-H20 -> 0.8 | I38: =I10-I20 -> 0.78 | J38: =J10-J20 -> 0.78 | K38: =K10-K20 -> 0.83 | L38: =L10-L20 -> 0.89 | N38: =N10-N20 -> 0 | O38: =O10-O20 -> 0 | P38: =P10-P20 -> 0 | Q38: =Q10-Q20 -> 0 | R38: =R10-R20 -> 0 | S38: =S10-S20 -> 0 | T38: =T10-T20 -> 0 | U38: =U10-U20 -> 0 | ... W38: =W10-W20 -> 0 | Y38: =Y10-Y20 -> 0 | Z38: =Z10-Z20 -> 0 | AA38: =AA10-AA20 -> 0 | AB38: =AB10-AB20 -> 0 | AC38: =AC10-AC20 -> 0 | AD38: =AD10-AD20 -> 0 | AE38: =AE10-AE20 -> 0 | AF38: =AF10-AF20 -> 0 | ... AH38: =AH10-AH20 -> 0 | AJ38: QE | AK38: =H31 -> 1.03 | AL38: =H32 -> 0.97 | AM38: =H33 -> 0.98 | AN38: =H34 -> 1.03 | AO38: =H35 -> 1.04 | AP38: =I31 -> 1.09 | AQ38: =I32 -> 1.02 | AR38: =I33 -> 0.98 | AS38: =I34 -> 1 | AT38: =I35 -> 0.97 | AU38: =J31 -> 1.05 | AV38: =J32 -> 1.07 | AW38: =J33 -> 1.04 | AX38: =J34 -> 1.07 | AY38: =J35 -> 1.09 | AZ38: =K31 -> 1.01 | BA38: =K32 -> 1.1 | BB38: =K33 -> 1.06 | BC38: =K34 -> 1.02 | BD38: =K35 -> 1.07 | BE38: =L31 -> 1.09 | BF38: =L32 -> 1.01 | BG38: =L33 -> 1.17 | BH38: =L34 -> 1.06 | BI38: =L35 -> 1.08
B39: =B11-B21 -> 0 | C39: =C11-C21 -> 0 | D39: =D11-D21 -> 0 | E39: =E11-E21 -> 0 | F39: =F11-F21 -> 0 | H39: =H11-H21 -> 1.79 | I39: =I11-I21 -> 0.82 | J39: =J11-J21 -> 0.72 | K39: =K11-K21 -> 0.8 | L39: =L11-L21 -> 0.88 | N39: =N11-N21 -> 0 | O39: =O11-O21 -> 0 | P39: =P11-P21 -> 0 | Q39: =Q11-Q21 -> 0 | R39: =R11-R21 -> 0 | S39: =S11-S21 -> 0 | T39: =T11-T21 -> 0 | U39: =U11-U21 -> 0 | ... W39: =W11-W21 -> 0 | Y39: =Y11-Y21 -> 0 | Z39: =Z11-Z21 -> 0 | AA39: =AA11-AA21 -> 0 | AB39: =AB11-AB21 -> 0 | AC39: =AC11-AC21 -> 0 | AD39: =AD11-AD21 -> 0 | AE39: =AE11-AE21 -> 0 | AF39: =AF11-AF21 -> 0 | ... AH39: =AH11-AH21 -> 0
B40: =B12-B22 -> 0 | C40: =C12-C22 -> 0 | D40: =D12-D22 -> 0 | E40: =E12-E22 -> 0 | F40: =F12-F22 -> 0 | H40: =H12-H22 -> 0.82 | I40: =I12-I22 -> 0.86 | J40: =J12-J22 -> 0.81 | K40: =K12-K22 -> 0.9 | L40: =L12-L22 -> 0.86 | N40: =N12-N22 -> 0 | O40: =O12-O22 -> 0 | P40: =P12-P22 -> 0 | Q40: =Q12-Q22 -> 0 | R40: =R12-R22 -> 0 | S40: =S12-S22 -> 0 | T40: =T12-T22 -> 0 | U40: =U12-U22 -> 0 | ... W40: =W12-W22 -> 0 | Y40: =Y12-Y22 -> 0 | Z40: =Z12-Z22 -> 0 | AA40: =AA12-AA22 -> 0 | AB40: =AB12-AB22 -> 0 | AC40: =AC12-AC22 -> 0 | AD40: =AD12-AD22 -> 0 | AE40: =AE12-AE22 -> 0 | AF40: =AF12-AF22 -> 0 | ... AH40: =AH12-AH22 -> 0
A41: A side- EA | B41: =AVERAGE(B31:F35) -> 0 | C41: R | D41: =MAX(B31:F35)-MIN(B31:F35) -> 0 | E41: ER | F41: =B41/(0.975/E26) -> 0 | G41: A side- EA | H41: =AVERAGE(H31:L35) -> 1.044 | I41: R | J41: =MAX(H31:L35)-MIN(H31:L35) -> 0.2 | K41: ER | L41: =H41/(1.944/K26) -> 0.75185185 | M41: A side- EA | N41: =AVERAGE(N31:W35) -> 0 | O41: R | P41: =MAX(N31:W35)-MIN(N31:W35) -> 0 | Q41: ER | R41: =N41/(0.975/Q26) -> 0 | S41: % | T41: =1-(P41/2*N41) -> 1 | U41: T-R | V41: =MAX(N31:W40)-MIN(N31:W40) -> 0 | X41: A side- EA | Y41: =AVERAGE(Y31:AH35) -> 0 | Z41: R | AA41: =MAX(Y31:AH35)-MIN(Y31:AH35) -> 0 | AB41: ER | AC41: =Y41/(3.13/AB26) -> 0 | AD41: % | AE41: =1-(AA41/2*Y41) -> 1 | AF41: T-R | AG41: =MAX(Y31:AH40)-MIN(Y31:AH40) -> 0
A42: B side- EA | B42: =AVERAGE(B37:F40) -> 0 | C42: R | D42: =MAX(B36:F40)-MIN(B36:F40) -> 0 | E42: ER | F42: =B42/(0.975/E26) -> 0 | G42: B side- EA | H42: =AVERAGE(H37:L40) -> 0.8725 | I42: R | J42: =MAX(H36:L40)-MIN(H36:L40) -> 1.07 | K42: ER | L42: =H42/(1.944/K26) -> 0.62834362 | M42: B side- EA | N42: =AVERAGE(N37:W40) -> 0 | O42: R | P42: =MAX(N36:W40)-MIN(N36:W40) -> 0 | Q42: ER | R42: =N42/(0.975/Q26) -> 0 | S42: % | T42: =1-(P42/2*N42) -> 1 | U42: T-% | V42: =1-(V41/2*AVERAGE(N41:N42)) -> 1 | X42: B side- EA | Y42: =AVERAGE(Y37:AH40) -> 0 | Z42: R | AA42: =MAX(Y36:AH40)-MIN(Y36:AH40) -> 0 | AB42: ER | AC42: =Y42/(3.13/AB26) -> 0 | AD42: % | AE42: =1-(AA42/2*Y42) -> 1 | AF42: T-% | AG42: =1-(AG41/2*AVERAGE(Y41:Y42)) -> 1
AK43: =H36 -> 0.79 | AL43: =H37 -> 0.8 | AM43: =H38 -> 0.8 | AN43: =H39 -> 1.79 | AO43: =H40 -> 0.82 | AP43: =I36 -> 0.82 | AQ43: =I37 -> 0.82 | AR43: =I38 -> 0.78 | AS43: =I39 -> 0.82 | AT43: =I40 -> 0.86 | AU43: =J36 -> 0.81 | AV43: =J37 -> 0.78 | AW43: =J38 -> 0.78 | AX43: =J39 -> 0.72 | AY43: =J40 -> 0.81 | AZ43: =K36 -> 0.75 | BA43: =K37 -> 0.85 | BB43: =K38 -> 0.83 | BC43: =K39 -> 0.8 | BD43: =K40 -> 0.9 | BE43: =L36 -> 0.81 | BF43: =L37 -> 0.86 | BG43: =L38 -> 0.89 | BH43: =L39 -> 0.88 | BI43: =L40 -> 0.86

Sheet 0508.
A1: PT-01 | G1: QE-01 | M1: PT-02 | X1: QE-02
A2: OP | B2: 1 | C2: 2 | D2: 3 | E2: 4 | F2: 5 | G2: OP | H2: 1 | I2: 2 | J2: 3 | K2: 4 | L2: 5 | M2: OP | N2: 1 | O2: 2 | P2: 3 | Q2: 4 | R2: 5 | S2: 6 | T2: 7 | U2: 8 | V2: 9 | W2: 10 | X2: OP | Y2: 1 | Z2: 2 | AA2: 3 | AB2: 4 | AC2: 5 | AD2: 6 | AE2: 7 | AF2: 8 | AG2: 9 | AH2: 10
A3: N2522+ | G3: N2522+ | H3: 2.88 | I3: 2.95 | J3: 3.16 | K3: 3.1 | L3: 3.07 | M3: N2522+ | N3: 2.19 | O3: 2.37 | P3: 2.42 | Q3: 2.48 | R3: 2.36 | S3: 2.35 | T3: 2.38 | U3: 2.36 | V3: 2.33 | W3: 2.2 | X3: N2522+
H4: 2.84 | I4: 2.94 | J4: 3.18 | K4: 3.14 | L4: 3.1 | N4: 2.22 | O4: 2.4 | P4: 2.41 | Q4: 2.46 | R4: 2.48 | S4: 2.4 | T4: 2.43 | U4: 2.44 | V4: 2.3 | W4: 2.18
H5: 2.87 | I5: 2.98 | J5: 3.21 | K5: 3.18 | L5: 3.07 | N5: 2.22 | O5: 2.32 | P5: 2.37 | Q5: 2.47 | R5: 2.37 | S5: 2.37 | T5: 2.27 | U5: 2.27 | V5: 2.31 | W5: 2.22
H6: 2.83 | I6: 2.95 | J6: 3.15 | K6: 3.14 | L6: 3.11 | N6: 2.24 | O6: 2.42 | P6: 2.37 | Q6: 2.38 | R6: 2.36 | S6: 2.37 | T6: 2.3 | U6: 2.28 | V6: 2.29 | W6: 2.24
H7: 2.8 | I7: 2.94 | J7: 3.12 | K7: 3.13 | L7: 3.09 | N7: 2.2 | O7: 2.4 | P7: 2.47 | Q7: 2.47 | R7: 2.48 | S7: 2.43 | T7: 2.39 | U7: 2.4 | V7: 2.16 | W7: 2.14
A8: N2522- | G8: N2522- | H8: 2.88 | I8: 2.89 | J8: 3.1 | K8: 3.15 | L8: 3.25 | M8: N2522- | N8: 2.15 | O8: 2.28 | P8: 2.4 | Q8: 2.3 | R8: 2.32 | S8: 2.39 | T8: 2.43 | U8: 2.35 | V8: 2.35 | W8: 2.23 | X8: N2522-
H9: 2.87 | I9: 2.88 | J9: 3.12 | K9: 3.23 | L9: 3.22 | N9: 2.14 | O9: 2.29 | P9: 2.42 | Q9: 2.38 | R9: 2.41 | S9: 2.45 | T9: 2.4 | U9: 2.4 | V9: 2.39 | W9: 2.32
H10: 2.85 | I10: 2.91 | J10: 3.11 | K10: 3.27 | L10: 3.26 | N10: 2.2 | O10: 2.28 | P10: 2.37 | Q10: 2.4 | R10: 2.43 | S10: 2.4 | T10: 2.4 | U10: 2.37 | V10: 2.37 | W10: 2.29
H11: 2.9 | I11: 2.97 | J11: 3.04 | K11: 3.21 | L11: 3.2 | N11: 2.19 | O11: 2.3 | P11: 2.38 | Q11: 2.38 | R11: 2.39 | S11: 2.4 | T11: 2.36 | U11: 2.28 | V11: 2.27 | W11: 2.31
H12: 2.88 | I12: 2.91 | J12: 3.09 | K12: 3.23 | L12: 3.13 | N12: 2.12 | O12: 2.31 | P12: 2.39 | Q12: 2.46 | R12: 2.39 | S12: 2.35 | T12: 2.39 | U12: 2.39 | V12: 2.32 | W12: 2.22
A13: PT1+ | G13: QE1+ | H13: 1.59 | I13: 1.71 | J13: 1.87 | K13: 1.89 | L13: 1.81 | M13: PT2+ | X13: QE2+
H14: 1.6 | I14: 1.68 | J14: 1.84 | K14: 1.88 | L14: 1.81
H15: 1.59 | I15: 1.69 | J15: 1.89 | K15: 1.91 | L15: 1.84
H16: 1.58 | I16: 1.66 | J16: 1.85 | K16: 1.9 | L16: 1.86
H17: 1.54 | I17: 1.65 | J17: 1.83 | K17: 1.83 | L17: 1.81
A18: PT1- | G18: Q1E- | H18: 1.89 | I18: 1.93 | J18: 2.14 | K18: 2.22 | L18: 2.2 | M18: PT2- | X18: QE2-
H19: 1.91 | I19: 1.95 | J19: 2.18 | K19: 2.26 | L19: 2.22
H20: 1.87 | I20: 1.95 | J20: 2.2 | K20: 2.29 | L20: 2.23
H21: 1.91 | I21: 2 | J21: 2.17 | K21: 2.24 | L21: 2.18
H22: 1.88 | I22: 1.92 | J22: 2.12 | K22: 2.23 | L22: 2.15
A24: 項次 | B24: 單位 | C24: 規格 | E24: 數值 | G24: 項次 | H24: 單位 | I24: 規格 | K24: 數值 | M24: 項次 | N24: 單位 | O24: 規格 | Q24: 數值 | X24: 項次 | Y24: 單位 | Z24: 規格 | AB24: 數值
A25: 咬蝕量 | B25: um | C25: 0.3±0.1 | E25: =AVERAGE(B3:F12)-AVERAGE(B13:F22) -> #DIV/0! | G25: 咬蝕量 | H25: um | I25: 0.84±0.07 | K25: =AVERAGE(H3:L12)-AVERAGE(H13:L22) -> 1.1226 | M25: 咬蝕量 | N25: um | O25: 0.3±0.1 | Q25: =AVERAGE(N3:W12)-AVERAGE(N13:W22) -> #DIV/0! | X25: 咬蝕量 | Y25: um | Z25: 0.84±0.07 | AB25: =AVERAGE(Y3:AH12)-AVERAGE(Y13:AH22) -> #DIV/0!
A26: 線速 | B26: M/min | C26: ="--" -> -- | E26: 1.7 | G26: 線速 | H26: M/min | I26: ="--" -> -- | K26: 1.4 | M26: 線速 | N26: M/min | O26: ="--" -> -- | Q26: 1.5 | X26: 線速 | Y26: M/min | Z26: ="--" -> -- | AB26: 1.5
A27: 咬蝕速率 | B27: um/min | C27: 0.55±0.17 | E27: =(E25/(0.975/E26)) -> #DIV/0! | G27: 咬蝕速率 | H27: um/min | I27: 0.75±0.07 | K27: =(K25/(1.944/K26)) -> 0.80845679 | M27: 咬蝕速率 | N27: um/min | O27: 0.55±0.17 | Q27: =(Q25/(0.975/Q26)) -> #DIV/0! | X27: 咬蝕速率 | Y27: um/min | Z27: 0.75±0.07 | AB27: =(AB25/(3.13/AB26)) -> #DIV/0!
A28: 量測日期 | C28: =TODAY() -> 46156
A29: PT-01 | G29: QE-01 | M29: PT-02 | X29: QE-02
A30: 咬蝕量 | G30: 咬蝕量 | M30: 咬蝕量 | X30: 咬蝕量
A31: PT1+ | B31: =B3-B13 -> 0 | C31: =C3-C13 -> 0 | D31: =D3-D13 -> 0 | E31: =E3-E13 -> 0 | F31: =F3-F13 -> 0 | G31: QE1+ | H31: =H3-H13 -> 1.29 | I31: =I3-I13 -> 1.24 | J31: =J3-J13 -> 1.29 | K31: =K3-K13 -> 1.21 | L31: =L3-L13 -> 1.26 | M31: PT2+ | N31: =N3-N13 -> 2.19 | O31: =O3-O13 -> 2.37 | P31: =P3-P13 -> 2.42 | Q31: =Q3-Q13 -> 2.48 | R31: =R3-R13 -> 2.36 | S31: =S3-S13 -> 2.35 | T31: =T3-T13 -> 2.38 | U31: =U3-U13 -> 2.36 | ... W31: =W3-W13 -> 2.2 | X31: QE2+ | Y31: =Y3-Y13 -> 0 | Z31: =Z3-Z13 -> 0 | AA31: =AA3-AA13 -> 0 | AB31: =AB3-AB13 -> 0 | AC31: =AC3-AC13 -> 0 | AD31: =AD3-AD13 -> 0 | AE31: =AE3-AE13 -> 0 | AF31: =AF3-AF13 -> 0 | ... AH31: =AH3-AH13 -> 0 | AJ31: PT | AK31: =B31 -> 0 | AL31: =B32 -> 0 | AM31: =B33 -> 0 | AN31: =B34 -> 0 | AO31: =B35 -> 0 | AP31: =C31 -> 0 | AQ31: =C32 -> 0 | AR31: =C33 -> 0 | AS31: =C34 -> 0 | AT31: =C35 -> 0 | AU31: =D31 -> 0 | AV31: =D32 -> 0 | AW31: =D33 -> 0 | AX31: =D34 -> 0 | AY31: =D35 -> 0 | AZ31: =E31 -> 0 | BA31: =E32 -> 0 | BB31: =E33 -> 0 | BC31: =E34 -> 0 | BD31: =E35 -> 0 | BE31: =F31 -> 0 | BF31: =F32 -> 0 | BG31: =F33 -> 0 | BH31: =F34 -> 0 | BI31: =F35 -> 0
B32: =B4-B14 -> 0 | C32: =C4-C14 -> 0 | D32: =D4-D14 -> 0 | E32: =E4-E14 -> 0 | F32: =F4-F14 -> 0 | H32: =H4-H14 -> 1.24 | I32: =I4-I14 -> 1.26 | J32: =J4-J14 -> 1.34 | K32: =K4-K14 -> 1.26 | L32: =L4-L14 -> 1.29 | N32: =N4-N14 -> 2.22 | O32: =O4-O14 -> 2.4 | P32: =P4-P14 -> 2.41 | Q32: =Q4-Q14 -> 2.46 | R32: =R4-R14 -> 2.48 | S32: =S4-S14 -> 2.4 | T32: =T4-T14 -> 2.43 | U32: =U4-U14 -> 2.44 | ... W32: =W4-W14 -> 2.18 | Y32: =Y4-Y14 -> 0 | Z32: =Z4-Z14 -> 0 | AA32: =AA4-AA14 -> 0 | AB32: =AB4-AB14 -> 0 | AC32: =AC4-AC14 -> 0 | AD32: =AD4-AD14 -> 0 | AE32: =AE4-AE14 -> 0 | AF32: =AF4-AF14 -> 0 | ... AH32: =AH4-AH14 -> 0
B33: =B5-B15 -> 0 | C33: =C5-C15 -> 0 | D33: =D5-D15 -> 0 | E33: =E5-E15 -> 0 | F33: =F5-F15 -> 0 | H33: =H5-H15 -> 1.28 | I33: =I5-I15 -> 1.29 | J33: =J5-J15 -> 1.32 | K33: =K5-K15 -> 1.27 | L33: =L5-L15 -> 1.23 | N33: =N5-N15 -> 2.22 | O33: =O5-O15 -> 2.32 | P33: =P5-P15 -> 2.37 | Q33: =Q5-Q15 -> 2.47 | R33: =R5-R15 -> 2.37 | S33: =S5-S15 -> 2.37 | T33: =T5-T15 -> 2.27 | U33: =U5-U15 -> 2.27 | ... W33: =W5-W15 -> 2.22 | Y33: =Y5-Y15 -> 0 | Z33: =Z5-Z15 -> 0 | AA33: =AA5-AA15 -> 0 | AB33: =AB5-AB15 -> 0 | AC33: =AC5-AC15 -> 0 | AD33: =AD5-AD15 -> 0 | AE33: =AE5-AE15 -> 0 | AF33: =AF5-AF15 -> 0 | ... AH33: =AH5-AH15 -> 0
B34: =B6-B16 -> 0 | C34: =C6-C16 -> 0 | D34: =D6-D16 -> 0 | E34: =E6-E16 -> 0 | F34: =F6-F16 -> 0 | H34: =H6-H16 -> 1.25 | I34: =I6-I16 -> 1.29 | J34: =J6-J16 -> 1.3 | K34: =K6-K16 -> 1.24 | L34: =L6-L16 -> 1.25 | N34: =N6-N16 -> 2.24 | O34: =O6-O16 -> 2.42 | P34: =P6-P16 -> 2.37 | Q34: =Q6-Q16 -> 2.38 | R34: =R6-R16 -> 2.36 | S34: =S6-S16 -> 2.37 | T34: =T6-T16 -> 2.3 | U34: =U6-U16 -> 2.28 | ... W34: =W6-W16 -> 2.24 | Y34: =Y6-Y16 -> 0 | Z34: =Z6-Z16 -> 0 | AA34: =AA6-AA16 -> 0 | AB34: =AB6-AB16 -> 0 | AC34: =AC6-AC16 -> 0 | AD34: =AD6-AD16 -> 0 | AE34: =AE6-AE16 -> 0 | AF34: =AF6-AF16 -> 0 | ... AH34: =AH6-AH16 -> 0
B35: =B7-B17 -> 0 | C35: =C7-C17 -> 0 | D35: =D7-D17 -> 0 | E35: =E7-E17 -> 0 | F35: =F7-F17 -> 0 | H35: =H7-H17 -> 1.26 | I35: =I7-I17 -> 1.29 | J35: =J7-J17 -> 1.29 | K35: =K7-K17 -> 1.3 | L35: =L7-L17 -> 1.28 | N35: =N7-N17 -> 2.2 | O35: =O7-O17 -> 2.4 | P35: =P7-P17 -> 2.47 | Q35: =Q7-Q17 -> 2.47 | R35: =R7-R17 -> 2.48 | S35: =S7-S17 -> 2.43 | T35: =T7-T17 -> 2.39 | U35: =U7-U17 -> 2.4 | ... W35: =W7-W17 -> 2.14 | Y35: =Y7-Y17 -> 0 | Z35: =Z7-Z17 -> 0 | AA35: =AA7-AA17 -> 0 | AB35: =AB7-AB17 -> 0 | AC35: =AC7-AC17 -> 0 | AD35: =AD7-AD17 -> 0 | AE35: =AE7-AE17 -> 0 | AF35: =AF7-AF17 -> 0 | ... AH35: =AH7-AH17 -> 0
A36: PT1- | B36: =B8-B18 -> 0 | C36: =C8-C18 -> 0 | D36: =D8-D18 -> 0 | E36: =E8-E18 -> 0 | F36: =F8-F18 -> 0 | G36: QE1- | H36: =H8-H18 -> 0.99 | I36: =I8-I18 -> 0.96 | J36: =J8-J18 -> 0.96 | K36: =K8-K18 -> 0.93 | L36: =L8-L18 -> 1.05 | M36: PT2- | N36: =N8-N18 -> 2.15 | O36: =O8-O18 -> 2.28 | P36: =P8-P18 -> 2.4 | Q36: =Q8-Q18 -> 2.3 | R36: =R8-R18 -> 2.32 | S36: =S8-S18 -> 2.39 | T36: =T8-T18 -> 2.43 | U36: =U8-U18 -> 2.35 | ... W36: =W8-W18 -> 2.23 | X36: QE2- | Y36: =Y8-Y18 -> 0 | Z36: =Z8-Z18 -> 0 | AA36: =AA8-AA18 -> 0 | AB36: =AB8-AB18 -> 0 | AC36: =AC8-AC18 -> 0 | AD36: =AD8-AD18 -> 0 | AE36: =AE8-AE18 -> 0 | AF36: =AF8-AF18 -> 0 | ... AH36: =AH8-AH18 -> 0 | AK36: =B36 -> 0 | AL36: =B37 -> 0 | AM36: =B38 -> 0 | AN36: =B39 -> 0 | AO36: =B40 -> 0 | AP36: =C36 -> 0 | AQ36: =C37 -> 0 | AR36: =C38 -> 0 | AS36: =C39 -> 0 | AT36: =C40 -> 0 | AU36: =D36 -> 0 | AV36: =D37 -> 0 | AW36: =D38 -> 0 | AX36: =D39 -> 0 | AY36: =D40 -> 0 | AZ36: =E36 -> 0 | BA36: =E37 -> 0 | BB36: =E38 -> 0 | BC36: =E39 -> 0 | BD36: =E40 -> 0 | BE36: =F36 -> 0 | BF36: =F37 -> 0 | BG36: =F38 -> 0 | BH36: =F39 -> 0 | BI36: =F40 -> 0
B37: =B9-B19 -> 0 | C37: =C9-C19 -> 0 | D37: =D9-D19 -> 0 | E37: =E9-E19 -> 0 | F37: =F9-F19 -> 0 | H37: =H9-H19 -> 0.96 | I37: =I9-I19 -> 0.93 | J37: =J9-J19 -> 0.94 | K37: =K9-K19 -> 0.97 | L37: =L9-L19 -> 1 | N37: =N9-N19 -> 2.14 | O37: =O9-O19 -> 2.29 | P37: =P9-P19 -> 2.42 | Q37: =Q9-Q19 -> 2.38 | R37: =R9-R19 -> 2.41 | S37: =S9-S19 -> 2.45 | T37: =T9-T19 -> 2.4 | U37: =U9-U19 -> 2.4 | ... W37: =W9-W19 -> 2.32 | Y37: =Y9-Y19 -> 0 | Z37: =Z9-Z19 -> 0 | AA37: =AA9-AA19 -> 0 | AB37: =AB9-AB19 -> 0 | AC37: =AC9-AC19 -> 0 | AD37: =AD9-AD19 -> 0 | AE37: =AE9-AE19 -> 0 | AF37: =AF9-AF19 -> 0 | ... AH37: =AH9-AH19 -> 0
B38: =B10-B20 -> 0 | C38: =C10-C20 -> 0 | D38: =D10-D20 -> 0 | E38: =E10-E20 -> 0 | F38: =F10-F20 -> 0 | H38: =H10-H20 -> 0.98 | I38: =I10-I20 -> 0.96 | J38: =J10-J20 -> 0.91 | K38: =K10-K20 -> 0.98 | L38: =L10-L20 -> 1.03 | N38: =N10-N20 -> 2.2 | O38: =O10-O20 -> 2.28 | P38: =P10-P20 -> 2.37 | Q38: =Q10-Q20 -> 2.4 | R38: =R10-R20 -> 2.43 | S38: =S10-S20 -> 2.4 | T38: =T10-T20 -> 2.4 | U38: =U10-U20 -> 2.37 | ... W38: =W10-W20 -> 2.29 | Y38: =Y10-Y20 -> 0 | Z38: =Z10-Z20 -> 0 | AA38: =AA10-AA20 -> 0 | AB38: =AB10-AB20 -> 0 | AC38: =AC10-AC20 -> 0 | AD38: =AD10-AD20 -> 0 | AE38: =AE10-AE20 -> 0 | AF38: =AF10-AF20 -> 0 | ... AH38: =AH10-AH20 -> 0 | AJ38: QE | AK38: =H31 -> 1.29 | AL38: =H32 -> 1.24 | AM38: =H33 -> 1.28 | AN38: =H34 -> 1.25 | AO38: =H35 -> 1.26 | AP38: =I31 -> 1.24 | AQ38: =I32 -> 1.26 | AR38: =I33 -> 1.29 | AS38: =I34 -> 1.29 | AT38: =I35 -> 1.29 | AU38: =J31 -> 1.29 | AV38: =J32 -> 1.34 | AW38: =J33 -> 1.32 | AX38: =J34 -> 1.3 | AY38: =J35 -> 1.29 | AZ38: =K31 -> 1.21 | BA38: =K32 -> 1.26 | BB38: =K33 -> 1.27 | BC38: =K34 -> 1.24 | BD38: =K35 -> 1.3 | BE38: =L31 -> 1.26 | BF38: =L32 -> 1.29 | BG38: =L33 -> 1.23 | BH38: =L34 -> 1.25 | BI38: =L35 -> 1.28
B39: =B11-B21 -> 0 | C39: =C11-C21 -> 0 | D39: =D11-D21 -> 0 | E39: =E11-E21 -> 0 | F39: =F11-F21 -> 0 | H39: =H11-H21 -> 0.99 | I39: =I11-I21 -> 0.97 | J39: =J11-J21 -> 0.87 | K39: =K11-K21 -> 0.97 | L39: =L11-L21 -> 1.02 | N39: =N11-N21 -> 2.19 | O39: =O11-O21 -> 2.3 | P39: =P11-P21 -> 2.38 | Q39: =Q11-Q21 -> 2.38 | R39: =R11-R21 -> 2.39 | S39: =S11-S21 -> 2.4 | T39: =T11-T21 -> 2.36 | U39: =U11-U21 -> 2.28 | ... W39: =W11-W21 -> 2.31 | Y39: =Y11-Y21 -> 0 | Z39: =Z11-Z21 -> 0 | AA39: =AA11-AA21 -> 0 | AB39: =AB11-AB21 -> 0 | AC39: =AC11-AC21 -> 0 | AD39: =AD11-AD21 -> 0 | AE39: =AE11-AE21 -> 0 | AF39: =AF11-AF21 -> 0 | ... AH39: =AH11-AH21 -> 0
B40: =B12-B22 -> 0 | C40: =C12-C22 -> 0 | D40: =D12-D22 -> 0 | E40: =E12-E22 -> 0 | F40: =F12-F22 -> 0 | H40: =H12-H22 -> 1 | I40: =I12-I22 -> 0.99 | J40: =J12-J22 -> 0.97 | K40: =K12-K22 -> 1 | L40: =L12-L22 -> 0.98 | N40: =N12-N22 -> 2.12 | O40: =O12-O22 -> 2.31 | P40: =P12-P22 -> 2.39 | Q40: =Q12-Q22 -> 2.46 | R40: =R12-R22 -> 2.39 | S40: =S12-S22 -> 2.35 | T40: =T12-T22 -> 2.39 | U40: =U12-U22 -> 2.39 | ... W40: =W12-W22 -> 2.22 | Y40: =Y12-Y22 -> 0 | Z40: =Z12-Z22 -> 0 | AA40: =AA12-AA22 -> 0 | AB40: =AB12-AB22 -> 0 | AC40: =AC12-AC22 -> 0 | AD40: =AD12-AD22 -> 0 | AE40: =AE12-AE22 -> 0 | AF40: =AF12-AF22 -> 0 | ... AH40: =AH12-AH22 -> 0
A41: A side- EA | B41: =AVERAGE(B31:F35) -> 0 | C41: R | D41: =MAX(B31:F35)-MIN(B31:F35) -> 0 | E41: ER | F41: =B41/(0.975/E26) -> 0 | G41: A side- EA | H41: =AVERAGE(H31:L35) -> 1.2728 | I41: R | J41: =MAX(H31:L35)-MIN(H31:L35) -> 0.13 | K41: ER | L41: =H41/(1.944/K26) -> 0.91662551 | M41: A side- EA | N41: =AVERAGE(N31:W35) -> 2.3428 | O41: R | P41: =MAX(N31:W35)-MIN(N31:W35) -> 0.34 | Q41: ER | R41: =N41/(0.975/Q26) -> 3.6043077 | S41: % | T41: =1-(P41/2*N41) -> 0.601724 | U41: T-R | V41: =MAX(N31:W40)-MIN(N31:W40) -> 0.36 | X41: A side- EA | Y41: =AVERAGE(Y31:AH35) -> 0 | Z41: R | AA41: =MAX(Y31:AH35)-MIN(Y31:AH35) -> 0 | AB41: ER | AC41: =Y41/(3.13/AB26) -> 0 | AD41: % | AE41: =1-(AA41/2*Y41) -> 1 | AF41: T-R | AG41: =MAX(Y31:AH40)-MIN(Y31:AH40) -> 0
A42: B side- EA | B42: =AVERAGE(B37:F40) -> 0 | C42: R | D42: =MAX(B36:F40)-MIN(B36:F40) -> 0 | E42: ER | F42: =B42/(0.975/E26) -> 0 | G42: B side- EA | H42: =AVERAGE(H37:L40) -> 0.971 | I42: R | J42: =MAX(H36:L40)-MIN(H36:L40) -> 0.18 | K42: ER | L42: =H42/(1.944/K26) -> 0.69927984 | M42: B side- EA | N42: =AVERAGE(N37:W40) -> 2.34275 | O42: R | P42: =MAX(N36:W40)-MIN(N36:W40) -> 0.34 | Q42: ER | R42: =N42/(0.975/Q26) -> 3.6042308 | S42: % | T42: =1-(P42/2*N42) -> 0.6017325 | U42: T-% | V42: =1-(V41/2*AVERAGE(N41:N42)) -> 0.5783005 | X42: B side- EA | Y42: =AVERAGE(Y37:AH40) -> 0 | Z42: R | AA42: =MAX(Y36:AH40)-MIN(Y36:AH40) -> 0 | AB42: ER | AC42: =Y42/(3.13/AB26) -> 0 | AD42: % | AE42: =1-(AA42/2*Y42) -> 1 | AF42: T-% | AG42: =1-(AG41/2*AVERAGE(Y41:Y42)) -> 1
AK43: =H36 -> 0.99 | AL43: =H37 -> 0.96 | AM43: =H38 -> 0.98 | AN43: =H39 -> 0.99 | AO43: =H40 -> 1 | AP43: =I36 -> 0.96 | AQ43: =I37 -> 0.93 | AR43: =I38 -> 0.96 | AS43: =I39 -> 0.97 | AT43: =I40 -> 0.99 | AU43: =J36 -> 0.96 | AV43: =J37 -> 0.94 | AW43: =J38 -> 0.91 | AX43: =J39 -> 0.87 | AY43: =J40 -> 0.97 | AZ43: =K36 -> 0.93 | BA43: =K37 -> 0.97 | BB43: =K38 -> 0.98 | BC43: =K39 -> 0.97 | BD43: =K40 -> 1 | BE43: =L36 -> 1.05 | BF43: =L37 -> 1 | BG43: =L38 -> 1.03 | BH43: =L39 -> 1.02 | BI43: =L40 -> 0.98

Sheet 工作表7
A11: 日期 | B11: 線速 | C11: 咬蝕速率 | D11: 管制圖號 | E11: 管制圖標題 | F11: 1 | G11: 2 | H11: 3 | I11: 4 | J11: 5 | K11: 6 | L11: 7 | M11: 8 | N11: 9 | O11: 10 | P11: 11 | Q11: 12 | R11: 13 | S11: 14 | T11: 15 | U11: 16 | V11: 17 | W11: 18 | X11: 19 | Y11: 20 | Z11: 21 | AA11: 22 | AB11: 23 | AC11: 24 | AD11: 25 | AE11: 欄1 | AF11: Uniformity
A12: 46034 | B12: 1.7 | C12: 0.52 | D12: P-001 | E12: 咬蝕量_PT-01_Top | F12: 0.26 | G12: 0.3 | H12: 0.22 | I12: 0.31 | J12: 0.17 | K12: 0.39 | L12: 0.3 | M12: 0.27 | N12: 0.31 | O12: 0.28 | P12: 0.3 | Q12: 0.3 | R12: 0.27 | S12: 0.3 | T12: 0.34 | U12: 0.25 | V12: 0.23 | W12: 0.26 | X12: 0.29 | Y12: 0.29 | Z12: 0.27 | AA12: 0.26 | AB12: 0.28 | AC12: 0.15 | AD12: 0.25 | AE12: =AVERAGE(表格1[[#This Row],[1]:[25]]) -> 0.274 | AF12: 0.55555556
A13: 46034 | B13: 1.7 | C13: 0.52 | D13: P-002 | E13: 咬蝕量_PT-01_Bottom | F13: 0.35 | G13: 0.32 | H13: 0.29 | I13: 0.37 | J13: 0.34 | K13: 0.33 | L13: 0.4 | M13: 0.38 | N13: 0.26 | O13: 0.31 | P13: 0.27 | Q13: 0.29 | R13: 0.28 | S13: 0.29 | T13: 0.32 | U13: 0.33 | V13: 0.41 | W13: 0.35 | X13: 0.29 | Y13: 0.3 | Z13: 0.3 | AA13: 0.32 | AB13: 0.26 | AC13: 0.33 | AD13: 0.34 | AE13: =AVERAGE(表格1[[#This Row],[1]:[25]]) -> 0.3212 | AF13: 0.7761194
A14: 46034 | B14: 1.4 | C14: 0.97 | D14: P-003 | E14: 咬蝕量_QE-01_Top | F14: 1.48 | G14: 1.49 | H14: 1.46 | I14: 1.5 | J14: 1.48 | K14: 1.49 | L14: 1.49 | M14: 1.57 | N14: 1.5 | O14: 1.52 | P14: 1.55 | Q14: 1.54 | R14: 1.53 | S14: 1.54 | T14: 1.57 | U14: 1.47 | V14: 1.46 | W14: 1.55 | X14: 1.53 | Y14: 1.53 | Z14: 1.49 | AA14: 1.5 | AB14: 1.52 | AC14: 1.59 | AD14: 1.43 | AE14: =AVERAGE(表格1[[#This Row],[1]:[25]]) -> 1.5112 | AF14: 0.94701987
A15: 46034 | B15: 1.4 | C15: 0.97 | D15: P-004 | E15: 咬蝕量_QE-01_Bottom | F15: 1.11 | G15: 1.12 | H15: 1.08 | I15: 1.08 | J15: 1.1 | K15: 1.23 | L15: 1.21 | M15: 1.2 | N15: 1.2 | O15: 1.07 | P15: 1.18 | Q15: 1.22 | R15: 1.21 | S15: 1.2 | T15: 1.17 | U15: 1.19 | V15: 1.19 | W15: 1.23 | X15: 1.22 | Y15: 1.23 | Z15: 1.14 | AB15: 1.15 | AC15: 1.26 | AD15: 1.11 | AE15: =AVERAGE(表格1[[#This Row],[1]:[25]]) -> 1.1708333 | AF15: 0.34076433
A16: 46034 | B16: 1.4 | C16: 0.88 | D16: P-005 | E16: 咬蝕量_QE-02_Top | F16: 1.32 | G16: 1.37 | H16: 1.31 | I16: 1.21 | J16: 1.32 | K16: 1.37 | L16: 1.39 | M16: 1.41 | N16: 1.38 | O16: 1.45 | P16: 1.4 | Q16: 1.4 | R16: 1.31 | S16: 1.35 | T16: 1.35 | U16: 1.31 | V16: 1.41 | W16: 1.37 | X16: 1.39 | Y16: 1.3 | Z16: 1.37 | AA16: 1.37 | AB16: 1.33 | AC16: 1.4 | AD16: 1.34 | AE16: =AVERAGE(表格1[[#This Row],[1]:[25]]) -> 1.3572 | AF16: 0.90977444
A17: 46034 | B17: 1.4 | C17: 0.88 | D17: P-006 | E17: 咬蝕量_QE-02_Bottom | F17: 1.16 | G17: 1.01 | H17: 1.17 | I17: 1.01 | J17: 1.05 | K17: 1.08 | L17: 1.09 | M17: 0.99 | N17: 0.98 | O17: 1.08 | P17: 1.11 | Q17: 1.08 | R17: 1.06 | S17: 1.1 | T17: 1 | U17: 1.08 | V17: 1.12 | W17: 1.08 | X17: 1.12 | Y17: 1.07 | Z17: 1.18 | AA17: 1.2 | AB17: 1.09 | AC17: 1.16 | AD17: 1.22 | AE17: =AVERAGE(表格1[[#This Row],[1]:[25]]) -> 1.0916 | AF17: 0.89090909
A18: 46035 | B18: 1.7 | C18: 0.4934359 | D18: P-001 | E18: 咬蝕量_PT-01_Top | F18: 0.33 | G18: 0.32 | H18: 0.27 | I18: 0.3 | J18: 0.2 | K18: 0.22 | L18: 0.22 | M18: 0.24 | N18: 0.23 | O18: 0.4 | P18: 0.22 | Q18: 0.3 | R18: 0.25 | S18: 0.22 | T18: 0.3 | U18: 0.23 | V18: 0.24 | W18: 0.24 | X18: 0.19 | Y18: 0.29 | Z18: 0.3 | AA18: 0.29 | AB18: 0.27 | AC18: 0.26 | AD18: 0.25 | AE18: =AVERAGE(表格1[[#This Row],[1]:[25]]) -> 0.2632 | AF18: 0.6440678
A19: 46035 | B19: 1.7 | C19: 0.4934359 | D19: P-002 | E19: 咬蝕量_PT-01_Bottom | F19: 0.33 | G19: 0.33 | H19: 0.34 | I19: 0.27 | J19: 0.28 | K19: 0.29 | L19: 0.37 | M19: 0.24 | N19: 0.26 | O19: 0.37 | P19: 0.26 | Q19: 0.3 | R19: 0.34 | S19: 0.3 | T19: 0.26 | U19: 0.27 | V19: 0.28 | W19: 0.24 | X19: 0.33 | Y19: 0.37 | Z19: 0.39 | AA19: 0.26 | AB19: 0.28 | AC19: 0.33 | AD19: 0.28 | AE19: =AVERAGE(表格1[[#This Row],[1]:[25]]) -> 0.3028 | AF19: 0.76190476
A20: 46035 | B20: 1.4 | C20: 0.70316872 | D20: P-003 | E20: 咬蝕量_QE-01_Top | F20: 1.14 | G20: 1.16 | H20: 1.18 | I20: 1.16 | J20: 1.18 | K20: 1.1 | L20: 1.22 | M20: 1.12 | N20: 1.13 | O20: 1.18 | P20: 1.18 | Q20: 1.08 | R20: 1.15 | S20: 1.28 | T20: 1.24 | U20: 1.23 | V20: 1.15 | W20: 1.19 | X20: 1.27 | Y20: 1.33 | Z20: 1.17 | AA20: 1.23 | AB20: 1.18 | AC20: 1.2 | AD20: 1.22 | AE20: =AVERAGE(表格1[[#This Row],[1]:[25]]) -> 1.1868 | AF20: 0.89626556
A21: 46035 | B21: 1.4 | C21: 0.70316872 | D21: P-004 | E21: 咬蝕量_QE-01_Bottom | F21: 0.75 | G21: 0.64 | H21: 0.63 | I21: 0.76 | J21: 0.8 | K21: 0.78 | L21: 0.71 | M21: 0.83 | N21: 0.67 | O21: 0.82 | P21: 0.76 | Q21: 0.77 | R21: 0.72 | S21: 0.79 | T21: 0.8 | U21: 0.76 | V21: 0.88 | W21: 0.8 | X21: 0.77 | Y21: 0.7 | Z21: 0.77 | AA21: 0.83 | AB21: 0.9 | AC21: 0.78 | AD21: 0.73 | AE21: =AVERAGE(表格1[[#This Row],[1]:[25]]) -> 0.766 | AF21: 0.82352941
A22: 46036 | B22: 1.7 | C22: 0.5342359 | D22: P-001 | E22: 咬蝕量_PT-01_Top | F22: 0.3 | G22: 0.2 | H22: 0.29 | I22: 0.32 | J22: 0.28 | K22: 0.28 | L22: 0.28 | M22: 0.3 | N22: 0.35 | O22: 0.38 | P22: 0.29 | Q22: 0.24 | R22: 0.26 | S22: 0.34 | T22: 0.3 | U22: 0.3 | V22: 0.27 | W22: 0.25 | X22: 0.41 | Y22: 0.35 | Z22: 0.35 | AA22: 0.3 | AB22: 0.32 | AC22: 0.3 | AD22: 0.25 | AE22: =AVERAGE(表格1[[#This Row],[1]:[25]]) -> 0.3004 | AF22: 0.6557377
A23: 46036 | B23: 1.7 | C23: 0.5342359 | D23: P-002 | E23: 咬蝕量_PT-01_Bottom | F23: 0.26 | G23: 0.31 | H23: 0.32 | I23: 0.23 | J23: 0.29 | K23: 0.29 | L23: 0.35 | M23: 0.31 | N23: 0.34 | O23: 0.37 | P23: 0.32 | Q23: 0.33 | R23: 0.29 | S23: 0.27 | T23: 0.36 | U23: 0.39 | V23: 0.35 | W23: 0.35 | X23: 0.3 | Y23: 0.35 | Z23: 0.27 | AA23: 0.32 | AB23: 0.25 | AC23: 0.23 | AD23: 0.36 | AE23: =AVERAGE(表格1[[#This Row],[1]:[25]]) -> 0.3124 | AF23: 0.74193548
A24: 46036 | B24: 1.4 | C24: 0.84604938 | D24: P-003 | E24: 咬蝕量_QE-01_Top | F24: 1.36 | G24: 1.24 | H24: 1.3 | I24: 1.24 | J24: 1.25 | K24: 1.25 | L24: 1.29 | M24: 1.35 | N24: 1.36 | O24: 1.36 | P24: 1.31 | Q24: 1.37 | R24: 1.31 | S24: 1.36 | T24: 1.38 | U24: 1.3 | V24: 1.38 | W24: 1.26 | X24: 1.28 | Y24: 1.39 | Z24: 1.35 | AA24: 1.29 | AB24: 1.23 | AC24: 1.29 | AD24: 1.31 | AE24: =AVERAGE(表格1[[#This Row],[1]:[25]]) -> 1.3124 | AF24: 0.9389313
A25: 46036 | B25: 1.4 | C25: 0.84604938 | D25: P-004 | E25: 咬蝕量_QE-01_Bottom | F25: 1.08 | G25: 1.03 | H25: 1.02 | I25: 0.98 | J25: 0.93 | K25: 1.07 | L25: 1.03 | M25: 0.98 | N25: 1.06 | O25: 1 | P25: 1.02 | Q25: 1.11 | R25: 1.05 | S25: 1.03 | T25: 1.08 | U25: 1.11 | V25: 1.02 | W25: 1.09 | X25: 1.07 | Y25: 0.96 | Z25: 1.07 | AA25: 1.07 | AB25: 1.09 | AC25: 1.05 | AD25: 0.93 | AE25: =AVERAGE(表格1[[#This Row],[1]:[25]]) -> 1.0372 | AF25: 0.91176471
A26: 46037 | B26: 1.7 | C26: 0.476 | D26: P-001 | E26: 咬蝕量_PT-01_Top | F26: 0.22 | G26: 0.26 | H26: 0.26 | I26: 0.33 | J26: 0.29 | K26: 0.24 | L26: 0.26 | M26: 0.26 | N26: 0.32 | O26: 0.27 | P26: 0.3 | Q26: 0.23 | R26: 0.29 | S26: 0.32 | T26: 0.33 | U26: 0.28 | V26: 0.29 | W26: 0.32 | X26: 0.29 | Y26: 0.32 | Z26: 0.26 | AA26: 0.26 | AB26: 0.27 | AC26: 0.21 | AD26: 0.35 | AE26: =AVERAGE(表格1[[#This Row],[1]:[25]]) -> 0.2812 | AF26: 0.75
A27: 46037 | B27: 1.7 | C27: 0.476 | D27: P-002 | E27: 咬蝕量_PT-01_Bottom | F27: 0.3 | G27: 0.23 | H27: 0.28 | I27: 0.33 | J27: 0.25 | K27: 0.24 | L27: 0.17 | M27: 0.16 | N27: 0.2 | O27: 0.3 | P27: 0.26 | Q27: 0.21 | R27: 0.27 | S27: 0.24 | T27: 0.28 | U27: 0.17 | V27: 0.27 | W27: 0.28 | X27: 0.32 | Y27: 0.28 | Z27: 0.28 | AA27: 0.29 | AB27: 0.28 | AC27: 0.39 | AD27: 0.34 | AE27: =AVERAGE(表格1[[#This Row],[1]:[25]]) -> 0.2648 | AF27: 0.58181818
... A72: 46052 | B72: 1.5 | C72: 1.3070799 | D72: P-005 | E72: 咬蝕量_QE-02_Top | F72: 1.83 | G72: 1.86 | H72: 1.77 | I72: 1.78 | J72: 1.78 | K72: 1.77 | L72: 1.84 | M72: 1.85 | N72: 1.75 | O72: 1.75 | P72: 1.82 | Q72: 1.84 | R72: 1.83 | S72: 1.87 | T72: 1.82 | U72: 1.79 | V72: 1.79 | W72: 1.77 | X72: 1.86 | Y72: 1.92 | Z72: 1.79 | AA72: 1.77 | AB72: 1.72 | AC72: 1.77 | AD72: 1.8 | AE72: =AVERAGE(表格1[[#This Row],[1]:[25]]) -> 1.8056 | AF72: 0.94505495
A73: 46052 | B73: 1.5 | C73: 1.3070799 | D73: P-006 | E73: 咬蝕量_QE-02_Bottom | F73: 1.51 | G73: 1.51 | H73: 1.59 | I73: 1.41 | J73: 1.47 | K73: 1.54 | L73: 1.68 | M73: 1.75 | N73: 1.57 | P73: 1.55 | Q73: 1.68 | R73: 1.7 | S73: 1.55 | T73: 1.64 | U73: 1.54 | V73: 1.6 | W73: 1.73 | X73: 1.67 | Y73: 1.61 | Z73: 1.57 | AA73: 1.59 | AB73: 1.58 | AC73: 1.61 | AD73: 1.47 | AE73: =AVERAGE(表格1[[#This Row],[1]:[25]]) -> 1.5883333 | AF73: 3.7676768
A74: 46055 | B74: 1.7 | C74: 0.52795897 | D74: P-001 | E74: 咬蝕量_PT-01_Top | F74: 0.32 | G74: 0.3 | H74: 0.31 | I74: 0.31 | J74: 0.33 | K74: 0.32 | L74: 0.28 | M74: 0.31 | N74: 0.21 | O74: 0.36 | P74: 0.3 | Q74: 0.34 | R74: 0.27 | S74: 0.37 | T74: 0.24 | U74: 0.29 | V74: 0.32 | W74: 0.3 | X74: 0.3 | Y74: 0.36 | Z74: 0.33 | AA74: 0.25 | AB74: 0.31 | AC74: 0.31 | AD74: 0.27 | AE74: =AVERAGE(表格1[[#This Row],[1]:[25]]) -> 0.3044 | AF74: 0.72413793
A75: 46055 | B75: 1.7 | C75: 0.52795897 | D75: P-002 | E75: 咬蝕量_PT-01_Bottom | F75: 0.33 | G75: 0.36 | H75: 0.35 | I75: 0.29 | J75: 0.3 | K75: 0.36 | L75: 0.34 | M75: 0.34 | N75: 0.33 | O75: 0.24 | P75: 0.31 | Q75: 0.38 | R75: 0.31 | S75: 0.27 | T75: 0.24 | U75: 0.27 | V75: 0.32 | W75: 0.25 | X75: 0.15 | Y75: 0.3 | Z75: 0.3 | AA75: 0.28 | AB75: 0.35 | AC75: 0.28 | AD75: 0.28 | AE75: =AVERAGE(表格1[[#This Row],[1]:[25]]) -> 0.3012 | AF75: 0.56603774
A76: 46055 | B76: 1.4 | C76: 0.80528807 | D76: P-003 | E76: 咬蝕量_QE-01_Top | F76: 1.24 | G76: 1.2 | H76: 1.21 | I76: 1.22 | J76: 1.31 | K76: 1.32 | L76: 1.21 | M76: 1.14 | N76: 1.19 | O76: 1.31 | P76: 1.28 | Q76: 1.23 | R76: 1.3 | S76: 1.35 | T76: 1.38 | U76: 1.27 | V76: 1.28 | W76: 1.22 | X76: 1.29 | Y76: 1.34 | Z76: 1.2 | AA76: 1.27 | AB76: 1.33 | AC76: 1.3 | AD76: 1.23 | AE76: =AVERAGE(表格1[[#This Row],[1]:[25]]) -> 1.2648 | AF76: 0.9047619
A77: 46055 | B77: 1.4 | C77: 0.80528807 | D77: P-004 | E77: 咬蝕量_QE-01_Bottom | F77: 0.95 | G77: 0.91 | H77: 0.99 | I77: 0.97 | J77: 0.9 | K77: 0.97 | L77: 1.04 | M77: 1.05 | N77: 0.94 | O77: 0.98 | P77: 0.99 | Q77: 0.98 | R77: 0.93 | S77: 1.01 | T77: 0.94 | U77: 1.01 | V77: 0.98 | W77: 1 | X77: 0.84 | Y77: 0.98 | Z77: 1.02 | AA77: 1.01 | AB77: 1.05 | AC77: 0.9 | AD77: 0.95 | AE77: =AVERAGE(表格1[[#This Row],[1]:[25]]) -> 0.9716 | AF77: 0.88888889
A78: 46056 | B78: 1.7 | C78: 0.49169231 | D78: P-001 | E78: 咬蝕量_PT-01_Top | F78: 0.24 | G78: 0.25 | H78: 0.34 | I78: 0.27 | J78: 0.32 | K78: 0.25 | L78: 0.29 | M78: 0.27 | N78: 0.25 | O78: 0.37 | P78: 0.25 | Q78: 0.26 | R78: 0.35 | S78: 0.23 | T78: 0.27 | U78: 0.26 | V78: 0.26 | W78: 0.28 | X78: 0.26 | Y78: 0.31 | Z78: 0.26 | AA78: 0.29 | AB78: 0.28 | AC78: 0.29 | AD78: 0.23 | AE78: =AVERAGE(表格1[[#This Row],[1]:[25]]) -> 0.2772 | AF78: 0.76666667
A79: 46056 | B79: 1.7 | C79: 0.49169231 | D79: P-002 | E79: 咬蝕量_PT-01_Bottom | F79: 0.24 | G79: 0.32 | H79: 0.28 | I79: 0.35 | J79: 0.32 | K79: 0.31 | L79: 0.26 | M79: 0.28 | N79: 0.29 | O79: 0.3 | P79: 0.28 | Q79: 0.2 | R79: 0.3 | S79: 0.28 | T79: 0.26 | U79: 0.32 | V79: 0.29 | W79: 0.29 | X79: 0.23 | Y79: 0.23 | Z79: 0.38 | AA79: 0.3 | AB79: 0.32 | AC79: 0.25 | AD79: 0.29 | AE79: =AVERAGE(表格1[[#This Row],[1]:[25]]) -> 0.2868 | AF79: 0.68965517
A80: 46056 | B80: 1.4 | C80: 0.73557613 | D80: P-003 | E80: 咬蝕量_QE-01_Top | F80: 1.13 | G80: 1.14 | H80: 1.08 | I80: 1.19 | J80: 1.12 | K80: 1.26 | L80: 1.11 | M80: 1.14 | N80: 1.16 | O80: 1.1 | P80: 1.25 | Q80: 1.2 | R80: 1.15 | S80: 1.28 | T80: 1.25 | U80: 1.17 | V80: 1.22 | W80: 1.26 | X80: 1.14 | Y80: 1.2 | Z80: 1.21 | AA80: 1.11 | AB80: 1.19 | AC80: 1.18 | AD80: 1.13 | AE80: =AVERAGE(表格1[[#This Row],[1]:[25]]) -> 1.1748 | AF80: 0.91525424
A81: 46056 | B81: 1.4 | C81: 0.73557613 | D81: P-004 | E81: 咬蝕量_QE-01_Bottom | F81: 0.9 | G81: 0.87 | H81: 0.81 | I81: 0.72 | J81: 0.82 | K81: 0.91 | L81: 0.87 | M81: 0.82 | N81: 0.89 | O81: 0.97 | P81: 0.92 | Q81: 0.85 | R81: 0.83 | S81: 0.91 | T81: 0.8 | U81: 0.84 | V81: 0.91 | W81: 0.95 | X81: 0.83 | Y81: 0.82 | Z81: 0.83 | AA81: 0.96 | AB81: 0.84 | AC81: 0.92 | AD81: 0.91 | AE81: =AVERAGE(表格1[[#This Row],[1]:[25]]) -> 0.868 | AF81: 0.85207101
A82: 46056 | B82: 1.4 | C82: 0.79506173 | D82: P-005 | E82: 咬蝕量_QE-02_Top | F82: 1.22 | G82: 1.2 | H82: 1.2 | I82: 1.19 | J82: 1.23 | K82: 1.31 | L82: 1.24 | M82: 1.24 | N82: 1.23 | O82: 1.2 | P82: 1.22 | Q82: 1.25 | R82: 1.3 | S82: 1.29 | T82: 1.18 | U82: 1.25 | V82: 1.23 | W82: 1.24 | X82: 1.25 | Y82: 1.19 | Z82: 1.2 | AA82: 1.21 | AB82: 1.2 | AC82: 1.21 | AD82: 1.21 | AE82: =AVERAGE(表格1[[#This Row],[1]:[25]]) -> 1.2276 | AF82: 0.94779116
A83: =A82 -> 46056 | B83: 1.4 | C83: 0.79506173 | D83: P-006 | E83: 咬蝕量_QE-02_Bottom | F83: 0.9 | G83: 0.98 | H83: 1 | I83: 0.98 | J83: 0.94 | K83: 0.96 | L83: 0.98 | M83: 1 | N83: 0.97 | O83: 1.01 | P83: 0.97 | Q83: 1.01 | R83: 1.01 | S83: 1.09 | T83: 1.03 | U83: 1.02 | V83: 0.99 | W83: 0.96 | X83: 0.92 | Y83: 1.05 | Z83: 0.98 | AA83: 0.96 | AB83: 0.93 | AC83: 0.96 | AD83: 0.91 | AE83: =AVERAGE(表格1[[#This Row],[1]:[25]]) -> 0.9804 | AF83: 0.90452261
A84: 46057 | B84: 1.7 | C84: 0.64338462 | D84: P-001 | E84: 咬蝕量_PT-01_Top | F84: 0.28 | G84: 0.3 | H84: 0.36 | I84: 0.29 | J84: 0.36 | K84: 0.35 | L84: 0.33 | M84: 0.37 | N84: 0.39 | O84: 0.41 | P84: 0.4 | Q84: 0.36 | R84: 0.29 | S84: 0.4 | T84: 0.36 | U84: 0.41 | V84: 0.41 | W84: 0.34 | X84: 0.4 | Y84: 0.44 | Z84: 0.39 | AA84: 0.35 | AB84: 0.37 | AC84: 0.4 | AD84: 0.33 | AE84: =AVERAGE(表格1[[#This Row],[1]:[25]]) -> 0.3636 | AF84: 0.77777778
A85: 46057 | B85: 1.7 | C85: 0.64338462 | D85: P-002 | E85: 咬蝕量_PT-01_Bottom | F85: 0.42 | G85: 0.37 | H85: 0.35 | I85: 0.39 | J85: 0.32 | K85: 0.38 | L85: 0.33 | M85: 0.37 | N85: 0.38 | O85: 0.36 | P85: 0.35 | Q85: 0.4 | R85: 0.4 | S85: 0.49 | T85: 0.4 | U85: 0.34 | V85: 0.3 | W85: 0.37 | X85: 0.41 | Y85: 0.31 | Z85: 0.4 | AA85: 0.4 | AB85: 0.39 | AC85: 0.38 | AD85: 0.35 | AE85: =AVERAGE(表格1[[#This Row],[1]:[25]]) -> 0.3744 | AF85: 0.75949367
A86: 46057 | B86: 1.4 | C86: 1.0343868 | D86: P-003 | E86: 咬蝕量_QE-01_Top | F86: 1.57 | G86: 1.575 | H86: 1.548 | I86: 1.557 | J86: 1.626 | K86: 1.66 | L86: 1.612 | M86: 1.61 | N86: 1.574 | O86: 1.522 | P86: 1.59 | Q86: 1.601 | R86: 1.585 | S86: 1.675 | T86: 1.6 | U86: 1.537 | V86: 1.628 | W86: 1.614 | X86: 1.635 | Y86: 1.612 | Z86: 1.566 | AA86: 1.586 | AB86: 1.532 | AC86: 1.548 | AD86: 1.536 | AE86: =AVERAGE(表格1[[#This Row],[1]:[25]]) -> 1.58796 | AF86: 0.95214263
A87: 46057 | B87: 1.4 | C87: 1.0343868 | D87: P-004 | E87: 咬蝕量_QE-01_Bottom | F87: 1.339 | G87: 1.331 | H87: 1.299 | I87: 1.289 | J87: 1.327 | K87: 1.294 | L87: 1.372 | M87: 1.277 | N87: 1.264 | O87: 1.336 | P87: 1.306 | Q87: 1.297 | R87: 1.3 | S87: 1.322 | T87: 1.257 | U87: 1.284 | V87: 1.252 | W87: 1.279 | X87: 1.224 | Y87: 1.173 | Z87: 1.283 | AA87: 1.293 | AB87: 1.322 | AC87: 1.226 | AD87: 1.171 | AE87: =AVERAGE(表格1[[#This Row],[1]:[25]]) -> 1.28468 | AF87: 0.9209595
A88: 46057 | B88: 1.5 | C88: 0.90570881 | E88: 咬蝕量_QE-02-01_Top | F88: 2.119 | G88: 2.143 | H88: 2.184 | I88: 2.168 | J88: 2.19 | K88: 2.186 | L88: 2.173 | M88: 2.247 | N88: 2.207 | O88: 2.235 | P88: 2.223 | Q88: 2.178 | R88: 2.197 | S88: 2.238 | T88: 2.202 | U88: 2.273 | V88: 2.146 | W88: 2.125 | X88: 2.177 | Y88: 2.194 | Z88: 2.116 | AA88: 2.118 | AB88: 2.215 | AC88: 2.264 | AD88: 2.191 | AE88: =AVERAGE(表格1[[#This Row],[1]:[25]]) -> 2.18836 | AF88: 0.96422875
A89: 46057 | B89: 1.5 | C89: 0.90570881 | E89: 咬蝕量_QE-02-01_Bottom | F89: 1.633 | G89: 1.623 | H89: 1.522 | I89: 1.655 | J89: 1.607 | K89: 1.631 | L89: 1.627 | M89: 1.539 | N89: 1.614 | O89: 1.566 | P89: 1.674 | Q89: 1.631 | R89: 1.591 | S89: 1.527 | T89: 1.519 | U89: 1.584 | V89: 1.596 | W89: 1.559 | X89: 1.591 | Y89: 1.599 | Z89: 1.646 | AA89: 1.643 | AB89: 1.555 | AC89: 1.505 | AD89: 1.61 | AE89: =AVERAGE(表格1[[#This Row],[1]:[25]]) -> 1.59388 | AF89: 0.94683863
A90: 46058 | B90: 1.7 | C90: 0.59944615 | D90: P-001 | E90: 咬蝕量_PT-01_Top | F90: 0.26 | G90: 0.38 | H90: 0.34 | I90: 0.36 | J90: 0.41 | K90: 0.36 | L90: 0.37 | M90: 0.43 | N90: 0.33 | O90: 0.41 | P90: 0.44 | Q90: 0.43 | R90: 0.39 | S90: 0.39 | T90: 0.44 | U90: 0.38 | V90: 0.34 | W90: 0.31 | X90: 0.37 | Y90: 0.33 | Z90: 0.33 | AA90: 0.45 | AB90: 0.35 | AC90: 0.42 | AD90: 0.33 | AE90: =AVERAGE(表格1[[#This Row],[1]:[25]]) -> 0.374 | AF90: 0.73239437
A91: 46058 | B91: 1.7 | C91: 0.59944615 | D91: P-002 | E91: 咬蝕量_PT-01_Bottom | F91: 0.29 | G91: 0.34 | H91: 0.35 | I91: 0.29 | J91: 0.4 | K91: 0.26 | L91: 0.29 | M91: 0.28 | N91: 0.36 | O91: 0.35 | P91: 0.24 | Q91: 0.28 | R91: 0.25 | S91: 0.33 | T91: 0.35 | U91: 0.26 | V91: 0.23 | W91: 0.23 | X91: 0.32 | Y91: 0.37 | Z91: 0.43 | AA91: 0.35 | AB91: 0.26 | AC91: 0.33 | AD91: 0.4 | AE91: =AVERAGE(表格1[[#This Row],[1]:[25]]) -> 0.3136 | AF91: 0.6969697
A92: 46058 | B92: 1.4 | C92: 0.8045679 | D92: P-003 | E92: 咬蝕量_QE-01_Top | F92: 1.18 | G92: 1.22 | H92: 1.25 | I92: 1.28 | J92: 1.32 | K92: 1.22 | L92: 1.22 | M92: 1.34 | N92: 1.28 | O92: 1.29 | P92: 1.22 | Q92: 1.29 | R92: 1.29 | S92: 1.27 | T92: 1.26 | U92: 1.27 | V92: 1.27 | W92: 1.28 | X92: 1.34 | Y92: 1.33 | Z92: 1.19 | AA92: 1.23 | AB92: 1.24 | AC92: 1.25 | AD92: 1.21 | AE92: =AVERAGE(表格1[[#This Row],[1]:[25]]) -> 1.2616 | AF92: 0.93650794
A93: 46058 | B93: 1.4 | C93: 0.8045679 | D93: P-004 | E93: 咬蝕量_QE-01_Bottom | F93: 0.87 | G93: 0.98 | H93: 0.94 | I93: 1 | J93: 0.98 | K93: 0.95 | L93: 0.98 | M93: 1.05 | N93: 1.04 | O93: 0.95 | P93: 0.98 | Q93: 1.09 | R93: 1.04 | S93: 0.98 | T93: 0.91 | U93: 0.91 | V93: 0.94 | W93: 1.03 | X93: 1.05 | Y93: 0.87 | Z93: 0.94 | AA93: 0.94 | AB93: 1.03 | AC93: 0.94 | AD93: 0.93 | AE93: =AVERAGE(表格1[[#This Row],[1]:[25]]) -> 0.9728 | AF93: 0.8877551
A94: 46059 | B94: 1.7 | C94: 0.62246154 | D94: P-001 | E94: 咬蝕量_PT-01_Top | F94: 0.38 | G94: 0.31 | H94: 0.36 | I94: 0.29 | J94: 0.37 | K94: 0.36 | L94: 0.37 | M94: 0.36 | N94: 0.32 | O94: 0.3 | P94: 0.42 | Q94: 0.42 | R94: 0.36 | S94: 0.31 | T94: 0.39 | U94: 0.44 | V94: 0.39 | W94: 0.37 | X94: 0.35 | Y94: 0.4 | Z94: 0.38 | AA94: 0.28 | AB94: 0.32 | AC94: 0.38 | AD94: 0.4 | AE94: =AVERAGE(表格1[[#This Row],[1]:[25]]) -> 0.3612 | AF94: 0.77777778
A95: 46059 | B95: 1.7 | C95: 0.62246154 | D95: P-002 | E95: 咬蝕量_PT-01_Bottom | F95: 0.45 | G95: 0.45 | H95: 0.41 | I95: 0.39 | J95: 0.37 | K95: 0.36 | L95: 0.36 | M95: 0.33 | N95: 0.32 | O95: 0.34 | P95: 0.33 | Q95: 0.32 | R95: 0.37 | S95: 0.34 | T95: 0.33 | U95: 0.39 | V95: 0.32 | W95: 0.34 | X95: 0.28 | Y95: 0.38 | Z95: 0.37 | AA95: 0.37 | AB95: 0.29 | AC95: 0.29 | AD95: 0.32 | AE95: =AVERAGE(表格1[[#This Row],[1]:[25]]) -> 0.3528 | AF95: 0.76712329
A96: 46059 | B96: 1.4 | C96: 0.9445679 | D96: P-003 | E96: 咬蝕量_QE-01_Top | F96: 1.43 | G96: 1.38 | H96: 1.36 | I96: 1.46 | J96: 1.41 | K96: 1.42 | L96: 1.52 | M96: 1.56 | N96: 1.5 | O96: 1.51 | P96: 1.51 | Q96: 1.57 | R96: 1.6 | S96: 1.54 | T96: 1.56 | U96: 1.49 | V96: 1.56 | W96: 1.44 | X96: 1.46 | Y96: 1.51 | Z96: 1.45 | AA96: 1.43 | AB96: 1.49 | AC96: 1.42 | AD96: 1.42 | AE96: =AVERAGE(表格1[[#This Row],[1]:[25]]) -> 1.48 | AF96: 0.91891892
A97: 46059 | B97: 1.4 | C97: 0.9445679 | D97: P-004 | E97: 咬蝕量_QE-01_Bottom | F97: 1.11 | G97: 1.16 | H97: 1.11 | I97: 1.04 | J97: 1.13 | K97: 1.11 | L97: 1.13 | M97: 1.11 | N97: 1.07 | O97: 1.08 | P97: 1.12 | Q97: 1.14 | R97: 1.16 | S97: 1.18 | T97: 1.18 | U97: 1.18 | V97: 1.17 | W97: 1.21 | X97: 1.16 | Y97: 1.14 | Z97: 1.2 | AA97: 1.18 | AB97: 1.23 | AC97: 1.16 | AD97: 1.12 | AE97: =AVERAGE(表格1[[#This Row],[1]:[25]]) -> 1.1432 | AF97: 0.91629956
A98: 46062 | B98: 1.7 | C98: 0.33825641 | D98: P-001 | E98: 咬蝕量_PT-01_Top | F98: 0.16 | G98: 0.22 | H98: 0.35 | I98: 0.19 | J98: 0.21 | K98: 0.21 | L98: 0.08 | M98: 0.24 | N98: 0.18 | O98: 0.17 | P98: 0.19 | Q98: 0.2 | R98: 0.31 | S98: 0.21 | T98: 0.14 | U98: 0.17 | V98: 0.24 | W98: 0.37 | X98: 0.21 | Y98: 0.16 | Z98: 0.22 | AA98: 0.24 | AB98: 0.16 | AC98: 0.13 | AD98: 0.17 | AE98: =AVERAGE(表格1[[#This Row],[1]:[25]]) -> 0.2052 | AF98: 0.35555556
A99: 46062 | B99: 1.7 | C99: 0.33825641 | D99: P-002 | E99: 咬蝕量_PT-01_Bottom | F99: 0.23 | G99: 0.13 | H99: 0.16 | I99: 0.19 | J99: 0.24 | K99: 0.18 | L99: 0.15 | M99: 0.08 | N99: 0.14 | O99: 0.18 | P99: 0.21 | Q99: 0.13 | R99: 0.13 | S99: 0.11 | T99: 0.18 | U99: 0.24 | V99: 0.2 | W99: 0.23 | X99: 0.12 | Y99: 0.28 | Z99: 0.2 | AA99: 0.18 | AB99: 0.24 | AC99: 0.19 | AD99: 0.25 | AE99: =AVERAGE(表格1[[#This Row],[1]:[25]]) -> 0.1828 | AF99: 0.44444444
A100: 46062 | B100: 1.4 | C100: 0.75646091 | D100: P-003 | E100: 咬蝕量_QE-01_Top | F100: 1.19 | G100: 1.18 | H100: 1.2 | I100: 1.13 | J100: 1.16 | K100: 1.22 | L100: 1.17 | M100: 1.23 | N100: 1.24 | O100: 1.23 | P100: 1.19 | Q100: 1.16 | R100: 1.21 | S100: 1.31 | T100: 1.24 | U100: 1.18 | V100: 1.23 | W100: 1.21 | X100: 1.28 | Y100: 1.18 | Z100: 1.17 | AA100: 1.22 | AB100: 1.14 | AC100: 1.17 | AD100: 1.17 | AE100: =AVERAGE(表格1[[#This Row],[1]:[25]]) -> 1.2004 | AF100: 0.92622951
A101: 46062 | B101: 1.4 | C101: 0.75646091 | D101: P-004 | E101: 咬蝕量_QE-01_Bottom | F101: 0.93 | G101: 0.93 | H101: 0.9 | I101: 0.93 | J101: 0.87 | K101: 0.91 | L101: 0.88 | M101: 0.84 | N101: 0.91 | O101: 0.93 | P101: 0.91 | Q101: 0.88 | R101: 0.9 | S101: 0.96 | T101: 0.83 | U101: 0.96 | V101: 0.84 | W101: 0.78 | X101: 0.87 | Y101: 0.94 | Z101: 0.99 | AA101: 0.95 | AB101: 0.91 | AC101: 0.87 | AD101: 0.89 | AE101: =AVERAGE(表格1[[#This Row],[1]:[25]]) -> 0.9004 | AF101: 0.88135593
... A115: 46076 | B115: 1.4 | C115: 0.62632716 | D115: P-004 | E115: 咬蝕量_QE-01_Bottom | F115: 0.95 | G115: 0.91 | H115: 0.83 | I115: 0.88 | J115: 0.92 | K115: 0.98 | L115: 0.95 | M115: 0.96 | N115: 0.93 | O115: 0.92 | P115: 0.98 | Q115: 0.92 | R115: 0.9 | S115: 0.9 | T115: 0.94 | U115: 0.94 | V115: 0.91 | W115: 0.9 | X115: 0.9 | Y115: 0.99 | Z115: 0.94 | AA115: 0.93 | AB115: 0.79 | AC115: 0.81 | AD115: 0.87 | AE115: =AVERAGE(表格1[[#This Row],[1]:[25]]) -> 0.914 | AF115: 0.88764045
A118: 日期 | B118: 線速 | C118: 咬蝕速率 | D118: 管制圖號 | E118: 管制圖標題 | F118: 1 | G118: 2 | H118: 3 | I118: 4 | J118: 5 | K118: 6 | L118: 7 | M118: 8 | N118: 9 | O118: 10 | P118: 11 | Q118: 12 | R118: 13 | S118: 14 | T118: 15 | U118: 16 | V118: 17 | W118: 18 | X118: 19 | Y118: 20 | Z118: 21 | AA118: 22 | AB118: 23 | AC118: 24 | AD118: 25 | AE118: 26 | AF118: 27 | AG118: 28 | AH118: 29 | AI118: 30 | AJ118: 31 | AK118: 32 | AL118: 33 | AM118: 34 | AN118: 35 | AO118: 36 | AP118: 37 | AQ118: 38 | AR118: 39 | AS118: 40 | AT118: 41 | AU118: 42 | AV118: 43 | AW118: 44 | AX118: 45 | AY118: 46 | AZ118: 47 | BA118: 48 | BB118: 49 | BC118: 50
A119: 46077 | D119: P-001 | F119: 0.26 | G119: 0.23 | H119: 0.23 | I119: 0.3 | J119: 0.33 | K119: 0.33 | L119: 0.23 | M119: 0.27 | N119: 0.3 | O119: 0.37 | P119: 0.24 | Q119: 0.26 | R119: 0.27 | S119: 0.37 | T119: 0.38 | U119: 0.29 | V119: 0.25 | W119: 0.24 | X119: 0.31 | Y119: 0.3 | Z119: 0.3 | AA119: 0.28 | AB119: 0.27 | AC119: 0.36 | AD119: 0.29 | AK119: 管制圖號 | AL119: 管制圖標題
A120: 46077 | D120: P-002 | F120: 0.29 | G120: 0.37 | H120: 0.32 | I120: 0.27 | J120: 0.26 | K120: 0.29 | L120: 0.32 | M120: 0.28 | N120: 0.29 | O120: 0.27 | P120: 0.43 | Q120: 0.31 | R120: 0.28 | S120: 0.18 | T120: 0.29 | U120: 0.31 | V120: 0.33 | W120: 0.3 | X120: 0.3 | Y120: 0.3 | Z120: 0.35 | AA120: 0.32 | AB120: 0.31 | AC120: 0.25 | AD120: 0.3 | AK120: P-001 | AL120: 咬蝕量_PT-01_Top
A121: 46077 | D121: P-003 | F121: 1.08 | G121: 1.02 | H121: 0.98 | I121: 1.08 | J121: 1.06 | K121: 1.07 | L121: 1.12 | M121: 1.05 | N121: 0.98 | O121: 1.09 | P121: 1.02 | Q121: 1.07 | R121: 1.11 | S121: 1.03 | T121: 1.03 | U121: 1.07 | V121: 1.07 | W121: 1.1 | X121: 1.12 | Y121: 1.1 | Z121: 1.07 | AA121: 1.11 | AB121: 1.09 | AC121: 1.04 | AD121: 1.02 | AK121: P-002 | AL121: 咬蝕量_PT-01_Bottom
A122: 46077 | D122: P-004 | F122: 0.78 | G122: 0.83 | H122: 0.8 | I122: 0.74 | J122: 0.71 | K122: 0.83 | L122: 0.85 | M122: 0.81 | N122: 0.84 | O122: 0.82 | P122: 0.97 | Q122: 0.89 | R122: 0.89 | S122: 0.91 | T122: 0.92 | U122: 0.85 | V122: 0.8 | W122: 0.93 | X122: 0.9 | Y122: 0.78 | Z122: 0.86 | AA122: 0.83 | AB122: 0.88 | AC122: 0.91 | AD122: 0.84 | AK122: P-003 | AL122: 咬蝕量_QE-01_Top
A123: 46077 | D123: P-007 | F123: 0.51540513 | AK123: P-004 | AL123: 咬蝕量_QE-01_Bottom
A124: 46077 | D124: P-008 | F124: 0.6877572 | AK124: P-005 | AL124: 咬蝕量_QE-02_Top
A125: 46078 | D125: P-001 | F125: 0.31 | G125: 0.3 | H125: 0.29 | I125: 0.33 | J125: 0.23 | K125: 0.33 | L125: 0.37 | M125: 0.39 | N125: 0.25 | O125: 0.33 | P125: 0.27 | Q125: 0.31 | R125: 0.31 | S125: 0.33 | T125: 0.34 | U125: 0.3 | V125: 0.29 | W125: 0.34 | X125: 0.35 | Y125: 0.36 | Z125: 0.28 | AA125: 0.33 | AB125: 0.32 | AC125: 0.3 | AD125: 0.32 | AK125: P-006 | AL125: 咬蝕量_QE-02_Bottom
A126: 46078 | D126: P-002 | F126: 0.38 | G126: 0.31 | H126: 0.33 | I126: 0.34 | J126: 0.33 | K126: 0.31 | L126: 0.3 | M126: 0.3 | N126: 0.33 | O126: 0.26 | P126: 0.29 | Q126: 0.19 | R126: 0.28 | S126: 0.26 | T126: 0.27 | U126: 0.26 | V126: 0.31 | W126: 0.32 | X126: 0.31 | Y126: 0.25 | Z126: 0.3 | AA126: 0.22 | AB126: 0.35 | AC126: 0.27 | AD126: 0.28 | AK126: P-007 | AL126: 咬蝕速率_PT-01
A127: 46078 | D127: P-003 | F127: 1.03 | G127: 1.07 | H127: 1.05 | I127: 1.15 | J127: 1.08 | K127: 1.06 | L127: 1.08 | M127: 1.1 | N127: 1.17 | O127: 1.05 | P127: 1.13 | Q127: 1.11 | R127: 1.13 | S127: 1.14 | T127: 1.17 | U127: 1.06 | V127: 1.08 | W127: 1.18 | X127: 1.17 | Y127: 1.2 | Z127: 1.08 | AA127: 1.09 | AB127: 1.13 | AC127: 1.22 | AD127: 1.15 | AK127: P-008 | AL127: 咬蝕速率_QE-01
A128: 46078 | D128: P-004 | F128: 0.93 | G128: 0.91 | H128: 0.9 | I128: 0.89 | J128: 0.83 | K128: 0.9 | L128: 0.83 | M128: 0.91 | N128: 0.89 | O128: 0.88 | P128: 0.86 | Q128: 0.96 | R128: 0.82 | S128: 0.92 | T128: 0.96 | U128: 0.94 | V128: 0.93 | W128: 0.9 | X128: 0.81 | Y128: 0.79 | Z128: 0.94 | AA128: 0.86 | AB128: 0.84 | AC128: 0.81 | AD128: 0.89 | AK128: P-009 | AL128: 咬蝕速率_QE-02
A129: 46078 | D129: P-007 | F129: 0.53109744
A130: 46078 | D130: P-008 | F130: 0.71987654
A131: 46079 | D131: P-001 | F131: 0.37 | G131: 0.34 | H131: 0.39 | I131: 0.37 | J131: 0.42 | K131: 0.37 | L131: 0.4 | M131: 0.4 | N131: 0.38 | O131: 0.36 | P131: 0.4 | Q131: 0.4 | R131: 0.41 | S131: 0.38 | T131: 0.36 | U131: 0.36 | V131: 0.35 | W131: 0.34 | X131: 0.36 | Y131: 0.4 | Z131: 0.37 | AA131: 0.34 | AB131: 0.34 | AC131: 0.35 | AD131: 0.33
A132: 46079 | D132: P-002 | F132: 0.37 | G132: 0.38 | H132: 0.32 | I132: 0.31 | J132: 0.33 | K132: 0.42 | L132: 0.31 | M132: 0.3 | N132: 0.36 | O132: 0.24 | P132: 0.27 | Q132: 0.3 | R132: 0.33 | S132: 0.27 | T132: 0.33 | U132: 0.4 | V132: 0.32 | W132: 0.33 | X132: 0.34 | Y132: 0.37 | Z132: 0.39 | AA132: 0.32 | AB132: 0.41 | AC132: 0.38 | AD132: 0.42
A133: 46079 | D133: P-003 | F133: 1.22 | G133: 1.24 | H133: 1.17 | I133: 1.26 | J133: 1.26 | K133: 1.16 | L133: 1.18 | M133: 1.25 | N133: 1.24 | O133: 1.33 | P133: 1.22 | Q133: 1.28 | R133: 1.25 | S133: 1.27 | T133: 1.2 | U133: 1.19 | V133: 1.23 | W133: 1.21 | X133: 1.23 | Y133: 1.23 | Z133: 1.12 | AA133: 1.19 | AB133: 1.24 | AC133: 1.2 | AD133: 1.22
A134: 46079 | D134: P-004 | F134: 0.95 | G134: 0.92 | H134: 0.91 | I134: 0.92 | J134: 0.91 | K134: 0.93 | L134: 0.96 | M134: 0.94 | N134: 0.9 | O134: 0.94 | P134: 0.98 | Q134: 1 | R134: 0.94 | S134: 0.95 | T134: 0.84 | U134: 0.9 | V134: 0.99 | W134: 0.9 | X134: 1.01 | Y134: 0.96 | Z134: 1.01 | AA134: 0.96 | AB134: 0.85 | AC134: 1.04 | AD134: 0.93
A135: 46079 | D135: P-007 | F135: 0.62106667
A136: 46079 | D136: P-008 | F136: 0.77965021
A137: 46083 | D137: P-001 | F137: 0.43 | G137: 0.41 | H137: 0.41 | I137: 0.4 | J137: 0.46 | K137: 0.36 | L137: 0.34 | M137: 0.38 | N137: 0.37 | O137: 0.36 | P137: 0.47 | Q137: 0.39 | R137: 0.42 | S137: 0.41 | T137: 0.48 | U137: 0.4 | V137: 0.36 | W137: 0.4 | X137: 0.38 | Y137: 0.4 | Z137: 0.38 | AA137: 0.39 | AB137: 0.37 | AC137: 0.35 | AD137: 0.41
A138: 46083 | D138: P-002 | F138: 0.42 | G138: 0.45 | H138: 0.39 | I138: 0.37 | J138: 0.35 | K138: 0.38 | L138: 0.34 | M138: 0.38 | N138: 0.4 | O138: 0.36 | P138: 0.4 | Q138: 0.35 | R138: 0.35 | S138: 0.43 | T138: 0.44 | U138: 0.37 | V138: 0.32 | W138: 0.35 | X138: 0.41 | Y138: 0.39 | Z138: 0.35 | AA138: 0.42 | AB138: 0.32 | AC138: 0.41 | AD138: 0.43
A139: 46083 | D139: P-003 | F139: 1.35 | G139: 1.42 | H139: 1.47 | I139: 1.35 | J139: 1.45 | K139: 1.42 | L139: 1.35 | M139: 1.51 | N139: 1.44 | O139: 1.51 | P139: 1.57 | Q139: 1.49 | R139: 1.53 | S139: 1.55 | T139: 1.47 | U139: 1.45 | V139: 1.47 | W139: 1.44 | X139: 1.54 | Y139: 1.53 | Z139: 1.42 | AA139: 1.38 | AB139: 1.41 | AC139: 1.51 | AD139: 1.5
A140: 46083 | D140: P-004 | F140: 1.07 | G140: 1.19 | H140: 1.07 | I140: 1.14 | J140: 1.11 | K140: 1.13 | L140: 1.16 | M140: 1.14 | N140: 1.18 | O140: 1.15 | P140: 1.05 | Q140: 1.09 | R140: 1.18 | S140: 1.18 | T140: 1.17 | U140: 1.11 | V140: 1.12 | W140: 1.15 | X140: 1.13 | Y140: 1.2 | Z140: 1.16 | AA140: 1.19 | AB140: 1.12 | AC140: 1.21 | AD140: 1.15
A141: 46083 | D141: P-007 | F141: 0.68034872
A142: 46083 | D142: P-008 | F142: 0.93736626
A143: 46084 | D143: P-001 | F143: 0.25 | G143: 0.26 | H143: 0.33 | I143: 0.37 | J143: 0.33 | K143: 0.28 | L143: 0.28 | M143: 0.31 | N143: 0.31 | O143: 0.35 | P143: 0.3 | Q143: 0.35 | R143: 0.27 | S143: 0.32 | T143: 0.33 | U143: 0.32 | V143: 0.29 | W143: 0.3 | X143: 0.26 | Y143: 0.29 | Z143: 0.29 | AA143: 0.32 | AB143: 0.32 | AC143: 0.24 | AD143: 0.32
A144: 46084 | D144: P-002 | F144: 0.28 | G144: 0.29 | H144: 0.32 | I144: 0.31 | J144: 0.29 | K144: 0.34 | L144: 0.28 | M144: 0.34 | N144: 0.31 | O144: 0.35 | P144: 0.28 | Q144: 0.38 | R144: 0.37 | S144: 0.34 | T144: 0.37 | U144: 0.27 | V144: 0.35 | W144: 0.37 | X144: 0.31 | Y144: 0.32 | Z144: 0.35 | AA144: 0.32 | AB144: 0.33 | AC144: 0.33 | AD144: 0.29
A145: 46084 | D145: P-003 | F145: 1.35 | G145: 1.29 | H145: 1.32 | I145: 1.32 | J145: 1.4 | K145: 1.37 | L145: 1.35 | M145: 1.36 | N145: 1.41 | O145: 1.39 | P145: 1.35 | Q145: 1.33 | R145: 1.42 | S145: 1.34 | T145: 1.39 | U145: 1.31 | V145: 1.36 | W145: 1.35 | X145: 1.36 | Y145: 1.43 | Z145: 1.27 | AA145: 1.29 | AB145: 1.33 | AC145: 1.34 | AD145: 1.37
A146: 46084 | D146: P-004 | F146: 1 | G146: 0.97 | H146: 1.04 | I146: 0.96 | J146: 0.99 | K146: 1.06 | L146: 1 | M146: 1.04 | N146: 1.02 | O146: 1.06 | P146: 1.07 | Q146: 1.08 | R146: 1.14 | S146: 1.04 | T146: 1.08 | U146: 1.09 | V146: 1.11 | W146: 1.14 | X146: 1.05 | Y146: 1.04 | Z146: 1.08 | AA146: 1.08 | AB146: 1.09 | AC146: 1.11 | AD146: 1.01
A147: 46084 | D147: P-007 | F147: 0.54678974
A148: 46084 | D148: P-008 | F148: 0.86635802
A149: 46085 | D149: P-001 | F149: 0.36 | G149: 0.32 | H149: 0.33 | I149: 0.26 | J149: 0.35 | K149: 0.3 | L149: 0.35 | M149: 0.34 | N149: 0.26 | O149: 0.35 | P149: 0.32 | Q149: 0.36 | R149: 0.37 | S149: 0.37 | T149: 0.35 | U149: 0.26 | V149: 0.32 | W149: 0.33 | X149: 0.32 | Y149: 0.41 | Z149: 0.32 | AA149: 0.37 | AB149: 0.33 | AC149: 0.29 | AD149: 0.31
A150: 46085 | D150: P-002 | F150: 0.39 | G150: 0.41 | H150: 0.34 | I150: 0.36 | J150: 0.34 | K150: 0.4 | L150: 0.31 | M150: 0.29 | N150: 0.28 | O150: 0.29 | P150: 0.33 | Q150: 0.28 | R150: 0.28 | S150: 0.31 | T150: 0.29 | U150: 0.35 | V150: 0.3 | W150: 0.3 | X150: 0.4 | Y150: 0.36 | Z150: 0.33 | AA150: 0.31 | AB150: 0.4 | AC150: 0.32 | AD150: 0.4
A151: 46085 | D151: P-003 | F151: 1.42 | G151: 1.42 | H151: 1.41 | I151: 1.31 | J151: 1.3 | K151: 1.51 | L151: 1.41 | M151: 1.48 | N151: 1.5 | O151: 1.43 | P151: 1.54 | Q151: 1.59 | R151: 1.48 | S151: 1.53 | T151: 1.48 | U151: 1.48 | V151: 1.52 | W151: 1.51 | X151: 1.45 | Y151: 1.53 | Z151: 1.46 | AA151: 1.35 | AB151: 1.44 | AC151: 1.49 | AD151: 1.38
A152: 46085 | D152: P-004 | F152: 1.08 | G152: 1.11 | H152: 0.98 | I152: 1.07 | J152: 1.01 | K152: 1.18 | L152: 1.19 | M152: 1.26 | N152: 1.13 | O152: 1.06 | P152: 1.09 | Q152: 1.2 | R152: 1.12 | S152: 1.16 | T152: 1.11 | U152: 1.08 | V152: 1.12 | W152: 1.22 | X152: 1.21 | Y152: 1.15 | Z152: 1.03 | AA152: 1.2 | AB152: 1.07 | AC152: 1.11 | AD152: 1.18
A153: 46085 | D153: P-007 | F153: 0.57956923
A154: 46085 | D154: P-008 | F154: 0.92958848
A155: 46086 | D155: P-001 | F155: 0.4 | G155: 0.41 | H155: 0.37 | I155: 0.4 | J155: 0.47 | K155: 0.42 | L155: 0.43 | M155: 0.46 | N155: 0.47 | O155: 0.53 | P155: 0.44 | Q155: 0.45 | R155: 0.43 | S155: 0.39 | T155: 0.42 | U155: 0.44 | V155: 0.37 | W155: 0.44 | X155: 0.4 | Y155: 0.39 | Z155: 0.38 | AA155: 0.38 | AB155: 0.34 | AC155: 0.44 | AD155: 0.43
A156: 46086 | D156: P-002 | F156: 0.39 | G156: 0.39 | H156: 0.43 | I156: 0.37 | J156: 0.4 | K156: 0.42 | L156: 0.39 | M156: 0.45 | N156: 0.43 | O156: 0.4 | P156: 0.37 | Q156: 0.32 | R156: 0.37 | S156: 0.34 | T156: 0.45 | U156: 0.35 | V156: 0.37 | W156: 0.38 | X156: 0.38 | Y156: 0.46 | Z156: 0.42 | AA156: 0.4 | AB156: 0.4 | AC156: 0.37 | AD156: 0.38
A157: 46086 | D157: P-003 | F157: 1.44 | G157: 1.48 | H157: 1.5 | I157: 1.41 | J157: 1.47 | K157: 1.61 | L157: 1.49 | M157: 1.4 | N157: 1.48 | O157: 1.5 | P157: 1.52 | Q157: 1.57 | R157: 1.55 | S157: 1.57 | T157: 1.56 | U157: 1.5 | V157: 1.57 | W157: 1.48 | X157: 1.48 | Y157: 1.5 | Z157: 1.45 | AA157: 1.51 | AB157: 1.52 | AC157: 1.51 | AD157: 1.36
A158: 46086 | D158: P-004 | F158: 1.17 | G158: 1.21 | H158: 1.2 | I158: 1.18 | J158: 1.11 | K158: 1.22 | L158: 1.21 | M158: 1.2 | N158: 1.18 | O158: 1.13 | P158: 1.25 | Q158: 1.27 | R158: 1.19 | S158: 1.18 | T158: 1.13 | U158: 1.24 | V158: 1.25 | W158: 1.31 | X158: 1.22 | Y158: 1.23 | Z158: 1.25 | AA158: 1.23 | AB158: 1.25 | AC158: 1.17 | AD158: 1.09
A159: 46086 | D159: P-007 | F159: 0.70894359
A160: 46086 | D160: P-008 | F160: 0.97222222
A161: 46087 | D161: P-001 | F161: 0.28 | G161: 0.29 | H161: 0.33 | I161: 0.28 | J161: 0.35 | K161: 0.33 | L161: 0.32 | M161: 0.38 | N161: 0.33 | O161: 0.34 | P161: 0.26 | Q161: 0.33 | R161: 0.33 | S161: 0.38 | T161: 0.33 | U161: 0.31 | V161: 0.4 | W161: 0.35 | X161: 0.37 | Y161: 0.37 | Z161: 0.37 | AA161: 0.32 | AB161: 0.32 | AC161: 0.4 | AD161: 0.38
A162: 46087 | D162: P-002 | F162: 0.32 | G162: 0.38 | H162: 0.33 | I162: 0.38 | J162: 0.26 | K162: 0.29 | L162: 0.3 | M162: 0.3 | N162: 0.36 | O162: 0.23 | P162: 0.35 | Q162: 0.31 | R162: 0.3 | S162: 0.41 | T162: 0.22 | U162: 0.35 | V162: 0.29 | W162: 0.32 | X162: 0.28 | Y162: 0.26 | Z162: 0.31 | AA162: 0.28 | AB162: 0.34 | AC162: 0.3 | AD162: 0.32
A163: 46087 | D163: P-003 | F163: 1.53 | G163: 1.43 | H163: 1.35 | I163: 1.47 | J163: 1.32 | K163: 1.49 | L163: 1.46 | M163: 1.49 | N163: 1.5 | O163: 1.48 | P163: 1.44 | Q163: 1.47 | R163: 1.51 | S163: 1.57 | T163: 1.52 | U163: 1.46 | V163: 1.49 | W163: 1.52 | X163: 1.57 | Y163: 1.44 | Z163: 1.52 | AA163: 1.42 | AB163: 1.53 | AC163: 1.48 | AD163: 1.43
A164: 46087 | D164: P-004 | F164: 1.14 | G164: 1.15 | H164: 1.06 | I164: 1.08 | J164: 1 | K164: 1.14 | L164: 1.16 | M164: 1.11 | N164: 1.1 | O164: 1.16 | P164: 1.19 | Q164: 1.22 | R164: 1.2 | S164: 1.23 | T164: 1.11 | U164: 1.08 | V164: 1.08 | W164: 1.16 | X164: 1.1 | Y164: 1.11 | Z164: 1.17 | AA164: 1.12 | AB164: 1.09 | AC164: 1.13 | AD164: 0.99
A165: 46087 | D165: P-007 | F165: 0.56631795
A166: 46087 | D166: P-008 | F166: 0.93578189
A167: 46090 | D167: P-001 | F167: 0.32 | G167: 0.23 | H167: 0.28 | I167: 0.31 | J167: 0.33 | K167: 0.23 | L167: 0.22 | M167: 0.28 | N167: 0.34 | O167: 0.29 | P167: 0.25 | Q167: 0.25 | R167: 0.34 | S167: 0.35 | T167: 0.32 | U167: 0.29 | V167: 0.32 | W167: 0.24 | X167: 0.31 | Y167: 0.37 | Z167: 0.31 | AA167: 0.3 | AB167: 0.25 | AC167: 0.32 | AD167: 0.38
A168: 46090 | D168: P-002 | F168: 0.34 | G168: 0.31 | H168: 0.34 | I168: 0.25 | J168: 0.27 | K168: 0.29 | L168: 0.35 | M168: 0.33 | N168: 0.26 | O168: 0.3 | P168: 0.26 | Q168: 0.28 | R168: 0.3 | S168: 0.19 | T168: 0.31 | U168: 0.26 | V168: 0.29 | W168: 0.28 | X168: 0.32 | Y168: 0.37 | Z168: 0.31 | AA168: 0.3 | AB168: 0.3 | AC168: 0.22 | AD168: 0.23
A169: 46090 | D169: P-003 | F169: 1.39 | G169: 1.45 | H169: 1.47 | I169: 1.37 | J169: 1.38 | K169: 1.41 | L169: 1.41 | M169: 1.48 | N169: 1.49 | O169: 1.42 | P169: 1.54 | Q169: 1.5 | R169: 1.54 | S169: 1.5 | T169: 1.47 | U169: 1.42 | V169: 1.5 | W169: 1.46 | X169: 1.55 | Y169: 1.57 | Z169: 1.43 | AA169: 1.46 | AB169: 1.44 | AC169: 1.41 | AD169: 1.45
...

Sheet PT2
Q2: 1 | R2: 2 | S2: 3 | T2: 4 | U2: 5 | V2: 6 | W2: 7 | X2: 8 | Y2: 9 | Z2: 10 | AA2: 11 | AB2: 12 | AC2: 13 | AD2: 14 | AE2: 15 | AF2: 16 | AG2: 17 | AH2: 18 | AI2: 19 | AJ2: 20 | AK2: 21 | AL2: 22 | AM2: 23 | AN2: 24 | AO2: 25 | AP2: 26 | AQ2: 27 | AR2: 28 | AS2: 29 | AT2: 30 | AU2: 31 | AV2: 32 | AW2: 33 | AX2: 34 | AY2: 35 | AZ2: 36 | BA2: 37 | BB2: 38 | BC2: 39 | BD2: 40 | BE2: 41 | BF2: 42 | BG2: 43 | BH2: 44 | BI2: 45 | BJ2: 46 | BK2: 47 | BL2: 48 | BM2: 49 | BN2: 50
B3: 46099 | C3: PT2+ | D3: 0.261 | E3: 0.276 | F3: 0.239 | G3: 0.245 | H3: 0.225 | I3: 0.323 | J3: 0.289 | K3: 0.306 | L3: 0.26 | M3: 0.337 | O3: =B3 -> 46099 | P3: =C3 -> PT2+ | Q3: =D3 -> 0.261 | R3: =E3 -> 0.276 | S3: =F3 -> 0.239 | T3: =G3 -> 0.245 | U3: =H3 -> 0.225 | V3: =I3 -> 0.323 | ... Z3: =M3 -> 0.337 | AA3: =D4 -> 0.273 | AB3: =E4 -> 0.316 | AC3: =F4 -> 0.281 | AD3: =G4 -> 0.254 | AE3: =H4 -> 0.254 | AF3: =I4 -> 0.26 | AG3: =J4 -> 0.245 | AH3: =K4 -> 0.217 | ... AJ3: =M4 -> 0.256 | AK3: =D5 -> 0.3 | AL3: =E5 -> 0.308 | AM3: =F5 -> 0.24 | AN3: =G5 -> 0.282 | AO3: =H5 -> 0.205 | AP3: =I5 -> 0.273 | AQ3: =J5 -> 0.268 | AR3: =K5 -> 0.243 | ... AT3: =M5 -> 0.278 | AU3: =D6 -> 0.292 | AV3: =E6 -> 0.358 | AW3: =F6 -> 0.291 | AX3: =G6 -> 0.342 | AY3: =H6 -> 0.252 | AZ3: =I6 -> 0.308 | BA3: =J6 -> 0.251 | BB3: =K6 -> 0.264 | ... BD3: =M6 -> 0.27 | BE3: =D7 -> 0.263 | BF3: =E7 -> 0.302 | BG3: =F7 -> 0.284 | BH3: =G7 -> 0.291 | BI3: =H7 -> 0.277 | BJ3: =I7 -> 0.358 | BK3: =J7 -> 0.284 | BL3: =K7 -> 0.316 | ... BN3: =M7 -> 0.248
D4: 0.273 | E4: 0.316 | F4: 0.281 | G4: 0.254 | H4: 0.254 | I4: 0.26 | J4: 0.245 | K4: 0.217 | L4: 0.219 | M4: 0.256
D5: 0.3 | E5: 0.308 | F5: 0.24 | G5: 0.282 | H5: 0.205 | I5: 0.273 | J5: 0.268 | K5: 0.243 | L5: 0.237 | M5: 0.278
D6: 0.292 | E6: 0.358 | F6: 0.291 | G6: 0.342 | H6: 0.252 | I6: 0.308 | J6: 0.251 | K6: 0.264 | L6: 0.285 | M6: 0.27
D7: 0.263 | E7: 0.302 | F7: 0.284 | G7: 0.291 | H7: 0.277 | I7: 0.358 | J7: 0.284 | K7: 0.316 | L7: 0.25 | M7: 0.248
C8: PT2- | D8: 0.227 | E8: 0.323 | F8: 0.278 | G8: 0.249 | H8: 0.265 | I8: 0.223 | J8: 0.228 | K8: 0.257 | L8: 0.259 | M8: 0.293 | P8: =C8 -> PT2- | Q8: =D8 -> 0.227 | R8: =E8 -> 0.323 | S8: =F8 -> 0.278 | T8: =G8 -> 0.249 | U8: =H8 -> 0.265 | V8: =I8 -> 0.223 | W8: =J8 -> 0.228 | ... Z8: =M8 -> 0.293 | AA8: =D9 -> 0.112 | AB8: =E9 -> 0.341 | AC8: =F9 -> 0.244 | AD8: =G9 -> 0.276 | AE8: =H9 -> 0.276 | AF8: =I9 -> 0.27 | AG8: =J9 -> 0.271 | AH8: =K9 -> 0.257 | ... AJ8: =M9 -> 0.3 | AK8: =D10 -> 0.176 | AL8: =E10 -> 0.331 | AM8: =F10 -> 0.294 | AN8: =G10 -> 0.29 | AO8: =H10 -> 0.269 | AP8: =I10 -> 0.258 | AQ8: =J10 -> 0.27 | AR8: =K10 -> 0.271 | ... AT8: =M10 -> 0.268 | AU8: =D11 -> 0.239 | AV8: =E11 -> 0.335 | AW8: =F11 -> 0.226 | AX8: =G11 -> 0.246 | AY8: =H11 -> 0.272 | AZ8: =I11 -> 0.301 | BA8: =J11 -> 0.288 | BB8: =K11 -> 0.27 | ... BD8: =M11 -> 0.228 | BE8: =D12 -> 0.222 | BF8: =E12 -> 0.359 | BG8: =F12 -> 0.259 | BH8: =G12 -> 0.343 | BI8: =H12 -> 0.231 | BJ8: =I12 -> 0.273 | BK8: =J12 -> 0.265 | BL8: =K12 -> 0.278 | ... BN8: =M12 -> 0.277
D9: 0.112 | E9: 0.341 | F9: 0.244 | G9: 0.276 | H9: 0.276 | I9: 0.27 | J9: 0.271 | K9: 0.257 | L9: 0.26 | M9: 0.3
D10: 0.176 | E10: 0.331 | F10: 0.294 | G10: 0.29 | H10: 0.269 | I10: 0.258 | J10: 0.27 | K10: 0.271 | L10: 0.257 | M10: 0.268
D11: 0.239 | E11: 0.335 | F11: 0.226 | G11: 0.246 | H11: 0.272 | I11: 0.301 | J11: 0.288 | K11: 0.27 | L11: 0.23 | M11: 0.228
D12: 0.222 | E12: 0.359 | F12: 0.259 | G12: 0.343 | H12: 0.231 | I12: 0.273 | J12: 0.265 | K12: 0.278 | L12: 0.273 | M12: 0.277
B15: 46100 | C15: PT2+ | D15: 0.34 | E15: 0.21 | F15: 0.3 | G15: 0.26 | H15: 0.21 | I15: 0.31 | J15: 0.25 | K15: 0.25 | L15: 0.25 | M15: 0.3 | O15: =B15 -> 46100 | P15: =C15 -> PT2+ | Q15: =D15 -> 0.34 | R15: =E15 -> 0.21 | S15: =F15 -> 0.3 | T15: =G15 -> 0.26 | U15: =H15 -> 0.21 | V15: =I15 -> 0.31 | ... Z15: =M15 -> 0.3 | AA15: =D16 -> 0.22 | AB15: =E16 -> 0.2 | AC15: =F16 -> 0.19 | AD15: =G16 -> 0.2 | AE15: =H16 -> 0.23 | AF15: =I16 -> 0.25 | AG15: =J16 -> 0.29 | AH15: =K16 -> 0.29 | ... AJ15: =M16 -> 0.26 | AK15: =D17 -> 0.26 | AL15: =E17 -> 0.18 | AM15: =F17 -> 0.21 | AN15: =G17 -> 0.13 | AO15: =H17 -> 0.18 | AP15: =I17 -> 0.25 | AQ15: =J17 -> 0.27 | AR15: =K17 -> 0.21 | ... AT15: =M17 -> 0.24 | AU15: =D18 -> 0.26 | AV15: =E18 -> 0.29 | AW15: =F18 -> 0.16 | AX15: =G18 -> 0.21 | AY15: =H18 -> 0.11 | AZ15: =I18 -> 0.23 | BA15: =J18 -> 0.32 | BB15: =K18 -> 0.28 | ... BD15: =M18 -> 0.27 | BE15: =D19 -> 0.33 | BF15: =E19 -> 0.21 | BG15: =F19 -> 0.22 | BH15: =G19 -> 0.2 | BI15: =H19 -> 0.17 | BJ15: =I19 -> 0.32 | BK15: =J19 -> 0.19 | BL15: =K19 -> 0.18 | ... BN15: =M19 -> 0.22
D16: 0.22 | E16: 0.2 | F16: 0.19 | G16: 0.2 | H16: 0.23 | I16: 0.25 | J16: 0.29 | K16: 0.29 | L16: 0.28 | M16: 0.26
D17: 0.26 | E17: 0.18 | F17: 0.21 | G17: 0.13 | H17: 0.18 | I17: 0.25 | J17: 0.27 | K17: 0.21 | L17: 0.26 | M17: 0.24
D18: 0.26 | E18: 0.29 | F18: 0.16 | G18: 0.21 | H18: 0.11 | I18: 0.23 | J18: 0.32 | K18: 0.28 | L18: 0.24 | M18: 0.27
D19: 0.33 | E19: 0.21 | F19: 0.22 | G19: 0.2 | H19: 0.17 | I19: 0.32 | J19: 0.19 | K19: 0.18 | L19: 0.26 | M19: 0.22
C20: PT2- | D20: 0.29 | E20: 0.2 | F20: 0.3 | G20: 0.18 | H20: 0.2 | I20: 0.17 | J20: 0.18 | K20: 0.19 | L20: 0.2 | M20: 0.28 | P20: =C20 -> PT2- | Q20: =D20 -> 0.29 | R20: =E20 -> 0.2 | S20: =F20 -> 0.3 | T20: =G20 -> 0.18 | U20: =H20 -> 0.2 | V20: =I20 -> 0.17 | W20: =J20 -> 0.18 | ... Z20: =M20 -> 0.28 | AA20: =D21 -> 0.33 | AB20: =E21 -> 0.25 | AC20: =F21 -> 0.21 | AD20: =G21 -> 0.19 | AE20: =H21 -> 0.34 | AF20: =I21 -> 0.23 | AG20: =J21 -> 0.26 | AH20: =K21 -> 0.29 | ... AJ20: =M21 -> 0.25 | AK20: =D22 -> 0.28 | AL20: =E22 -> 0.26 | AM20: =F22 -> 0.2 | AN20: =G22 -> 0.31 | AO20: =H22 -> 0.23 | AP20: =I22 -> 0.19 | AQ20: =J22 -> 0.25 | AR20: =K22 -> 0.18 | ... AT20: =M22 -> 0.28 | AU20: =D23 -> 0.28 | AV20: =E23 -> 0.2 | AW20: =F23 -> 0.3 | AX20: =G23 -> 0.22 | AY20: =H23 -> 0.13 | AZ20: =I23 -> 0.36 | BA20: =J23 -> 0.22 | BB20: =K23 -> 0.26 | ... BD20: =M23 -> 0.29 | BE20: =D24 -> 0.21 | BF20: =E24 -> 0.27 | BG20: =F24 -> 0.24 | BH20: =G24 -> 0.28 | BI20: =H24 -> 0.12 | BJ20: =I24 -> 0.18 | BK20: =J24 -> 0.2 | BL20: =K24 -> 0.24 | ... BN20: =M24 -> 0.27
D21: 0.33 | E21: 0.25 | F21: 0.21 | G21: 0.19 | H21: 0.34 | I21: 0.23 | J21: 0.26 | K21: 0.29 | L21: 0.23 | M21: 0.25
D22: 0.28 | E22: 0.26 | F22: 0.2 | G22: 0.31 | H22: 0.23 | I22: 0.19 | J22: 0.25 | K22: 0.18 | L22: 0.25 | M22: 0.28
D23: 0.28 | E23: 0.2 | F23: 0.3 | G23: 0.22 | H23: 0.13 | I23: 0.36 | J23: 0.22 | K23: 0.26 | L23: 0.28 | M23: 0.29
D24: 0.21 | E24: 0.27 | F24: 0.24 | G24: 0.28 | H24: 0.12 | I24: 0.18 | J24: 0.2 | K24: 0.24 | L24: 0.33 | M24: 0.27
B27: 46101 | C27: PT2+ | D27: 0.24 | E27: 0.35 | F27: 0.34 | G27: 0.4 | H27: 0.34 | I27: 0.44 | J27: 0.41 | K27: 0.38 | L27: 0.44 | M27: 0.38 | O27: =B27 -> 46101 | P27: =C27 -> PT2+ | Q27: =D27 -> 0.24 | R27: =E27 -> 0.35 | S27: =F27 -> 0.34 | T27: =G27 -> 0.4 | U27: =H27 -> 0.34 | V27: =I27 -> 0.44 | ... Z27: =M27 -> 0.38 | AA27: =D28 -> 0.36 | AB27: =E28 -> 0.28 | AC27: =F28 -> 0.3 | AD27: =G28 -> 0.34 | AE27: =H28 -> 0.42 | AF27: =I28 -> 0.33 | AG27: =J28 -> 0.37 | AH27: =K28 -> 0.34 | ... AJ27: =M28 -> 0.42 | AK27: =D29 -> 0.25 | AL27: =E29 -> 0.33 | AM27: =F29 -> 0.3 | AN27: =G29 -> 0.35 | AO27: =H29 -> 0.4 | AP27: =I29 -> 0.43 | AQ27: =J29 -> 0.42 | AR27: =K29 -> 0.29 | ... AT27: =M29 -> 0.3 | AU27: =D30 -> 0.22 | AV27: =E30 -> 0.41 | AW27: =F30 -> 0.32 | AX27: =G30 -> 0.34 | AY27: =H30 -> 0.41 | AZ27: =I30 -> 0.36 | BA27: =J30 -> 0.3 | BB27: =K30 -> 0.39 | ... BD27: =M30 -> 0.38 | BE27: =D31 -> 0.34 | BF27: =E31 -> 0.33 | BG27: =F31 -> 0.33 | BH27: =G31 -> 0.35 | BI27: =H31 -> 0.47 | BJ27: =I31 -> 0.39 | BK27: =J31 -> 0.47 | BL27: =K31 -> 0.35 | ... BN27: =M31 -> 0.43
D28: 0.36 | E28: 0.28 | F28: 0.3 | G28: 0.34 | H28: 0.42 | I28: 0.33 | J28: 0.37 | K28: 0.34 | L28: 0.43 | M28: 0.42
D29: 0.25 | E29: 0.33 | F29: 0.3 | G29: 0.35 | H29: 0.4 | I29: 0.43 | J29: 0.42 | K29: 0.29 | L29: 0.35 | M29: 0.3
D30: 0.22 | E30: 0.41 | F30: 0.32 | G30: 0.34 | H30: 0.41 | I30: 0.36 | J30: 0.3 | K30: 0.39 | L30: 0.34 | M30: 0.38
D31: 0.34 | E31: 0.33 | F31: 0.33 | G31: 0.35 | H31: 0.47 | I31: 0.39 | J31: 0.47 | K31: 0.35 | L31: 0.5 | M31: 0.43
C32: PT2- | D32: 0.39 | E32: 0.34 | F32: 0.34 | G32: 0.33 | H32: 0.39 | I32: 0.44 | J32: 0.26 | K32: 0.35 | L32: 0.28 | M32: 0.3 | P32: =C32 -> PT2- | Q32: =D32 -> 0.39 | R32: =E32 -> 0.34 | S32: =F32 -> 0.34 | T32: =G32 -> 0.33 | U32: =H32 -> 0.39 | V32: =I32 -> 0.44 | W32: =J32 -> 0.26 | ... Z32: =M32 -> 0.3 | AA32: =D33 -> 0.22 | AB32: =E33 -> 0.35 | AC32: =F33 -> 0.28 | AD32: =G33 -> 0.31 | AE32: =H33 -> 0.42 | AF32: =I33 -> 0.5 | AG32: =J33 -> 0.34 | AH32: =K33 -> 0.28 | ... AJ32: =M33 -> 0.26 | AK32: =D34 -> 0.41 | AL32: =E34 -> 0.33 | AM32: =F34 -> 0.34 | AN32: =G34 -> 0.26 | AO32: =H34 -> 0.29 | AP32: =I34 -> 0.43 | AQ32: =J34 -> 0.35 | AR32: =K34 -> 0.31 | ... AT32: =M34 -> 0.24 | AU32: =D35 -> 0.29 | AV32: =E35 -> 0.36 | AW32: =F35 -> 0.29 | AX32: =G35 -> 0.39 | AY32: =H35 -> 0.32 | AZ32: =I35 -> 0.42 | BA32: =J35 -> 0.25 | BB32: =K35 -> 0.34 | ... BD32: =M35 -> 0.21 | BE32: =D36 -> 0.31 | BF32: =E36 -> 0.38 | BG32: =F36 -> 0.22 | BH32: =G36 -> 0.31 | BI32: =H36 -> 0.27 | BJ32: =I36 -> 0.31 | BK32: =J36 -> 0.25 | BL32: =K36 -> 0.22 | ... BN32: =M36 -> 0.19
D33: 0.22 | E33: 0.35 | F33: 0.28 | G33: 0.31 | H33: 0.42 | I33: 0.5 | J33: 0.34 | K33: 0.28 | L33: 0.24 | M33: 0.26
D34: 0.41 | E34: 0.33 | F34: 0.34 | G34: 0.26 | H34: 0.29 | I34: 0.43 | J34: 0.35 | K34: 0.31 | L34: 0.25 | M34: 0.24
D35: 0.29 | E35: 0.36 | F35: 0.29 | G35: 0.39 | H35: 0.32 | I35: 0.42 | J35: 0.25 | K35: 0.34 | L35: 0.25 | M35: 0.21
D36: 0.31 | E36: 0.38 | F36: 0.22 | G36: 0.31 | H36: 0.27 | I36: 0.31 | J36: 0.25 | K36: 0.22 | L36: 0.25 | M36: 0.19
B39: 46104 | C39: PT2+ | D39: 0.36 | E39: 0.32 | F39: 0.33 | G39: 0.3 | H39: 0.27 | I39: 0.3 | J39: 0.31 | K39: 0.32 | L39: 0.3 | M39: 0.28 | O39: =B39 -> 46104 | P39: =C39 -> PT2+ | Q39: =D39 -> 0.36 | R39: =E39 -> 0.32 | S39: =F39 -> 0.33 | T39: =G39 -> 0.3 | U39: =H39 -> 0.27 | V39: =I39 -> 0.3 | ... Z39: =M39 -> 0.28 | AA39: =D40 -> 0.33 | AB39: =E40 -> 0.32 | AC39: =F40 -> 0.34 | AD39: =G40 -> 0.26 | AE39: =H40 -> 0.3 | AF39: =I40 -> 0.29 | AG39: =J40 -> 0.3 | AH39: =K40 -> 0.25 | ... AJ39: =M40 -> 0.29 | AK39: =D41 -> 0.3 | AL39: =E41 -> 0.31 | AM39: =F41 -> 0.36 | AN39: =G41 -> 0.34 | AO39: =H41 -> 0.31 | AP39: =I41 -> 0.32 | AQ39: =J41 -> 0.32 | AR39: =K41 -> 0.29 | ... AT39: =M41 -> 0.3 | AU39: =D42 -> 0.31 | AV39: =E42 -> 0.29 | AW39: =F42 -> 0.34 | AX39: =G42 -> 0.34 | AY39: =H42 -> 0.36 | AZ39: =I42 -> 0.32 | BA39: =J42 -> 0.35 | BB39: =K42 -> 0.29 | ... BD39: =M42 -> 0.34 | BE39: =D43 -> 0.31 | BF39: =E43 -> 0.29 | BG39: =F43 -> 0.34 | BH39: =G43 -> 0.29 | BI39: =H43 -> 0.33 | BJ39: =I43 -> 0.37 | BK39: =J43 -> 0.34 | BL39: =K43 -> 0.31 | ... BN39: =M43 -> 0.35
D40: 0.33 | E40: 0.32 | F40: 0.34 | G40: 0.26 | H40: 0.3 | I40: 0.29 | J40: 0.3 | K40: 0.25 | L40: 0.3 | M40: 0.29
D41: 0.3 | E41: 0.31 | F41: 0.36 | G41: 0.34 | H41: 0.31 | I41: 0.32 | J41: 0.32 | K41: 0.29 | L41: 0.33 | M41: 0.3
D42: 0.31 | E42: 0.29 | F42: 0.34 | G42: 0.34 | H42: 0.36 | I42: 0.32 | J42: 0.35 | K42: 0.29 | L42: 0.33 | M42: 0.34
D43: 0.31 | E43: 0.29 | F43: 0.34 | G43: 0.29 | H43: 0.33 | I43: 0.37 | J43: 0.34 | K43: 0.31 | L43: 0.33 | M43: 0.35
C44: PT2- | D44: 0.34 | E44: 0.33 | F44: 0.32 | G44: 0.35 | H44: 0.33 | I44: 0.32 | J44: 0.32 | K44: 0.31 | L44: 0.32 | M44: 0.29 | P44: =C44 -> PT2- | Q44: =D44 -> 0.34 | R44: =E44 -> 0.33 | S44: =F44 -> 0.32 | T44: =G44 -> 0.35 | U44: =H44 -> 0.33 | V44: =I44 -> 0.32 | W44: =J44 -> 0.32 | ... Z44: =M44 -> 0.29 | AA44: =D45 -> 0.32 | AB44: =E45 -> 0.31 | AC44: =F45 -> 0.32 | AD44: =G45 -> 0.25 | AE44: =H45 -> 0.36 | AF44: =I45 -> 0.29 | AG44: =J45 -> 0.34 | AH44: =K45 -> 0.34 | ... AJ44: =M45 -> 0.38 | AK44: =D46 -> 0.37 | AL44: =E46 -> 0.31 | AM44: =F46 -> 0.33 | AN44: =G46 -> 0.32 | AO44: =H46 -> 0.3 | AP44: =I46 -> 0.36 | AQ44: =J46 -> 0.33 | AR44: =K46 -> 0.3 | ... AT44: =M46 -> 0.32 | AU44: =D47 -> 0.33 | AV44: =E47 -> 0.3 | AW44: =F47 -> 0.25 | AX44: =G47 -> 0.33 | AY44: =H47 -> 0.25 | AZ44: =I47 -> 0.27 | BA44: =J47 -> 0.33 | BB44: =K47 -> 0.27 | ... BD44: =M47 -> 0.29 | BE44: =D48 -> 0.36 | BF44: =E48 -> 0.32 | BG44: =F48 -> 0.31 | BH44: =G48 -> 0.26 | BI44: =H48 -> 0.31 | BJ44: =I48 -> 0.29 | BK44: =J48 -> 0.31 | BL44: =K48 -> 0.35 | ... BN44: =M48 -> 0.34
D45: 0.32 | E45: 0.31 | F45: 0.32 | G45: 0.25 | H45: 0.36 | I45: 0.29 | J45: 0.34 | K45: 0.34 | L45: 0.36 | M45: 0.38
D46: 0.37 | E46: 0.31 | F46: 0.33 | G46: 0.32 | H46: 0.3 | I46: 0.36 | J46: 0.33 | K46: 0.3 | L46: 0.27 | M46: 0.32
D47: 0.33 | E47: 0.3 | F47: 0.25 | G47: 0.33 | H47: 0.25 | I47: 0.27 | J47: 0.33 | K47: 0.27 | L47: 0.29 | M47: 0.29
D48: 0.36 | E48: 0.32 | F48: 0.31 | G48: 0.26 | H48: 0.31 | I48: 0.29 | J48: 0.31 | K48: 0.35 | L48: 0.28 | M48: 0.34
B52: 46105 | C52: PT2+ | D52: 0.34 | E52: 0.3 | F52: 0.28 | G52: 0.3 | H52: 0.32 | I52: 0.32 | J52: 0.2 | K52: 0.22 | L52: 0.3 | M52: 0.41 | O52: =B52 -> 46105 | P52: =C52 -> PT2+ | Q52: =D52 -> 0.34 | R52: =E52 -> 0.3 | S52: =F52 -> 0.28 | T52: =G52 -> 0.3 | U52: =H52 -> 0.32 | V52: =I52 -> 0.32 | ... Z52: =M52 -> 0.41 | AA52: =D53 -> 0.33 | AB52: =E53 -> 0.31 | AC52: =F53 -> 0.34 | AD52: =G53 -> 0.42 | AE52: =H53 -> 0.36 | AF52: =I53 -> 0.4 | AG52: =J53 -> 0.4 | AH52: =K53 -> 0.39 | ... AJ52: =M53 -> 0.28 | AK52: =D54 -> 0.35 | AL52: =E54 -> 0.31 | AM52: =F54 -> 0.3 | AN52: =G54 -> 0.32 | AO52: =H54 -> 0.27 | AP52: =I54 -> 0.35 | AQ52: =J54 -> 0.34 | AR52: =K54 -> 0.27 | ... AT52: =M54 -> 0.39 | AU52: =D55 -> 0.3 | AV52: =E55 -> 0.31 | AW52: =F55 -> 0.28 | AX52: =G55 -> 0.29 | AY52: =H55 -> 0.31 | AZ52: =I55 -> 0.27 | BA52: =J55 -> 0.31 | BB52: =K55 -> 0.17 | ... BD52: =M55 -> 0.35 | BE52: =D56 -> 0.33 | BF52: =E56 -> 0.35 | BG52: =F56 -> 0.31 | BH52: =G56 -> 0.28 | BI52: =H56 -> 0.31 | BJ52: =I56 -> 0.31 | BK52: =J56 -> 0.33 | BL52: =K56 -> 0.32 | ... BN52: =M56 -> 0.32
D53: 0.33 | E53: 0.31 | F53: 0.34 | G53: 0.42 | H53: 0.36 | I53: 0.4 | J53: 0.4 | K53: 0.39 | L53: 0.37 | M53: 0.28
D54: 0.35 | E54: 0.31 | F54: 0.3 | G54: 0.32 | H54: 0.27 | I54: 0.35 | J54: 0.34 | K54: 0.27 | L54: 0.29 | M54: 0.39
D55: 0.3 | E55: 0.31 | F55: 0.28 | G55: 0.29 | H55: 0.31 | I55: 0.27 | J55: 0.31 | K55: 0.17 | L55: 0.34 | M55: 0.35
D56: 0.33 | E56: 0.35 | F56: 0.31 | G56: 0.28 | H56: 0.31 | I56: 0.31 | J56: 0.33 | K56: 0.32 | L56: 0.33 | M56: 0.32
C57: PT2- | D57: 0.17 | E57: 0.32 | F57: 0.31 | G57: 0.32 | H57: 0.23 | I57: 0.28 | J57: 0.33 | K57: 0.28 | L57: 0.32 | M57: 0.26 | P57: =C57 -> PT2- | Q57: =D57 -> 0.17 | R57: =E57 -> 0.32 | S57: =F57 -> 0.31 | T57: =G57 -> 0.32 | U57: =H57 -> 0.23 | V57: =I57 -> 0.28 | W57: =J57 -> 0.33 | ... Z57: =M57 -> 0.26 | AA57: =D58 -> 0.26 | AB57: =E58 -> 0.39 | AC57: =F58 -> 0.35 | AD57: =G58 -> 0.35 | AE57: =H58 -> 0.34 | AF57: =I58 -> 0.3 | AG57: =J58 -> 0.35 | AH57: =K58 -> 0.34 | ... AJ57: =M58 -> 0.31 | AK57: =D59 -> 0.1 | AL57: =E59 -> 0.29 | AM57: =F59 -> 0.31 | AN57: =G59 -> 0.28 | AO57: =H59 -> 0.25 | AP57: =I59 -> 0.25 | AQ57: =J59 -> 0.3 | AR57: =K59 -> 0.34 | ... AT57: =M59 -> 0.25 | AU57: =D60 -> 0.06 | AV57: =E60 -> 0.35 | AW57: =F60 -> 0.32 | AX57: =G60 -> 0.31 | AY57: =H60 -> 0.21 | AZ57: =I60 -> 0.28 | BA57: =J60 -> 0.32 | BB57: =K60 -> 0.26 | ... BD57: =M60 -> 0.33 | BE57: =D61 -> -0.07 | BF57: =E61 -> 0.3 | BG57: =F61 -> 0.3 | BH57: =G61 -> 0.25 | BI57: =H61 -> 0.29 | BJ57: =I61 -> 0.32 | BK57: =J61 -> 0.28 | BL57: =K61 -> 0.3 | ... BN57: =M61 -> 0.34
D58: 0.26 | E58: 0.39 | F58: 0.35 | G58: 0.35 | H58: 0.34 | I58: 0.3 | J58: 0.35 | K58: 0.34 | L58: 0.29 | M58: 0.31
D59: 0.1 | E59: 0.29 | F59: 0.31 | G59: 0.28 | H59: 0.25 | I59: 0.25 | J59: 0.3 | K59: 0.34 | L59: 0.32 | M59: 0.25
D60: 0.06 | E60: 0.35 | F60: 0.32 | G60: 0.31 | H60: 0.21 | I60: 0.28 | J60: 0.32 | K60: 0.26 | L60: 0.27 | M60: 0.33
D61: -0.07 | E61: 0.3 | F61: 0.3 | G61: 0.25 | H61: 0.29 | I61: 0.32 | J61: 0.28 | K61: 0.3 | L61: 0.32 | M61: 0.34
B64: 46106 | C64: PT2+ | D64: 0.296 | E64: 0.312 | F64: 0.279 | G64: 0.262 | H64: 0.289 | I64: 0.21 | J64: 0.291 | K64: 0.229 | L64: 0.259 | M64: 0.22 | O64: =B64 -> 46106 | P64: =C64 -> PT2+ | Q64: =D64 -> 0.296 | R64: =E64 -> 0.312 | S64: =F64 -> 0.279 | T64: =G64 -> 0.262 | U64: =H64 -> 0.289 | V64: =I64 -> 0.21 | ... Z64: =M64 -> 0.22 | AA64: =D65 -> 0.27 | AB64: =E65 -> 0.263 | AC64: =F65 -> 0.289 | AD64: =G65 -> 0.266 | AE64: =H65 -> 0.323 | AF64: =I65 -> 0.298 | AG64: =J65 -> 0.26 | AH64: =K65 -> 0.319 | ... AJ64: =M65 -> 0.302 | AK64: =D66 -> 0.302 | AL64: =E66 -> 0.282 | AM64: =F66 -> 0.296 | AN64: =G66 -> 0.273 | AO64: =H66 -> 0.259 | AP64: =I66 -> 0.28 | AQ64: =J66 -> 0.287 | AR64: =K66 -> 0.235 | ... AT64: =M66 -> 0.295 | AU64: =D67 -> 0.244 | AV64: =E67 -> 0.29 | AW64: =F67 -> 0.267 | AX64: =G67 -> 0.239 | AY64: =H67 -> 0.289 | AZ64: =I67 -> 0.254 | BA64: =J67 -> 0.293 | BB64: =K67 -> 0.277 | ... BD64: =M67 -> 0.259 | BE64: =D68 -> 0.271 | BF64: =E68 -> 0.269 | BG64: =F68 -> 0.257 | BH64: =G68 -> 0.336 | BI64: =H68 -> 0.307 | BJ64: =I68 -> 0.307 | BK64: =J68 -> 0.286 | BL64: =K68 -> 0.284 | ... BN64: =M68 -> 0.272
D65: 0.27 | E65: 0.263 | F65: 0.289 | G65: 0.266 | H65: 0.323 | I65: 0.298 | J65: 0.26 | K65: 0.319 | L65: 0.29 | M65: 0.302
D66: 0.302 | E66: 0.282 | F66: 0.296 | G66: 0.273 | H66: 0.259 | I66: 0.28 | J66: 0.287 | K66: 0.235 | L66: 0.259 | M66: 0.295
D67: 0.244 | E67: 0.29 | F67: 0.267 | G67: 0.239 | H67: 0.289 | I67: 0.254 | J67: 0.293 | K67: 0.277 | L67: 0.269 | M67: 0.259
D68: 0.271 | E68: 0.269 | F68: 0.257 | G68: 0.336 | H68: 0.307 | I68: 0.307 | J68: 0.286 | K68: 0.284 | L68: 0.294 | M68: 0.272
C69: PT2- | D69: 0.225 | E69: 0.27 | F69: 0.284 | G69: 0.253 | H69: 0.295 | I69: 0.286 | J69: 0.294 | K69: 0.261 | L69: 0.329 | M69: 0.223 | P69: =C69 -> PT2- | Q69: =D69 -> 0.225 | R69: =E69 -> 0.27 | S69: =F69 -> 0.284 | T69: =G69 -> 0.253 | U69: =H69 -> 0.295 | V69: =I69 -> 0.286 | W69: =J69 -> 0.294 | ... Z69: =M69 -> 0.223 | AA69: =D70 -> 0.302 | AB69: =E70 -> 0.31 | AC69: =F70 -> 0.3 | AD69: =G70 -> 0.315 | AE69: =H70 -> 0.302 | AF69: =I70 -> 0.234 | AG69: =J70 -> 0.317 | AH69: =K70 -> 0.288 | ... AJ69: =M70 -> 0.27 | AK69: =D71 -> 0.232 | AL69: =E71 -> 0.329 | AM69: =F71 -> 0.289 | AN69: =G71 -> 0.279 | AO69: =H71 -> 0.289 | AP69: =I71 -> 0.289 | AQ69: =J71 -> 0.26 | AR69: =K71 -> 0.305 | ... AT69: =M71 -> 0.216 | AU69: =D72 -> 0.304 | AV69: =E72 -> 0.33 | AW69: =F72 -> 0.356 | AX69: =G72 -> 0.316 | AY69: =H72 -> 0.308 | AZ69: =I72 -> 0.323 | BA69: =J72 -> 0.225 | BB69: =K72 -> 0.273 | ... BD69: =M72 -> 0.246 | BE69: =D73 -> 0.312 | BF69: =E73 -> 0.303 | BG69: =F73 -> 0.299 | BH69: =G73 -> 0.274 | BI69: =H73 -> 0.278 | BJ69: =I73 -> 0.305 | BK69: =J73 -> 0.268 | BL69: =K73 -> 0.245 | ... BN69: =M73 -> 0.268
D70: 0.302 | E70: 0.31 | F70: 0.3 | G70: 0.315 | H70: 0.302 | I70: 0.234 | J70: 0.317 | K70: 0.288 | L70: 0.277 | M70: 0.27
D71: 0.232 | E71: 0.329 | F71: 0.289 | G71: 0.279 | H71: 0.289 | I71: 0.289 | J71: 0.26 | K71: 0.305 | L71: 0.291 | M71: 0.216
D72: 0.304 | E72: 0.33 | F72: 0.356 | G72: 0.316 | H72: 0.308 | I72: 0.323 | J72: 0.225 | K72: 0.273 | L72: 0.253 | M72: 0.246
D73: 0.312 | E73: 0.303 | F73: 0.299 | G73: 0.274 | H73: 0.278 | I73: 0.305 | J73: 0.268 | K73: 0.245 | L73: 0.234 | M73: 0.268
B76: 46107 | C76: PT2+ | D76: 0.301 | E76: 0.253 | F76: 0.197 | G76: 0.184 | H76: 0.259 | I76: 0.221 | J76: 0.252 | K76: 0.22 | L76: 0.248 | M76: 0.241 | O76: =B76 -> 46107 | P76: =C76 -> PT2+ | Q76: =D76 -> 0.301 | R76: =E76 -> 0.253 | S76: =F76 -> 0.197 | T76: =G76 -> 0.184 | U76: =H76 -> 0.259 | V76: =I76 -> 0.221 | ... Z76: =M76 -> 0.241 | AA76: =D77 -> 0.295 | AB76: =E77 -> 0.269 | AC76: =F77 -> 0.251 | AD76: =G77 -> 0.257 | AE76: =H77 -> 0.247 | AF76: =I77 -> 0.229 | AG76: =J77 -> 0.283 | AH76: =K77 -> 0.275 | ... AJ76: =M77 -> 0.254 | AK76: =D78 -> 0.325 | AL76: =E78 -> 0.28 | AM76: =F78 -> 0.27 | AN76: =G78 -> 0.265 | AO76: =H78 -> 0.312 | AP76: =I78 -> 0.363 | AQ76: =J78 -> 0.267 | AR76: =K78 -> 0.265 | ... AT76: =M78 -> 0.251 | AU76: =D79 -> 0.296 | AV76: =E79 -> 0.241 | AW76: =F79 -> 0.293 | AX76: =G79 -> 0.267 | AY76: =H79 -> 0.28 | AZ76: =I79 -> 0.349 | BA76: =J79 -> 0.279 | BB76: =K79 -> 0.309 | ... BD76: =M79 -> 0.308 | BE76: =D80 -> 0.311 | BF76: =E80 -> 0.303 | BG76: =F80 -> 0.263 | BH76: =G80 -> 0.281 | BI76: =H80 -> 0.267 | BJ76: =I80 -> 0.304 | BK76: =J80 -> 0.302 | BL76: =K80 -> 0.32 | ... BN76: =M80 -> 0.348
D77: 0.295 | E77: 0.269 | F77: 0.251 | G77: 0.257 | H77: 0.247 | I77: 0.229 | J77: 0.283 | K77: 0.275 | L77: 0.253 | M77: 0.254
D78: 0.325 | E78: 0.28 | F78: 0.27 | G78: 0.265 | H78: 0.312 | I78: 0.363 | J78: 0.267 | K78: 0.265 | L78: 0.264 | M78: 0.251
D79: 0.296 | E79: 0.241 | F79: 0.293 | G79: 0.267 | H79: 0.28 | I79: 0.349 | J79: 0.279 | K79: 0.309 | L79: 0.275 | M79: 0.308
D80: 0.311 | E80: 0.303 | F80: 0.263 | G80: 0.281 | H80: 0.267 | I80: 0.304 | J80: 0.302 | K80: 0.32 | L80: 0.31 | M80: 0.348
C81: PT2- | D81: 0.335 | E81: 0.195 | F81: 0.167 | G81: 0.234 | H81: 0.2 | I81: 0.27 | J81: 0.31 | K81: 0.3 | L81: 0.283 | M81: 0.327 | P81: =C81 -> PT2- | Q81: =D81 -> 0.335 | R81: =E81 -> 0.195 | S81: =F81 -> 0.167 | T81: =G81 -> 0.234 | U81: =H81 -> 0.2 | V81: =I81 -> 0.27 | W81: =J81 -> 0.31 | ... Z81: =M81 -> 0.327 | AA81: =D82 -> 0.279 | AB81: =E82 -> 0.28 | AC81: =F82 -> 0.253 | AD81: =G82 -> 0.23 | AE81: =H82 -> 0.243 | AF81: =I82 -> 0.275 | AG81: =J82 -> 0.278 | AH81: =K82 -> 0.334 | ... AJ81: =M82 -> 0.267 | AK81: =D83 -> 0.258 | AL81: =E83 -> 0.172 | AM81: =F83 -> 0.17 | AN81: =G83 -> 0.255 | AO81: =H83 -> 0.227 | AP81: =I83 -> 0.26 | AQ81: =J83 -> 0.246 | AR81: =K83 -> 0.265 | ... AT81: =M83 -> 0.295 | AU81: =D84 -> 0.374 | AV81: =E84 -> 0.239 | AW81: =F84 -> 0.263 | AX81: =G84 -> 0.239 | AY81: =H84 -> 0.29 | AZ81: =I84 -> 0.264 | BA81: =J84 -> 0.24 | BB81: =K84 -> 0.26 | ... BD81: =M84 -> 0.255 | BE81: =D85 -> 0.432 | BF81: =E85 -> 0.29 | BG81: =F85 -> 0.333 | BH81: =G85 -> 0.338 | BI81: =H85 -> 0.308 | BJ81: =I85 -> 0.247 | BK81: =J85 -> 0.293 | BL81: =K85 -> 0.285 | ... BN81: =M85 -> 0.298
D82: 0.279 | E82: 0.28 | F82: 0.253 | G82: 0.23 | H82: 0.243 | I82: 0.275 | J82: 0.278 | K82: 0.334 | L82: 0.302 | M82: 0.267
D83: 0.258 | E83: 0.172 | F83: 0.17 | G83: 0.255 | H83: 0.227 | I83: 0.26 | J83: 0.246 | K83: 0.265 | L83: 0.297 | M83: 0.295
D84: 0.374 | E84: 0.239 | F84: 0.263 | G84: 0.239 | H84: 0.29 | I84: 0.264 | J84: 0.24 | K84: 0.26 | L84: 0.3 | M84: 0.255
D85: 0.432 | E85: 0.29 | F85: 0.333 | G85: 0.338 | H85: 0.308 | I85: 0.247 | J85: 0.293 | K85: 0.285 | L85: 0.33 | M85: 0.298
B88: 46108 | C88: PT2+ | D88: 0.29 | E88: 0.33 | F88: -0.72 | G88: 0.36 | H88: 0.3 | I88: 0.31 | J88: 0.34 | K88: 0.36 | L88: 0.33 | M88: 0.25 | O88: =B88 -> 46108 | P88: =C88 -> PT2+ | Q88: =D88 -> 0.29 | R88: =E88 -> 0.33 | S88: =F88 -> -0.72 | T88: =G88 -> 0.36 | U88: =H88 -> 0.3 | V88: =I88 -> 0.31 | ... Z88: =M88 -> 0.25 | AA88: =D89 -> 0.27 | AB88: =E89 -> 0.32 | AC88: =F89 -> 0.26 | AD88: =G89 -> 0.33 | AE88: =H89 -> 0.34 | AF88: =I89 -> 0.38 | AG88: =J89 -> 0.36 | AH88: =K89 -> 0.31 | ... AJ88: =M89 -> 0.27 | AK88: =D90 -> 0.25 | AL88: =E90 -> 0.32 | AM88: =F90 -> 0.28 | AN88: =G90 -> 0.34 | AO88: =H90 -> 0.3 | AP88: =I90 -> 0.34 | AQ88: =J90 -> 0.21 | AR88: =K90 -> 0.32 | ... AT88: =M90 -> 0.27 | AU88: =D91 -> 0.26 | AV88: =E91 -> 0.29 | AW88: =F91 -> 0.25 | AX88: =G91 -> 0.27 | AY88: =H91 -> 0.33 | AZ88: =I91 -> 0.26 | BA88: =J91 -> 0.33 | BB88: =K91 -> 0.33 | ... BD88: =M91 -> 0.25 | BE88: =D92 -> 0.25 | BF88: =E92 -> 0.33 | BG88: =F92 -> 0.24 | BH88: =G92 -> 0.28 | BI88: =H92 -> 0.28 | BJ88: =I92 -> 0.3 | BK88: =J92 -> 0.27 | BL88: =K92 -> 0.24 | ... BN88: =M92 -> 0.25
D89: 0.27 | E89: 0.32 | F89: 0.26 | G89: 0.33 | H89: 0.34 | I89: 0.38 | J89: 0.36 | K89: 0.31 | L89: 0.24 | M89: 0.27
D90: 0.25 | E90: 0.32 | F90: 0.28 | G90: 0.34 | H90: 0.3 | I90: 0.34 | J90: 0.21 | K90: 0.32 | L90: 0.27 | M90: 0.27
D91: 0.26 | E91: 0.29 | F91: 0.25 | G91: 0.27 | H91: 0.33 | I91: 0.26 | J91: 0.33 | K91: 0.33 | L91: 0.27 | M91: 0.25
D92: 0.25 | E92: 0.33 | F92: 0.24 | G92: 0.28 | H92: 0.28 | I92: 0.3 | J92: 0.27 | K92: 0.24 | L92: 0.29 | M92: 0.25
C93: PT2- | D93: 0.29 | E93: 0.27 | F93: 0.32 | G93: 0.35 | H93: 0.23 | I93: 0.31 | J93: 0.27 | K93: 0.29 | L93: 0.3 | M93: 0.34 | P93: =C93 -> PT2- | Q93: =D93 -> 0.29 | R93: =E93 -> 0.27 | S93: =F93 -> 0.32 | T93: =G93 -> 0.35 | U93: =H93 -> 0.23 | V93: =I93 -> 0.31 | W93: =J93 -> 0.27 | ... Z93: =M93 -> 0.34 | AA93: =D94 -> 0.24 | AB93: =E94 -> 0.3 | AC93: =F94 -> 0.31 | AD93: =G94 -> 0.3 | AE93: =H94 -> 0.27 | AF93: =I94 -> 0.29 | AG93: =J94 -> 0.27 | AH93: =K94 -> 0.28 | ... AJ93: =M94 -> 0.32 | AK93: =D95 -> 0.24 | AL93: =E95 -> -0.15 | AM93: =F95 -> 0.29 | AN93: =G95 -> 0.28 | AO93: =H95 -> 0.27 | AP93: =I95 -> 0.25 | AQ93: =J95 -> 0.26 | AR93: =K95 -> 0.21 | ... AT93: =M95 -> 0.26 | AU93: =D96 -> 0.28 | AV93: =E96 -> -0.13 | AW93: =F96 -> 0.31 | AX93: =G96 -> 0.26 | AY93: =H96 -> 0.28 | AZ93: =I96 -> 0.29 | BA93: =J96 -> 0.28 | BB93: =K96 -> 0.29 | ... BD93: =M96 -> 0.3 | BE93: =D97 -> 0.23 | BF93: =E97 -> 0.25 | BG93: =F97 -> 0.21 | BH93: =G97 -> 0.26 | BI93: =H97 -> 0.27 | BJ93: =I97 -> 0.29 | BK93: =J97 -> 0.29 | BL93: =K97 -> 0.27 | ... BN93: =M97 -> 0.31
D94: 0.24 | E94: 0.3 | F94: 0.31 | G94: 0.3 | H94: 0.27 | I94: 0.29 | J94: 0.27 | K94: 0.28 | L94: 0.32 | M94: 0.32
D95: 0.24 | E95: -0.15 | F95: 0.29 | G95: 0.28 | H95: 0.27 | I95: 0.25 | J95: 0.26 | K95: 0.21 | L95: 0.25 | M95: 0.26
D96: 0.28 | E96: -0.13 | F96: 0.31 | G96: 0.26 | H96: 0.28 | I96: 0.29 | J96: 0.28 | K96: 0.29 | L96: 0.27 | M96: 0.3
D97: 0.23 | E97: 0.25 | F97: 0.21 | G97: 0.26 | H97: 0.27 | I97: 0.29 | J97: 0.29 | K97: 0.27 | L97: 0.3 | M97: 0.31
B99: 46111 | C99: PT2+ | D99: 0.274 | E99: 0.256 | F99: 0.299 | G99: 0.316 | H99: 0.275 | I99: 0.282 | J99: 0.281 | K99: 0.253 | L99: 0.265 | M99: 0.204 | O99: =B99 -> 46111 | P99: =C99 -> PT2+ | Q99: =D99 -> 0.274 | R99: =E99 -> 0.256 | S99: =F99 -> 0.299 | T99: =G99 -> 0.316 | U99: =H99 -> 0.275 | V99: =I99 -> 0.282 | ... Z99: =M99 -> 0.204 | AA99: =D100 -> 0.266 | AB99: =E100 -> 0.261 | AC99: =F100 -> 0.277 | AD99: =G100 -> 0.264 | AE99: =H100 -> 0.277 | AF99: =I100 -> 0.24 | AG99: =J100 -> 0.182 | AH99: =K100 -> 0.201 | ... AJ99: =M100 -> 0.262 | AK99: =D101 -> 0.265 | AL99: =E101 -> 0.29 | AM99: =F101 -> 0.24 | AN99: =G101 -> 0.269 | AO99: =H101 -> 0.251 | AP99: =I101 -> 0.271 | AQ99: =J101 -> 0.217 | AR99: =K101 -> 0.191 | ... AT99: =M101 -> 0.245 | AU99: =D102 -> 0.325 | AV99: =E102 -> 0.232 | AW99: =F102 -> 0.233 | AX99: =G102 -> 0.322 | AY99: =H102 -> 0.329 | AZ99: =I102 -> 0.34 | BA99: =J102 -> 0.328 | BB99: =K102 -> 0.277 | ... BD99: =M102 -> 0.281 | BE99: =D103 -> 0.32 | BF99: =E103 -> 0.292 | BG99: =F103 -> 0.362 | BH99: =G103 -> 0.39 | BI99: =H103 -> 0.411 | BJ99: =I103 -> 0.45 | BK99: =J103 -> 0.468 | BL99: =K103 -> 0.494 | ... BN99: =M103 -> 0.426
D100: 0.266 | E100: 0.261 | F100: 0.277 | G100: 0.264 | H100: 0.277 | I100: 0.24 | J100: 0.182 | K100: 0.201 | L100: 0.209 | M100: 0.262
D101: 0.265 | E101: 0.29 | F101: 0.24 | G101: 0.269 | H101: 0.251 | I101: 0.271 | J101: 0.217 | K101: 0.191 | L101: 0.186 | M101: 0.245
D102: 0.325 | E102: 0.232 | F102: 0.233 | G102: 0.322 | H102: 0.329 | I102: 0.34 | J102: 0.328 | K102: 0.277 | L102: 0.277 | M102: 0.281
D103: 0.32 | E103: 0.292 | F103: 0.362 | G103: 0.39 | H103: 0.411 | I103: 0.45 | J103: 0.468 | K103: 0.494 | L103: 0.493 | M103: 0.426
C104: PT2- | D104: 0.279 | E104: 0.308 | F104: 0.304 | G104: 0.3 | H104: 0.264 | I104: 0.237 | J104: 0.265 | K104: 0.298 | L104: 0.293 | M104: 0.265 | P104: =C104 -> PT2- | Q104: =D104 -> 0.279 | R104: =E104 -> 0.308 | S104: =F104 -> 0.304 | T104: =G104 -> 0.3 | U104: =H104 -> 0.264 | V104: =I104 -> 0.237 | W104: =J104 -> 0.265 | ... Z104: =M104 -> 0.265 | AA104: =D105 -> 0.249 | AB104: =E105 -> 0.263 | AC104: =F105 -> 0.246 | AD104: =G105 -> 0.249 | AE104: =H105 -> 0.279 | AF104: =I105 -> 0.255 | AG104: =J105 -> 0.242 | AH104: =K105 -> 0.268 | ... AJ104: =M105 -> 0.308 | AK104: =D106 -> 0.288 | AL104: =E106 -> 0.283 | AM104: =F106 -> 0.261 | AN104: =G106 -> 0.25 | AO104: =H106 -> 0.277 | AP104: =I106 -> 0.202 | AQ104: =J106 -> 0.242 | AR104: =K106 -> 0.223 | ... AT104: =M106 -> 0.295 | AU104: =D107 -> 0.248 | AV104: =E107 -> 0.271 | AW104: =F107 -> 0.286 | AX104: =G107 -> 0.255 | AY104: =H107 -> 0.259 | AZ104: =I107 -> 0.308 | BA104: =J107 -> 0.268 | BB104: =K107 -> 0.228 | ... BD104: =M107 -> 0.258 | BE104: =D108 -> 0.309 | BF104: =E108 -> 0.261 | BG104: =F108 -> 0.262 | BH104: =G108 -> 0.281 | BI104: =H108 -> 0.304 | BJ104: =I108 -> 0.243 | BK104: =J108 -> 0.268 | BL104: =K108 -> 0.25 | ... BN104: =M108 -> 0.269
D105: 0.249 | E105: 0.263 | F105: 0.246 | G105: 0.249 | H105: 0.279 | I105: 0.255 | J105: 0.242 | K105: 0.268 | L105: 0.35 | M105: 0.308
D106: 0.288 | E106: 0.283 | F106: 0.261 | G106: 0.25 | H106: 0.277 | I106: 0.202 | J106: 0.242 | K106: 0.223 | L106: 0.259 | M106: 0.295
D107: 0.248 | E107: 0.271 | F107: 0.286 | G107: 0.255 | H107: 0.259 | I107: 0.308 | J107: 0.268 | K107: 0.228 | L107: 0.238 | M107: 0.258
D108: 0.309 | E108: 0.261 | F108: 0.262 | G108: 0.281 | H108: 0.304 | I108: 0.243 | J108: 0.268 | K108: 0.25 | L108: 0.224 | M108: 0.269
B110: 46112 | C110: PT2+ | D110: 0.171 | E110: 0.343 | F110: 0.18 | G110: 0.339 | H110: 0.146 | I110: 0.159 | J110: 0.188 | K110: 0.229 | L110: 0.221 | M110: 0.235 | O110: =B110 -> 46112 | P110: =C110 -> PT2+ | Q110: =D110 -> 0.171 | R110: =E110 -> 0.343 | S110: =F110 -> 0.18 | T110: =G110 -> 0.339 | U110: =H110 -> 0.146 | V110: =I110 -> 0.159 | ... Z110: =M110 -> 0.235 | AA110: =D111 -> 0.121 | AB110: =E111 -> 0.268 | AC110: =F111 -> 0.3 | AD110: =G111 -> 0.376 | AE110: =H111 -> 0.405 | AF110: =I111 -> 0.283 | AG110: =J111 -> 0.248 | AH110: =K111 -> 0.19 | ... AJ110: =M111 -> 0.275 | AK110: =D112 -> 0.18 | AL110: =E112 -> 0.32 | AM110: =F112 -> 0.353 | AN110: =G112 -> 0.341 | AO110: =H112 -> 0.275 | AP110: =I112 -> 0.366 | AQ110: =J112 -> 0.2 | AR110: =K112 -> 0.265 | ... AT110: =M112 -> 0.23 | AU110: =D113 -> 0.25 | AV110: =E113 -> 0.382 | AW110: =F113 -> 0.289 | AX110: =G113 -> 0.29 | AY110: =H113 -> 0.351 | AZ110: =I113 -> 0.237 | BA110: =J113 -> 0.249 | BB110: =K113 -> 0.31 | ... BD110: =M113 -> 0.272 | BE110: =D114 -> 0.227 | BF110: =E114 -> 0.26 | BG110: =F114 -> 0.19 | BH110: =G114 -> 0.22 | BI110: =H114 -> 0.32 | BJ110: =I114 -> 0.17 | BK110: =J114 -> 0.198 | BL110: =K114 -> 0.274 | ... BN110: =M114 -> 0.253
D111: 0.121 | E111: 0.268 | F111: 0.3 | G111: 0.376 | H111: 0.405 | I111: 0.283 | J111: 0.248 | K111: 0.19 | L111: 0.235 | M111: 0.275
D112: 0.18 | E112: 0.32 | F112: 0.353 | G112: 0.341 | H112: 0.275 | I112: 0.366 | J112: 0.2 | K112: 0.265 | L112: 0.23 | M112: 0.23
D113: 0.25 | E113: 0.382 | F113: 0.289 | G113: 0.29 | H113: 0.351 | I113: 0.237 | J113: 0.249 | K113: 0.31 | L113: 0.232 | M113: 0.272
D114: 0.227 | E114: 0.26 | F114: 0.19 | G114: 0.22 | H114: 0.32 | I114: 0.17 | J114: 0.198 | K114: 0.274 | L114: 0.265 | M114: 0.253
C115: PT2- | D115: 0.271 | E115: 0.303 | F115: 0.3 | G115: 0.24 | H115: 0.258 | I115: 0.239 | J115: 0.209 | K115: 0.203 | L115: 0.228 | M115: 0.235 | P115: =C115 -> PT2- | Q115: =D115 -> 0.271 | R115: =E115 -> 0.303 | S115: =F115 -> 0.3 | T115: =G115 -> 0.24 | U115: =H115 -> 0.258 | V115: =I115 -> 0.239 | W115: =J115 -> 0.209 | ... Z115: =M115 -> 0.235 | AA115: =D116 -> 0.282 | AB115: =E116 -> 0.325 | AC115: =F116 -> 0.257 | AD115: =G116 -> 0.27 | AE115: =H116 -> 0.194 | AF115: =I116 -> 0.367 | AG115: =J116 -> 0.24 | AH115: =K116 -> 0.209 | ... AJ115: =M116 -> 0.29 | AK115: =D117 -> 0.174 | AL115: =E117 -> 0.31 | AM115: =F117 -> 0.34 | AN115: =G117 -> 0.24 | AO115: =H117 -> 0.31 | AP115: =I117 -> 0.21 | AQ115: =J117 -> 0.21 | AR115: =K117 -> 0.23 | ... AT115: =M117 -> 0.26 | AU115: =D118 -> 0.185 | AV115: =E118 -> 0.306 | AW115: =F118 -> 0.435 | AX115: =G118 -> 0.25 | AY115: =H118 -> 0.19 | AZ115: =I118 -> 0.12 | BA115: =J118 -> 0.158 | BB115: =K118 -> 0.176 | ... BD115: =M118 -> 0.35 | BE115: =D119 -> 0.29 | BF115: =E119 -> 0.236 | BG115: =F119 -> 0.339 | BH115: =G119 -> 0.274 | BI115: =H119 -> 0.23 | BJ115: =I119 -> 0.27 | BK115: =J119 -> 0.31 | BL115: =K119 -> 0.3 | ... BN115: =M119 -> 0.4
D116: 0.282 | E116: 0.325 | F116: 0.257 | G116: 0.27 | H116: 0.194 | I116: 0.367 | J116: 0.24 | K116: 0.209 | L116: 0.25 | M116: 0.29
D117: 0.174 | E117: 0.31 | F117: 0.34 | G117: 0.24 | H117: 0.31 | I117: 0.21 | J117: 0.21 | K117: 0.23 | L117: 0.23 | M117: 0.26
D118: 0.185 | E118: 0.306 | F118: 0.435 | G118: 0.25 | H118: 0.19 | I118: 0.12 | J118: 0.158 | K118: 0.176 | L118: 0.1808 | M118: 0.35
...

Sheet 0507.
A1: PT-01 | G1: QE-01 | M1: PT-02 | X1: QE-02
A2: OP | B2: 1 | C2: 2 | D2: 3 | E2: 4 | F2: 5 | G2: OP | H2: 1 | I2: 2 | J2: 3 | K2: 4 | L2: 5 | M2: OP | N2: 1 | O2: 2 | P2: 3 | Q2: 4 | R2: 5 | S2: 6 | T2: 7 | U2: 8 | V2: 9 | W2: 10 | X2: OP | Y2: 1 | Z2: 2 | AA2: 3 | AB2: 4 | AC2: 5 | AD2: 6 | AE2: 7 | AF2: 8 | AG2: 9 | AH2: 10
A3: N2522+ | G3: N2522+ | H3: 2.89 | I3: 2.96 | J3: 3.21 | K3: 3.24 | L3: 3.12 | M3: N2522+ | X3: N2522+
H4: 2.86 | I4: 2.98 | J4: 3.2 | K4: 3.21 | L4: 3.14
H5: 2.89 | I5: 3.03 | J5: 3.16 | K5: 3.18 | L5: 3.11
H6: 2.87 | I6: 2.92 | J6: 3.12 | K6: 3.14 | L6: 3.1
H7: 2.88 | I7: 3 | J7: 3.15 | K7: 3.16 | L7: 3.12
A8: N2522- | G8: N2522- | H8: 2.89 | I8: 2.96 | J8: 3.11 | K8: 3.22 | L8: 3.17 | M8: N2522- | X8: N2522-
H9: 2.87 | I9: 2.83 | J9: 3.1 | K9: 3.19 | L9: 3.21
H10: 2.95 | I10: 2.9 | J10: 3.16 | K10: 3.31 | L10: 3.24
H11: 2.88 | I11: 2.99 | J11: 3.17 | K11: 3.25 | L11: 3.19
H12: 2.93 | I12: 2.91 | J12: 3.16 | K12: 3.21 | L12: 3.2
A13: PT1+ | G13: QE1+ | H13: 1.64 | I13: 1.74 | J13: 1.95 | K13: 1.99 | L13: 1.94 | M13: PT2+ | X13: QE2+
H14: 1.64 | I14: 1.73 | J14: 1.93 | K14: 1.96 | L14: 1.89
H15: 1.64 | I15: 1.74 | J15: 1.92 | K15: 1.93 | L15: 1.93
H16: 1.63 | I16: 1.69 | J16: 1.89 | K16: 1.94 | L16: 1.89
H17: 1.6 | I17: 1.69 | J17: 1.88 | K17: 1.92 | L17: 1.88
A18: PT1- | G18: Q1E- | H18: 1.91 | I18: 1.97 | J18: 2.24 | K18: 2.31 | L18: 2.24 | M18: PT2- | X18: QE2-
H19: 1.91 | I19: 1.96 | J19: 2.18 | K19: 2.25 | L19: 2.26
H20: 1.93 | I20: 1.94 | J20: 2.17 | K20: 2.33 | L20: 2.27
H21: 1.94 | I21: 2.01 | J21: 2.16 | K21: 2.28 | L21: 2.22
H22: 1.93 | I22: 1.93 | J22: 2.17 | K22: 2.28 | L22: 2.22
A24: 項次 | B24: 單位 | C24: 規格 | E24: 數值 | G24: 項次 | H24: 單位 | I24: 規格 | K24: 數值 | M24: 項次 | N24: 單位 | O24: 規格 | Q24: 數值 | X24: 項次 | Y24: 單位 | Z24: 規格 | AB24: 數值
A25: 咬蝕量 | B25: um | C25: 0.3±0.1 | E25: =AVERAGE(B3:F12)-AVERAGE(B13:F22) -> #DIV/0! | G25: 咬蝕量 | H25: um | I25: 0.84±0.07 | K25: =AVERAGE(H3:L12)-AVERAGE(H13:L22) -> 1.101 | M25: 咬蝕量 | N25: um | O25: 0.3±0.1 | Q25: =AVERAGE(N3:W12)-AVERAGE(N13:W22) -> #DIV/0! | X25: 咬蝕量 | Y25: um | Z25: 0.84±0.07 | AB25: =AVERAGE(Y3:AH12)-AVERAGE(Y13:AH22) -> #DIV/0!
A26: 線速 | B26: M/min | C26: ="--" -> -- | E26: 1.7 | G26: 線速 | H26: M/min | I26: ="--" -> -- | K26: 1.4 | M26: 線速 | N26: M/min | O26: ="--" -> -- | Q26: 1.5 | X26: 線速 | Y26: M/min | Z26: ="--" -> -- | AB26: 1.5
A27: 咬蝕速率 | B27: um/min | C27: 0.55±0.17 | E27: =(E25/(0.975/E26)) -> #DIV/0! | G27: 咬蝕速率 | H27: um/min | I27: 0.75±0.07 | K27: =(K25/(1.944/K26)) -> 0.79290123 | M27: 咬蝕速率 | N27: um/min | O27: 0.55±0.17 | Q27: =(Q25/(0.975/Q26)) -> #DIV/0! | X27: 咬蝕速率 | Y27: um/min | Z27: 0.75±0.07 | AB27: =(AB25/(3.13/AB26)) -> #DIV/0!
A28: 量測日期 | C28: =TODAY() -> 46156
A29: PT-01 | G29: QE-01 | M29: PT-02 | X29: QE-02
A30: 咬蝕量 | G30: 咬蝕量 | M30: 咬蝕量 | X30: 咬蝕量
A31: PT1+ | B31: =B3-B13 -> 0 | C31: =C3-C13 -> 0 | D31: =D3-D13 -> 0 | E31: =E3-E13 -> 0 | F31: =F3-F13 -> 0 | G31: QE1+ | H31: =H3-H13 -> 1.25 | I31: =I3-I13 -> 1.22 | J31: =J3-J13 -> 1.26 | K31: =K3-K13 -> 1.25 | L31: =L3-L13 -> 1.18 | M31: PT2+ | N31: =N3-N13 -> 0 | O31: =O3-O13 -> 0 | P31: =P3-P13 -> 0 | Q31: =Q3-Q13 -> 0 | R31: =R3-R13 -> 0 | S31: =S3-S13 -> 0 | T31: =T3-T13 -> 0 | U31: =U3-U13 -> 0 | ... W31: =W3-W13 -> 0 | X31: QE2+ | Y31: =Y3-Y13 -> 0 | Z31: =Z3-Z13 -> 0 | AA31: =AA3-AA13 -> 0 | AB31: =AB3-AB13 -> 0 | AC31: =AC3-AC13 -> 0 | AD31: =AD3-AD13 -> 0 | AE31: =AE3-AE13 -> 0 | AF31: =AF3-AF13 -> 0 | ... AH31: =AH3-AH13 -> 0 | AJ31: PT | AK31: =B31 -> 0 | AL31: =B32 -> 0 | AM31: =B33 -> 0 | AN31: =B34 -> 0 | AO31: =B35 -> 0 | AP31: =C31 -> 0 | AQ31: =C32 -> 0 | AR31: =C33 -> 0 | AS31: =C34 -> 0 | AT31: =C35 -> 0 | AU31: =D31 -> 0 | AV31: =D32 -> 0 | AW31: =D33 -> 0 | AX31: =D34 -> 0 | AY31: =D35 -> 0 | AZ31: =E31 -> 0 | BA31: =E32 -> 0 | BB31: =E33 -> 0 | BC31: =E34 -> 0 | BD31: =E35 -> 0 | BE31: =F31 -> 0 | BF31: =F32 -> 0 | BG31: =F33 -> 0 | BH31: =F34 -> 0 | BI31: =F35 -> 0
B32: =B4-B14 -> 0 | C32: =C4-C14 -> 0 | D32: =D4-D14 -> 0 | E32: =E4-E14 -> 0 | F32: =F4-F14 -> 0 | H32: =H4-H14 -> 1.22 | I32: =I4-I14 -> 1.25 | J32: =J4-J14 -> 1.27 | K32: =K4-K14 -> 1.25 | L32: =L4-L14 -> 1.25 | N32: =N4-N14 -> 0 | O32: =O4-O14 -> 0 | P32: =P4-P14 -> 0 | Q32: =Q4-Q14 -> 0 | R32: =R4-R14 -> 0 | S32: =S4-S14 -> 0 | T32: =T4-T14 -> 0 | U32: =U4-U14 -> 0 | ... W32: =W4-W14 -> 0 | Y32: =Y4-Y14 -> 0 | Z32: =Z4-Z14 -> 0 | AA32: =AA4-AA14 -> 0 | AB32: =AB4-AB14 -> 0 | AC32: =AC4-AC14 -> 0 | AD32: =AD4-AD14 -> 0 | AE32: =AE4-AE14 -> 0 | AF32: =AF4-AF14 -> 0 | ... AH32: =AH4-AH14 -> 0
B33: =B5-B15 -> 0 | C33: =C5-C15 -> 0 | D33: =D5-D15 -> 0 | E33: =E5-E15 -> 0 | F33: =F5-F15 -> 0 | H33: =H5-H15 -> 1.25 | I33: =I5-I15 -> 1.29 | J33: =J5-J15 -> 1.24 | K33: =K5-K15 -> 1.25 | L33: =L5-L15 -> 1.18 | N33: =N5-N15 -> 0 | O33: =O5-O15 -> 0 | P33: =P5-P15 -> 0 | Q33: =Q5-Q15 -> 0 | R33: =R5-R15 -> 0 | S33: =S5-S15 -> 0 | T33: =T5-T15 -> 0 | U33: =U5-U15 -> 0 | ... W33: =W5-W15 -> 0 | Y33: =Y5-Y15 -> 0 | Z33: =Z5-Z15 -> 0 | AA33: =AA5-AA15 -> 0 | AB33: =AB5-AB15 -> 0 | AC33: =AC5-AC15 -> 0 | AD33: =AD5-AD15 -> 0 | AE33: =AE5-AE15 -> 0 | AF33: =AF5-AF15 -> 0 | ... AH33: =AH5-AH15 -> 0
B34: =B6-B16 -> 0 | C34: =C6-C16 -> 0 | D34: =D6-D16 -> 0 | E34: =E6-E16 -> 0 | F34: =F6-F16 -> 0 | H34: =H6-H16 -> 1.24 | I34: =I6-I16 -> 1.23 | J34: =J6-J16 -> 1.23 | K34: =K6-K16 -> 1.2 | L34: =L6-L16 -> 1.21 | N34: =N6-N16 -> 0 | O34: =O6-O16 -> 0 | P34: =P6-P16 -> 0 | Q34: =Q6-Q16 -> 0 | R34: =R6-R16 -> 0 | S34: =S6-S16 -> 0 | T34: =T6-T16 -> 0 | U34: =U6-U16 -> 0 | ... W34: =W6-W16 -> 0 | Y34: =Y6-Y16 -> 0 | Z34: =Z6-Z16 -> 0 | AA34: =AA6-AA16 -> 0 | AB34: =AB6-AB16 -> 0 | AC34: =AC6-AC16 -> 0 | AD34: =AD6-AD16 -> 0 | AE34: =AE6-AE16 -> 0 | AF34: =AF6-AF16 -> 0 | ... AH34: =AH6-AH16 -> 0
B35: =B7-B17 -> 0 | C35: =C7-C17 -> 0 | D35: =D7-D17 -> 0 | E35: =E7-E17 -> 0 | F35: =F7-F17 -> 0 | H35: =H7-H17 -> 1.28 | I35: =I7-I17 -> 1.31 | J35: =J7-J17 -> 1.27 | K35: =K7-K17 -> 1.24 | L35: =L7-L17 -> 1.24 | N35: =N7-N17 -> 0 | O35: =O7-O17 -> 0 | P35: =P7-P17 -> 0 | Q35: =Q7-Q17 -> 0 | R35: =R7-R17 -> 0 | S35: =S7-S17 -> 0 | T35: =T7-T17 -> 0 | U35: =U7-U17 -> 0 | ... W35: =W7-W17 -> 0 | Y35: =Y7-Y17 -> 0 | Z35: =Z7-Z17 -> 0 | AA35: =AA7-AA17 -> 0 | AB35: =AB7-AB17 -> 0 | AC35: =AC7-AC17 -> 0 | AD35: =AD7-AD17 -> 0 | AE35: =AE7-AE17 -> 0 | AF35: =AF7-AF17 -> 0 | ... AH35: =AH7-AH17 -> 0
A36: PT1- | B36: =B8-B18 -> 0 | C36: =C8-C18 -> 0 | D36: =D8-D18 -> 0 | E36: =E8-E18 -> 0 | F36: =F8-F18 -> 0 | G36: QE1- | H36: =H8-H18 -> 0.98 | I36: =I8-I18 -> 0.99 | J36: =J8-J18 -> 0.87 | K36: =K8-K18 -> 0.91 | L36: =L8-L18 -> 0.93 | M36: PT2- | N36: =N8-N18 -> 0 | O36: =O8-O18 -> 0 | P36: =P8-P18 -> 0 | Q36: =Q8-Q18 -> 0 | R36: =R8-R18 -> 0 | S36: =S8-S18 -> 0 | T36: =T8-T18 -> 0 | U36: =U8-U18 -> 0 | ... W36: =W8-W18 -> 0 | X36: QE2- | Y36: =Y8-Y18 -> 0 | Z36: =Z8-Z18 -> 0 | AA36: =AA8-AA18 -> 0 | AB36: =AB8-AB18 -> 0 | AC36: =AC8-AC18 -> 0 | AD36: =AD8-AD18 -> 0 | AE36: =AE8-AE18 -> 0 | AF36: =AF8-AF18 -> 0 | ... AH36: =AH8-AH18 -> 0 | AK36: =B36 -> 0 | AL36: =B37 -> 0 | AM36: =B38 -> 0 | AN36: =B39 -> 0 | AO36: =B40 -> 0 | AP36: =C36 -> 0 | AQ36: =C37 -> 0 | AR36: =C38 -> 0 | AS36: =C39 -> 0 | AT36: =C40 -> 0 | AU36: =D36 -> 0 | AV36: =D37 -> 0 | AW36: =D38 -> 0 | AX36: =D39 -> 0 | AY36: =D40 -> 0 | AZ36: =E36 -> 0 | BA36: =E37 -> 0 | BB36: =E38 -> 0 | BC36: =E39 -> 0 | BD36: =E40 -> 0 | BE36: =F36 -> 0 | BF36: =F37 -> 0 | BG36: =F38 -> 0 | BH36: =F39 -> 0 | BI36: =F40 -> 0
B37: =B9-B19 -> 0 | C37: =C9-C19 -> 0 | D37: =D9-D19 -> 0 | E37: =E9-E19 -> 0 | F37: =F9-F19 -> 0 | H37: =H9-H19 -> 0.96 | I37: =I9-I19 -> 0.87 | J37: =J9-J19 -> 0.92 | K37: =K9-K19 -> 0.94 | L37: =L9-L19 -> 0.95 | N37: =N9-N19 -> 0 | O37: =O9-O19 -> 0 | P37: =P9-P19 -> 0 | Q37: =Q9-Q19 -> 0 | R37: =R9-R19 -> 0 | S37: =S9-S19 -> 0 | T37: =T9-T19 -> 0 | U37: =U9-U19 -> 0 | ... W37: =W9-W19 -> 0 | Y37: =Y9-Y19 -> 0 | Z37: =Z9-Z19 -> 0 | AA37: =AA9-AA19 -> 0 | AB37: =AB9-AB19 -> 0 | AC37: =AC9-AC19 -> 0 | AD37: =AD9-AD19 -> 0 | AE37: =AE9-AE19 -> 0 | AF37: =AF9-AF19 -> 0 | ... AH37: =AH9-AH19 -> 0
B38: =B10-B20 -> 0 | C38: =C10-C20 -> 0 | D38: =D10-D20 -> 0 | E38: =E10-E20 -> 0 | F38: =F10-F20 -> 0 | H38: =H10-H20 -> 1.02 | I38: =I10-I20 -> 0.96 | J38: =J10-J20 -> 0.99 | K38: =K10-K20 -> 0.98 | L38: =L10-L20 -> 0.97 | N38: =N10-N20 -> 0 | O38: =O10-O20 -> 0 | P38: =P10-P20 -> 0 | Q38: =Q10-Q20 -> 0 | R38: =R10-R20 -> 0 | S38: =S10-S20 -> 0 | T38: =T10-T20 -> 0 | U38: =U10-U20 -> 0 | ... W38: =W10-W20 -> 0 | Y38: =Y10-Y20 -> 0 | Z38: =Z10-Z20 -> 0 | AA38: =AA10-AA20 -> 0 | AB38: =AB10-AB20 -> 0 | AC38: =AC10-AC20 -> 0 | AD38: =AD10-AD20 -> 0 | AE38: =AE10-AE20 -> 0 | AF38: =AF10-AF20 -> 0 | ... AH38: =AH10-AH20 -> 0 | AJ38: QE | AK38: =H31 -> 1.25 | AL38: =H32 -> 1.22 | AM38: =H33 -> 1.25 | AN38: =H34 -> 1.24 | AO38: =H35 -> 1.28 | AP38: =I31 -> 1.22 | AQ38: =I32 -> 1.25 | AR38: =I33 -> 1.29 | AS38: =I34 -> 1.23 | AT38: =I35 -> 1.31 | AU38: =J31 -> 1.26 | AV38: =J32 -> 1.27 | AW38: =J33 -> 1.24 | AX38: =J34 -> 1.23 | AY38: =J35 -> 1.27 | AZ38: =K31 -> 1.25 | BA38: =K32 -> 1.25 | BB38: =K33 -> 1.25 | BC38: =K34 -> 1.2 | BD38: =K35 -> 1.24 | BE38: =L31 -> 1.18 | BF38: =L32 -> 1.25 | BG38: =L33 -> 1.18 | BH38: =L34 -> 1.21 | BI38: =L35 -> 1.24
B39: =B11-B21 -> 0 | C39: =C11-C21 -> 0 | D39: =D11-D21 -> 0 | E39: =E11-E21 -> 0 | F39: =F11-F21 -> 0 | H39: =H11-H21 -> 0.94 | I39: =I11-I21 -> 0.98 | J39: =J11-J21 -> 1.01 | K39: =K11-K21 -> 0.97 | L39: =L11-L21 -> 0.97 | N39: =N11-N21 -> 0 | O39: =O11-O21 -> 0 | P39: =P11-P21 -> 0 | Q39: =Q11-Q21 -> 0 | R39: =R11-R21 -> 0 | S39: =S11-S21 -> 0 | T39: =T11-T21 -> 0 | U39: =U11-U21 -> 0 | ... W39: =W11-W21 -> 0 | Y39: =Y11-Y21 -> 0 | Z39: =Z11-Z21 -> 0 | AA39: =AA11-AA21 -> 0 | AB39: =AB11-AB21 -> 0 | AC39: =AC11-AC21 -> 0 | AD39: =AD11-AD21 -> 0 | AE39: =AE11-AE21 -> 0 | AF39: =AF11-AF21 -> 0 | ... AH39: =AH11-AH21 -> 0
B40: =B12-B22 -> 0 | C40: =C12-C22 -> 0 | D40: =D12-D22 -> 0 | E40: =E12-E22 -> 0 | F40: =F12-F22 -> 0 | H40: =H12-H22 -> 1 | I40: =I12-I22 -> 0.98 | J40: =J12-J22 -> 0.99 | K40: =K12-K22 -> 0.93 | L40: =L12-L22 -> 0.98 | N40: =N12-N22 -> 0 | O40: =O12-O22 -> 0 | P40: =P12-P22 -> 0 | Q40: =Q12-Q22 -> 0 | R40: =R12-R22 -> 0 | S40: =S12-S22 -> 0 | T40: =T12-T22 -> 0 | U40: =U12-U22 -> 0 | ... W40: =W12-W22 -> 0 | Y40: =Y12-Y22 -> 0 | Z40: =Z12-Z22 -> 0 | AA40: =AA12-AA22 -> 0 | AB40: =AB12-AB22 -> 0 | AC40: =AC12-AC22 -> 0 | AD40: =AD12-AD22 -> 0 | AE40: =AE12-AE22 -> 0 | AF40: =AF12-AF22 -> 0 | ... AH40: =AH12-AH22 -> 0
A41: A side- EA | B41: =AVERAGE(B31:F35) -> 0 | C41: R | D41: =MAX(B31:F35)-MIN(B31:F35) -> 0 | E41: ER | F41: =B41/(0.975/E26) -> 0 | G41: A side- EA | H41: =AVERAGE(H31:L35) -> 1.2424 | I41: R | J41: =MAX(H31:L35)-MIN(H31:L35) -> 0.13 | K41: ER | L41: =H41/(1.944/K26) -> 0.89473251 | M41: A side- EA | N41: =AVERAGE(N31:W35) -> 0 | O41: R | P41: =MAX(N31:W35)-MIN(N31:W35) -> 0 | Q41: ER | R41: =N41/(0.975/Q26) -> 0 | S41: % | T41: =1-(P41/2*N41) -> 1 | U41: T-R | V41: =MAX(N31:W40)-MIN(N31:W40) -> 0 | X41: A side- EA | Y41: =AVERAGE(Y31:AH35) -> 0 | Z41: R | AA41: =MAX(Y31:AH35)-MIN(Y31:AH35) -> 0 | AB41: ER | AC41: =Y41/(3.13/AB26) -> 0 | AD41: % | AE41: =1-(AA41/2*Y41) -> 1 | AF41: T-R | AG41: =MAX(Y31:AH40)-MIN(Y31:AH40) -> 0
A42: B side- EA | B42: =AVERAGE(B37:F40) -> 0 | C42: R | D42: =MAX(B36:F40)-MIN(B36:F40) -> 0 | E42: ER | F42: =B42/(0.975/E26) -> 0 | G42: B side- EA | H42: =AVERAGE(H37:L40) -> 0.9655 | I42: R | J42: =MAX(H36:L40)-MIN(H36:L40) -> 0.15 | K42: ER | L42: =H42/(1.944/K26) -> 0.69531893 | M42: B side- EA | N42: =AVERAGE(N37:W40) -> 0 | O42: R | P42: =MAX(N36:W40)-MIN(N36:W40) -> 0 | Q42: ER | R42: =N42/(0.975/Q26) -> 0 | S42: % | T42: =1-(P42/2*N42) -> 1 | U42: T-% | V42: =1-(V41/2*AVERAGE(N41:N42)) -> 1 | X42: B side- EA | Y42: =AVERAGE(Y37:AH40) -> 0 | Z42: R | AA42: =MAX(Y36:AH40)-MIN(Y36:AH40) -> 0 | AB42: ER | AC42: =Y42/(3.13/AB26) -> 0 | AD42: % | AE42: =1-(AA42/2*Y42) -> 1 | AF42: T-% | AG42: =1-(AG41/2*AVERAGE(Y41:Y42)) -> 1
AK43: =H36 -> 0.98 | AL43: =H37 -> 0.96 | AM43: =H38 -> 1.02 | AN43: =H39 -> 0.94 | AO43: =H40 -> 1 | AP43: =I36 -> 0.99 | AQ43: =I37 -> 0.87 | AR43: =I38 -> 0.96 | AS43: =I39 -> 0.98 | AT43: =I40 -> 0.98 | AU43: =J36 -> 0.87 | AV43: =J37 -> 0.92 | AW43: =J38 -> 0.99 | AX43: =J39 -> 1.01 | AY43: =J40 -> 0.99 | AZ43: =K36 -> 0.91 | BA43: =K37 -> 0.94 | BB43: =K38 -> 0.98 | BC43: =K39 -> 0.97 | BD43: =K40 -> 0.93 | BE43: =L36 -> 0.93 | BF43: =L37 -> 0.95 | BG43: =L38 -> 0.97 | BH43: =L39 -> 0.97 | BI43: =L40 -> 0.98

Sheet 0506.
A1: PT-01 | G1: QE-01 | M1: PT-02 | X1: QE-02
A2: OP | B2: 1 | C2: 2 | D2: 3 | E2: 4 | F2: 5 | G2: OP | H2: 1 | I2: 2 | J2: 3 | K2: 4 | L2: 5 | M2: OP | N2: 1 | O2: 2 | P2: 3 | Q2: 4 | R2: 5 | S2: 6 | T2: 7 | U2: 8 | V2: 9 | W2: 10 | X2: OP | Y2: 1 | Z2: 2 | AA2: 3 | AB2: 4 | AC2: 5 | AD2: 6 | AE2: 7 | AF2: 8 | AG2: 9 | AH2: 10
A3: N2522+ | G3: N2522+ | H3: 2.9 | I3: 3.02 | J3: 3.21 | K3: 3.17 | L3: 3.07 | M3: N2522+ | X3: N2522+
H4: 2.89 | I4: 2.96 | J4: 3.16 | K4: 3.2 | L4: 3.15
H5: 2.81 | I5: 2.98 | J5: 3.24 | K5: 3.16 | L5: 3.11
H6: 2.79 | I6: 2.92 | J6: 3.14 | K6: 3.19 | L6: 3.1
H7: 2.85 | I7: 2.86 | J7: 3.15 | K7: 3.09 | L7: 3.11
A8: N2522- | G8: N2522- | H8: 2.852 | I8: 2.9 | J8: 3.11 | K8: 3.27 | L8: 3.24 | M8: N2522- | X8: N2522-
H9: 2.91 | I9: 2.93 | J9: 3.09 | K9: 3.2 | L9: 3.23
H10: 2.85 | I10: 2.92 | J10: 3.2 | K10: 3.29 | L10: 3.27
H11: 2.88 | I11: 2.99 | J11: 3.11 | K11: 3.27 | L11: 3.24
H12: 2.93 | I12: 2.87 | J12: 3.17 | K12: 3.25 | L12: 3.25
A13: PT1+ | G13: QE1+ | H13: 1.75 | I13: 1.84 | J13: 2.03 | K13: 2.06 | L13: 1.94 | M13: PT2+ | X13: QE2+
H14: 1.75 | I14: 1.83 | J14: 2 | K14: 1.99 | L14: 1.97
H15: 1.75 | I15: 1.82 | J15: 1.98 | K15: 2.02 | L15: 1.97
H16: 1.74 | I16: 1.82 | J16: 1.99 | K16: 2.04 | L16: 1.94
H17: 1.71 | I17: 1.78 | J17: 1.99 | K17: 1.94 | L17: 1.94
A18: PT1- | G18: Q1E- | H18: 1.93 | I18: 2 | J18: 2.21 | K18: 2.26 | L18: 2.32 | M18: PT2- | X18: QE2-
H19: 2.01 | I19: 2.05 | J19: 2.19 | K19: 2.26 | L19: 2.33
H20: 1.96 | I20: 2.02 | J20: 2.26 | K20: 2.34 | L20: 2.34
H21: 1.94 | I21: 2.05 | J21: 2.17 | K21: 2.32 | L21: 2.28
H22: 1.99 | I22: 2 | J22: 2.18 | K22: 2.35 | L22: 2.23
A24: 項次 | B24: 單位 | C24: 規格 | E24: 數值 | G24: 項次 | H24: 單位 | I24: 規格 | K24: 數值 | M24: 項次 | N24: 單位 | O24: 規格 | Q24: 數值 | X24: 項次 | Y24: 單位 | Z24: 規格 | AB24: 數值
A25: 咬蝕量 | B25: um | C25: 0.3±0.1 | E25: =AVERAGE(B3:F12)-AVERAGE(B13:F22) -> #DIV/0! | G25: 咬蝕量 | H25: um | I25: 0.84±0.07 | K25: =AVERAGE(H3:L12)-AVERAGE(H13:L22) -> 1.03744 | M25: 咬蝕量 | N25: um | O25: 0.3±0.1 | Q25: =AVERAGE(N3:W12)-AVERAGE(N13:W22) -> #DIV/0! | X25: 咬蝕量 | Y25: um | Z25: 0.84±0.07 | AB25: =AVERAGE(Y3:AH12)-AVERAGE(Y13:AH22) -> #DIV/0!
A26: 線速 | B26: M/min | C26: ="--" -> -- | E26: 1.7 | G26: 線速 | H26: M/min | I26: ="--" -> -- | K26: 1.4 | M26: 線速 | N26: M/min | O26: ="--" -> -- | Q26: 1.5 | X26: 線速 | Y26: M/min | Z26: ="--" -> -- | AB26: 1.5
A27: 咬蝕速率 | B27: um/min | C27: 0.55±0.17 | E27: =(E25/(0.975/E26)) -> #DIV/0! | G27: 咬蝕速率 | H27: um/min | I27: 0.75±0.07 | K27: =(K25/(1.944/K26)) -> 0.74712757 | M27: 咬蝕速率 | N27: um/min | O27: 0.55±0.17 | Q27: =(Q25/(0.975/Q26)) -> #DIV/0! | X27: 咬蝕速率 | Y27: um/min | Z27: 0.75±0.07 | AB27: =(AB25/(3.13/AB26)) -> #DIV/0!
A28: 量測日期 | C28: =TODAY() -> 46156
A29: PT-01 | G29: QE-01 | M29: PT-02 | X29: QE-02
A30: 咬蝕量 | G30: 咬蝕量 | M30: 咬蝕量 | X30: 咬蝕量
A31: PT1+ | B31: =B3-B13 -> 0 | C31: =C3-C13 -> 0 | D31: =D3-D13 -> 0 | E31: =E3-E13 -> 0 | F31: =F3-F13 -> 0 | G31: QE1+ | H31: =H3-H13 -> 1.15 | I31: =I3-I13 -> 1.18 | J31: =J3-J13 -> 1.18 | K31: =K3-K13 -> 1.11 | L31: =L3-L13 -> 1.13 | M31: PT2+ | N31: =N3-N13 -> 0 | O31: =O3-O13 -> 0 | P31: =P3-P13 -> 0 | Q31: =Q3-Q13 -> 0 | R31: =R3-R13 -> 0 | S31: =S3-S13 -> 0 | T31: =T3-T13 -> 0 | U31: =U3-U13 -> 0 | ... W31: =W3-W13 -> 0 | X31: QE2+ | Y31: =Y3-Y13 -> 0 | Z31: =Z3-Z13 -> 0 | AA31: =AA3-AA13 -> 0 | AB31: =AB3-AB13 -> 0 | AC31: =AC3-AC13 -> 0 | AD31: =AD3-AD13 -> 0 | AE31: =AE3-AE13 -> 0 | AF31: =AF3-AF13 -> 0 | ... AH31: =AH3-AH13 -> 0 | AJ31: PT | AK31: =B31 -> 0 | AL31: =B32 -> 0 | AM31: =B33 -> 0 | AN31: =B34 -> 0 | AO31: =B35 -> 0 | AP31: =C31 -> 0 | AQ31: =C32 -> 0 | AR31: =C33 -> 0 | AS31: =C34 -> 0 | AT31: =C35 -> 0 | AU31: =D31 -> 0 | AV31: =D32 -> 0 | AW31: =D33 -> 0 | AX31: =D34 -> 0 | AY31: =D35 -> 0 | AZ31: =E31 -> 0 | BA31: =E32 -> 0 | BB31: =E33 -> 0 | BC31: =E34 -> 0 | BD31: =E35 -> 0 | BE31: =F31 -> 0 | BF31: =F32 -> 0 | BG31: =F33 -> 0 | BH31: =F34 -> 0 | BI31: =F35 -> 0
B32: =B4-B14 -> 0 | C32: =C4-C14 -> 0 | D32: =D4-D14 -> 0 | E32: =E4-E14 -> 0 | F32: =F4-F14 -> 0 | H32: =H4-H14 -> 1.14 | I32: =I4-I14 -> 1.13 | J32: =J4-J14 -> 1.16 | K32: =K4-K14 -> 1.21 | L32: =L4-L14 -> 1.18 | N32: =N4-N14 -> 0 | O32: =O4-O14 -> 0 | P32: =P4-P14 -> 0 | Q32: =Q4-Q14 -> 0 | R32: =R4-R14 -> 0 | S32: =S4-S14 -> 0 | T32: =T4-T14 -> 0 | U32: =U4-U14 -> 0 | ... W32: =W4-W14 -> 0 | Y32: =Y4-Y14 -> 0 | Z32: =Z4-Z14 -> 0 | AA32: =AA4-AA14 -> 0 | AB32: =AB4-AB14 -> 0 | AC32: =AC4-AC14 -> 0 | AD32: =AD4-AD14 -> 0 | AE32: =AE4-AE14 -> 0 | AF32: =AF4-AF14 -> 0 | ... AH32: =AH4-AH14 -> 0
B33: =B5-B15 -> 0 | C33: =C5-C15 -> 0 | D33: =D5-D15 -> 0 | E33: =E5-E15 -> 0 | F33: =F5-F15 -> 0 | H33: =H5-H15 -> 1.06 | I33: =I5-I15 -> 1.16 | J33: =J5-J15 -> 1.26 | K33: =K5-K15 -> 1.14 | L33: =L5-L15 -> 1.14 | N33: =N5-N15 -> 0 | O33: =O5-O15 -> 0 | P33: =P5-P15 -> 0 | Q33: =Q5-Q15 -> 0 | R33: =R5-R15 -> 0 | S33: =S5-S15 -> 0 | T33: =T5-T15 -> 0 | U33: =U5-U15 -> 0 | ... W33: =W5-W15 -> 0 | Y33: =Y5-Y15 -> 0 | Z33: =Z5-Z15 -> 0 | AA33: =AA5-AA15 -> 0 | AB33: =AB5-AB15 -> 0 | AC33: =AC5-AC15 -> 0 | AD33: =AD5-AD15 -> 0 | AE33: =AE5-AE15 -> 0 | AF33: =AF5-AF15 -> 0 | ... AH33: =AH5-AH15 -> 0
B34: =B6-B16 -> 0 | C34: =C6-C16 -> 0 | D34: =D6-D16 -> 0 | E34: =E6-E16 -> 0 | F34: =F6-F16 -> 0 | H34: =H6-H16 -> 1.05 | I34: =I6-I16 -> 1.1 | J34: =J6-J16 -> 1.15 | K34: =K6-K16 -> 1.15 | L34: =L6-L16 -> 1.16 | N34: =N6-N16 -> 0 | O34: =O6-O16 -> 0 | P34: =P6-P16 -> 0 | Q34: =Q6-Q16 -> 0 | R34: =R6-R16 -> 0 | S34: =S6-S16 -> 0 | T34: =T6-T16 -> 0 | U34: =U6-U16 -> 0 | ... W34: =W6-W16 -> 0 | Y34: =Y6-Y16 -> 0 | Z34: =Z6-Z16 -> 0 | AA34: =AA6-AA16 -> 0 | AB34: =AB6-AB16 -> 0 | AC34: =AC6-AC16 -> 0 | AD34: =AD6-AD16 -> 0 | AE34: =AE6-AE16 -> 0 | AF34: =AF6-AF16 -> 0 | ... AH34: =AH6-AH16 -> 0
B35: =B7-B17 -> 0 | C35: =C7-C17 -> 0 | D35: =D7-D17 -> 0 | E35: =E7-E17 -> 0 | F35: =F7-F17 -> 0 | H35: =H7-H17 -> 1.14 | I35: =I7-I17 -> 1.08 | J35: =J7-J17 -> 1.16 | K35: =K7-K17 -> 1.15 | L35: =L7-L17 -> 1.17 | N35: =N7-N17 -> 0 | O35: =O7-O17 -> 0 | P35: =P7-P17 -> 0 | Q35: =Q7-Q17 -> 0 | R35: =R7-R17 -> 0 | S35: =S7-S17 -> 0 | T35: =T7-T17 -> 0 | U35: =U7-U17 -> 0 | ... W35: =W7-W17 -> 0 | Y35: =Y7-Y17 -> 0 | Z35: =Z7-Z17 -> 0 | AA35: =AA7-AA17 -> 0 | AB35: =AB7-AB17 -> 0 | AC35: =AC7-AC17 -> 0 | AD35: =AD7-AD17 -> 0 | AE35: =AE7-AE17 -> 0 | AF35: =AF7-AF17 -> 0 | ... AH35: =AH7-AH17 -> 0
A36: PT1- | B36: =B8-B18 -> 0 | C36: =C8-C18 -> 0 | D36: =D8-D18 -> 0 | E36: =E8-E18 -> 0 | F36: =F8-F18 -> 0 | G36: QE1- | H36: =H8-H18 -> 0.922 | I36: =I8-I18 -> 0.9 | J36: =J8-J18 -> 0.9 | K36: =K8-K18 -> 1.01 | L36: =L8-L18 -> 0.92 | M36: PT2- | N36: =N8-N18 -> 0 | O36: =O8-O18 -> 0 | P36: =P8-P18 -> 0 | Q36: =Q8-Q18 -> 0 | R36: =R8-R18 -> 0 | S36: =S8-S18 -> 0 | T36: =T8-T18 -> 0 | U36: =U8-U18 -> 0 | ... W36: =W8-W18 -> 0 | X36: QE2- | Y36: =Y8-Y18 -> 0 | Z36: =Z8-Z18 -> 0 | AA36: =AA8-AA18 -> 0 | AB36: =AB8-AB18 -> 0 | AC36: =AC8-AC18 -> 0 | AD36: =AD8-AD18 -> 0 | AE36: =AE8-AE18 -> 0 | AF36: =AF8-AF18 -> 0 | ... AH36: =AH8-AH18 -> 0 | AK36: =B36 -> 0 | AL36: =B37 -> 0 | AM36: =B38 -> 0 | AN36: =B39 -> 0 | AO36: =B40 -> 0 | AP36: =C36 -> 0 | AQ36: =C37 -> 0 | AR36: =C38 -> 0 | AS36: =C39 -> 0 | AT36: =C40 -> 0 | AU36: =D36 -> 0 | AV36: =D37 -> 0 | AW36: =D38 -> 0 | AX36: =D39 -> 0 | AY36: =D40 -> 0 | AZ36: =E36 -> 0 | BA36: =E37 -> 0 | BB36: =E38 -> 0 | BC36: =E39 -> 0 | BD36: =E40 -> 0 | BE36: =F36 -> 0 | BF36: =F37 -> 0 | BG36: =F38 -> 0 | BH36: =F39 -> 0 | BI36: =F40 -> 0
B37: =B9-B19 -> 0 | C37: =C9-C19 -> 0 | D37: =D9-D19 -> 0 | E37: =E9-E19 -> 0 | F37: =F9-F19 -> 0 | H37: =H9-H19 -> 0.9 | I37: =I9-I19 -> 0.88 | J37: =J9-J19 -> 0.9 | K37: =K9-K19 -> 0.94 | L37: =L9-L19 -> 0.9 | N37: =N9-N19 -> 0 | O37: =O9-O19 -> 0 | P37: =P9-P19 -> 0 | Q37: =Q9-Q19 -> 0 | R37: =R9-R19 -> 0 | S37: =S9-S19 -> 0 | T37: =T9-T19 -> 0 | U37: =U9-U19 -> 0 | ... W37: =W9-W19 -> 0 | Y37: =Y9-Y19 -> 0 | Z37: =Z9-Z19 -> 0 | AA37: =AA9-AA19 -> 0 | AB37: =AB9-AB19 -> 0 | AC37: =AC9-AC19 -> 0 | AD37: =AD9-AD19 -> 0 | AE37: =AE9-AE19 -> 0 | AF37: =AF9-AF19 -> 0 | ... AH37: =AH9-AH19 -> 0
B38: =B10-B20 -> 0 | C38: =C10-C20 -> 0 | D38: =D10-D20 -> 0 | E38: =E10-E20 -> 0 | F38: =F10-F20 -> 0 | H38: =H10-H20 -> 0.89 | I38: =I10-I20 -> 0.9 | J38: =J10-J20 -> 0.94 | K38: =K10-K20 -> 0.95 | L38: =L10-L20 -> 0.93 | N38: =N10-N20 -> 0 | O38: =O10-O20 -> 0 | P38: =P10-P20 -> 0 | Q38: =Q10-Q20 -> 0 | R38: =R10-R20 -> 0 | S38: =S10-S20 -> 0 | T38: =T10-T20 -> 0 | U38: =U10-U20 -> 0 | ... W38: =W10-W20 -> 0 | Y38: =Y10-Y20 -> 0 | Z38: =Z10-Z20 -> 0 | AA38: =AA10-AA20 -> 0 | AB38: =AB10-AB20 -> 0 | AC38: =AC10-AC20 -> 0 | AD38: =AD10-AD20 -> 0 | AE38: =AE10-AE20 -> 0 | AF38: =AF10-AF20 -> 0 | ... AH38: =AH10-AH20 -> 0 | AJ38: QE | AK38: =H31 -> 1.15 | AL38: =H32 -> 1.14 | AM38: =H33 -> 1.06 | AN38: =H34 -> 1.05 | AO38: =H35 -> 1.14 | AP38: =I31 -> 1.18 | AQ38: =I32 -> 1.13 | AR38: =I33 -> 1.16 | AS38: =I34 -> 1.1 | AT38: =I35 -> 1.08 | AU38: =J31 -> 1.18 | AV38: =J32 -> 1.16 | AW38: =J33 -> 1.26 | AX38: =J34 -> 1.15 | AY38: =J35 -> 1.16 | AZ38: =K31 -> 1.11 | BA38: =K32 -> 1.21 | BB38: =K33 -> 1.14 | BC38: =K34 -> 1.15 | BD38: =K35 -> 1.15 | BE38: =L31 -> 1.13 | BF38: =L32 -> 1.18 | BG38: =L33 -> 1.14 | BH38: =L34 -> 1.16 | BI38: =L35 -> 1.17
B39: =B11-B21 -> 0 | C39: =C11-C21 -> 0 | D39: =D11-D21 -> 0 | E39: =E11-E21 -> 0 | F39: =F11-F21 -> 0 | H39: =H11-H21 -> 0.94 | I39: =I11-I21 -> 0.94 | J39: =J11-J21 -> 0.94 | K39: =K11-K21 -> 0.95 | L39: =L11-L21 -> 0.96 | N39: =N11-N21 -> 0 | O39: =O11-O21 -> 0 | P39: =P11-P21 -> 0 | Q39: =Q11-Q21 -> 0 | R39: =R11-R21 -> 0 | S39: =S11-S21 -> 0 | T39: =T11-T21 -> 0 | U39: =U11-U21 -> 0 | ... W39: =W11-W21 -> 0 | Y39: =Y11-Y21 -> 0 | Z39: =Z11-Z21 -> 0 | AA39: =AA11-AA21 -> 0 | AB39: =AB11-AB21 -> 0 | AC39: =AC11-AC21 -> 0 | AD39: =AD11-AD21 -> 0 | AE39: =AE11-AE21 -> 0 | AF39: =AF11-AF21 -> 0 | ... AH39: =AH11-AH21 -> 0
B40: =B12-B22 -> 0 | C40: =C12-C22 -> 0 | D40: =D12-D22 -> 0 | E40: =E12-E22 -> 0 | F40: =F12-F22 -> 0 | H40: =H12-H22 -> 0.94 | I40: =I12-I22 -> 0.87 | J40: =J12-J22 -> 0.99 | K40: =K12-K22 -> 0.9 | L40: =L12-L22 -> 1.02 | N40: =N12-N22 -> 0 | O40: =O12-O22 -> 0 | P40: =P12-P22 -> 0 | Q40: =Q12-Q22 -> 0 | R40: =R12-R22 -> 0 | S40: =S12-S22 -> 0 | T40: =T12-T22 -> 0 | U40: =U12-U22 -> 0 | ... W40: =W12-W22 -> 0 | Y40: =Y12-Y22 -> 0 | Z40: =Z12-Z22 -> 0 | AA40: =AA12-AA22 -> 0 | AB40: =AB12-AB22 -> 0 | AC40: =AC12-AC22 -> 0 | AD40: =AD12-AD22 -> 0 | AE40: =AE12-AE22 -> 0 | AF40: =AF12-AF22 -> 0 | ... AH40: =AH12-AH22 -> 0
A41: A side- EA | B41: =AVERAGE(B31:F35) -> 0 | C41: R | D41: =MAX(B31:F35)-MIN(B31:F35) -> 0 | E41: ER | F41: =B41/(0.975/E26) -> 0 | G41: A side- EA | H41: =AVERAGE(H31:L35) -> 1.1456 | I41: R | J41: =MAX(H31:L35)-MIN(H31:L35) -> 0.21 | K41: ER | L41: =H41/(1.944/K26) -> 0.82502058 | M41: A side- EA | N41: =AVERAGE(N31:W35) -> 0 | O41: R | P41: =MAX(N31:W35)-MIN(N31:W35) -> 0 | Q41: ER | R41: =N41/(0.975/Q26) -> 0 | S41: % | T41: =1-(P41/2*N41) -> 1 | U41: T-R | V41: =MAX(N31:W40)-MIN(N31:W40) -> 0 | X41: A side- EA | Y41: =AVERAGE(Y31:AH35) -> 0 | Z41: R | AA41: =MAX(Y31:AH35)-MIN(Y31:AH35) -> 0 | AB41: ER | AC41: =Y41/(3.13/AB26) -> 0 | AD41: % | AE41: =1-(AA41/2*Y41) -> 1 | AF41: T-R | AG41: =MAX(Y31:AH40)-MIN(Y31:AH40) -> 0
A42: B side- EA | B42: =AVERAGE(B37:F40) -> 0 | C42: R | D42: =MAX(B36:F40)-MIN(B36:F40) -> 0 | E42: ER | F42: =B42/(0.975/E26) -> 0 | G42: B side- EA | H42: =AVERAGE(H37:L40) -> 0.929 | I42: R | J42: =MAX(H36:L40)-MIN(H36:L40) -> 0.15 | K42: ER | L42: =H42/(1.944/K26) -> 0.66903292 | M42: B side- EA | N42: =AVERAGE(N37:W40) -> 0 | O42: R | P42: =MAX(N36:W40)-MIN(N36:W40) -> 0 | Q42: ER | R42: =N42/(0.975/Q26) -> 0 | S42: % | T42: =1-(P42/2*N42) -> 1 | U42: T-% | V42: =1-(V41/2*AVERAGE(N41:N42)) -> 1 | X42: B side- EA | Y42: =AVERAGE(Y37:AH40) -> 0 | Z42: R | AA42: =MAX(Y36:AH40)-MIN(Y36:AH40) -> 0 | AB42: ER | AC42: =Y42/(3.13/AB26) -> 0 | AD42: % | AE42: =1-(AA42/2*Y42) -> 1 | AF42: T-% | AG42: =1-(AG41/2*AVERAGE(Y41:Y42)) -> 1
AK43: =H36 -> 0.922 | AL43: =H37 -> 0.9 | AM43: =H38 -> 0.89 | AN43: =H39 -> 0.94 | AO43: =H40 -> 0.94 | AP43: =I36 -> 0.9 | AQ43: =I37 -> 0.88 | AR43: =I38 -> 0.9 | AS43: =I39 -> 0.94 | AT43: =I40 -> 0.87 | AU43: =J36 -> 0.9 | AV43: =J37 -> 0.9 | AW43: =J38 -> 0.94 | AX43: =J39 -> 0.94 | AY43: =J40 -> 0.99 | AZ43: =K36 -> 1.01 | BA43: =K37 -> 0.94 | BB43: =K38 -> 0.95 | BC43: =K39 -> 0.95 | BD43: =K40 -> 0.9 | BE43: =L36 -> 0.92 | BF43: =L37 -> 0.9 | BG43: =L38 -> 0.93 | BH43: =L39 -> 0.96 | BI43: =L40 -> 1.02

Sheet 0505.
A1: PT-01 | G1: QE-01 | M1: PT-02 | X1: QE-02
A2: OP | B2: 1 | C2: 2 | D2: 3 | E2: 4 | F2: 5 | G2: OP | H2: 1 | I2: 2 | J2: 3 | K2: 4 | L2: 5 | M2: OP | N2: 1 | O2: 2 | P2: 3 | Q2: 4 | R2: 5 | S2: 6 | T2: 7 | U2: 8 | V2: 9 | W2: 10 | X2: OP | Y2: 1 | Z2: 2 | AA2: 3 | AB2: 4 | AC2: 5 | AD2: 6 | AE2: 7 | AF2: 8 | AG2: 9 | AH2: 10
A3: N2522+ | B3: 3.23 | C3: 3.25 | D3: 3.12 | E3: 2.89 | F3: 2.89 | G3: N2522+ | H3: 3.14 | I3: 3.23 | J3: 3.18 | K3: 2.86 | L3: 2.83 | M3: N2522+ | X3: N2522+
B4: 3.19 | C4: 3.24 | D4: 3.13 | E4: 2.9 | F4: 2.89 | H4: 3.19 | I4: 3.22 | J4: 3.14 | K4: 2.9 | L4: 2.8
B5: 3.21 | C5: 3.19 | D5: 3.12 | E5: 2.92 | F5: 2.8 | H5: 3.16 | I5: 3.23 | J5: 3.18 | K5: 2.87 | L5: 2.87
B6: 3.13 | C6: 3.22 | D6: 3.21 | E6: 2.94 | F6: 2.93 | H6: 3.21 | I6: 3.17 | J6: 2.99 | K6: 2.94 | L6: 2.93
B7: 3.17 | C7: 3.19 | D7: 3.21 | E7: 2.97 | F7: 2.88 | H7: 3.13 | I7: 3.2 | J7: 3.14 | K7: 2.96 | L7: 2.95
A8: N2522- | B8: 3.05 | C8: 3.17 | D8: 3.19 | E8: 2.94 | F8: 2.77 | G8: N2522- | H8: 3.13 | I8: 3.24 | J8: 3.15 | K8: 2.94 | L8: 2.84 | M8: N2522- | X8: N2522-
B9: 3.16 | C9: 3.14 | D9: 3.19 | E9: 2.86 | F9: 2.78 | H9: 3.18 | I9: 3.21 | J9: 3.13 | K9: 2.94 | L9: 2.85
B10: 3.12 | C10: 3.24 | D10: 3.21 | E10: 2.97 | F10: 2.85 | H10: 3.11 | I10: 3.19 | J10: 3.12 | K10: 2.95 | L10: 2.83
B11: 3.1 | C11: 3.21 | D11: 3.19 | E11: 2.95 | F11: 2.81 | H11: 3.18 | I11: 3.23 | J11: 3.22 | K11: 2.93 | L11: 2.81
B12: 3.16 | C12: 3.2 | D12: 3.14 | E12: 2.86 | F12: 2.81 | H12: 3.16 | I12: 3.13 | J12: 3.22 | K12: 2.93 | L12: 2.8
A13: PT1+ | G13: QE1+ | H13: 2.1 | I13: 2.17 | J13: 2.11 | K13: 1.81 | L13: 1.75 | M13: PT2+ | X13: QE2+
H14: 2.13 | I14: 2.16 | J14: 2.06 | K14: 1.84 | L14: 1.79
H15: 2.15 | I15: 2.13 | J15: 2.05 | K15: 1.83 | L15: 1.8
H16: 2.18 | I16: 2.14 | J16: 1.98 | K16: 1.83 | L16: 1.8
H17: 2.14 | I17: 2.18 | J17: 2.03 | K17: 1.81 | L17: 1.82
A18: PT1- | G18: Q1E- | H18: 2.3 | I18: 2.37 | J18: 2.34 | K18: 2.1 | L18: 1.98 | M18: PT2- | X18: QE2-
H19: 2.28 | I19: 2.35 | J19: 2.29 | K19: 2.09 | L19: 1.96
H20: 2.32 | I20: 2.34 | J20: 2.33 | K20: 2.1 | L20: 1.98
H21: 2.32 | I21: 2.4 | J21: 2.32 | K21: 2.11 | L21: 1.92
H22: 2.29 | I22: 2.37 | J22: 2.37 | K22: 2.06 | L22: 1.93
A24: 項次 | B24: 單位 | C24: 規格 | E24: 數值 | G24: 項次 | H24: 單位 | I24: 規格 | K24: 數值 | M24: 項次 | N24: 單位 | O24: 規格 | Q24: 數值 | X24: 項次 | Y24: 單位 | Z24: 規格 | AB24: 數值
A25: 咬蝕量 | B25: um | C25: 0.3±0.1 | E25: =AVERAGE(B3:F12)-AVERAGE(B13:F22) -> #DIV/0! | G25: 咬蝕量 | H25: um | I25: 0.84±0.07 | K25: =AVERAGE(H3:L12)-AVERAGE(H13:L22) -> 0.9566 | M25: 咬蝕量 | N25: um | O25: 0.3±0.1 | Q25: =AVERAGE(N3:W12)-AVERAGE(N13:W22) -> #DIV/0! | X25: 咬蝕量 | Y25: um | Z25: 0.84±0.07 | AB25: =AVERAGE(Y3:AH12)-AVERAGE(Y13:AH22) -> #DIV/0!
A26: 線速 | B26: M/min | C26: ="--" -> -- | E26: 1.7 | G26: 線速 | H26: M/min | I26: ="--" -> -- | K26: 1.4 | M26: 線速 | N26: M/min | O26: ="--" -> -- | Q26: 1.5 | X26: 線速 | Y26: M/min | Z26: ="--" -> -- | AB26: 1.5
A27: 咬蝕速率 | B27: um/min | C27: 0.55±0.17 | E27: =(E25/(0.975/E26)) -> #DIV/0! | G27: 咬蝕速率 | H27: um/min | I27: 0.75±0.07 | K27: =(K25/(1.944/K26)) -> 0.68890947 | M27: 咬蝕速率 | N27: um/min | O27: 0.55±0.17 | Q27: =(Q25/(0.975/Q26)) -> #DIV/0! | X27: 咬蝕速率 | Y27: um/min | Z27: 0.75±0.07 | AB27: =(AB25/(3.13/AB26)) -> #DIV/0!
A28: 量測日期 | C28: =TODAY() -> 46156
A29: PT-01 | G29: QE-01 | M29: PT-02 | X29: QE-02
A30: 咬蝕量 | G30: 咬蝕量 | M30: 咬蝕量 | X30: 咬蝕量
A31: PT1+ | B31: =B3-B13 -> 3.23 | C31: =C3-C13 -> 3.25 | D31: =D3-D13 -> 3.12 | E31: =E3-E13 -> 2.89 | F31: =F3-F13 -> 2.89 | G31: QE1+ | H31: =H3-H13 -> 1.04 | I31: =I3-I13 -> 1.06 | J31: =J3-J13 -> 1.07 | K31: =K3-K13 -> 1.05 | L31: =L3-L13 -> 1.08 | M31: PT2+ | N31: =N3-N13 -> 0 | O31: =O3-O13 -> 0 | P31: =P3-P13 -> 0 | Q31: =Q3-Q13 -> 0 | R31: =R3-R13 -> 0 | S31: =S3-S13 -> 0 | T31: =T3-T13 -> 0 | U31: =U3-U13 -> 0 | ... W31: =W3-W13 -> 0 | X31: QE2+ | Y31: =Y3-Y13 -> 0 | Z31: =Z3-Z13 -> 0 | AA31: =AA3-AA13 -> 0 | AB31: =AB3-AB13 -> 0 | AC31: =AC3-AC13 -> 0 | AD31: =AD3-AD13 -> 0 | AE31: =AE3-AE13 -> 0 | AF31: =AF3-AF13 -> 0 | ... AH31: =AH3-AH13 -> 0 | AJ31: PT
B32: =B4-B14 -> 3.19 | C32: =C4-C14 -> 3.24 | D32: =D4-D14 -> 3.13 | E32: =E4-E14 -> 2.9 | F32: =F4-F14 -> 2.89 | H32: =H4-H14 -> 1.06 | I32: =I4-I14 -> 1.06 | J32: =J4-J14 -> 1.08 | K32: =K4-K14 -> 1.06 | L32: =L4-L14 -> 1.01 | N32: =N4-N14 -> 0 | O32: =O4-O14 -> 0 | P32: =P4-P14 -> 0 | Q32: =Q4-Q14 -> 0 | R32: =R4-R14 -> 0 | S32: =S4-S14 -> 0 | T32: =T4-T14 -> 0 | U32: =U4-U14 -> 0 | ... W32: =W4-W14 -> 0 | Y32: =Y4-Y14 -> 0 | Z32: =Z4-Z14 -> 0 | AA32: =AA4-AA14 -> 0 | AB32: =AB4-AB14 -> 0 | AC32: =AC4-AC14 -> 0 | AD32: =AD4-AD14 -> 0 | AE32: =AE4-AE14 -> 0 | AF32: =AF4-AF14 -> 0 | ... AH32: =AH4-AH14 -> 0
B33: =B5-B15 -> 3.21 | C33: =C5-C15 -> 3.19 | D33: =D5-D15 -> 3.12 | E33: =E5-E15 -> 2.92 | F33: =F5-F15 -> 2.8 | H33: =H5-H15 -> 1.01 | I33: =I5-I15 -> 1.1 | J33: =J5-J15 -> 1.13 | K33: =K5-K15 -> 1.04 | L33: =L5-L15 -> 1.07 | N33: =N5-N15 -> 0 | O33: =O5-O15 -> 0 | P33: =P5-P15 -> 0 | Q33: =Q5-Q15 -> 0 | R33: =R5-R15 -> 0 | S33: =S5-S15 -> 0 | T33: =T5-T15 -> 0 | U33: =U5-U15 -> 0 | ... W33: =W5-W15 -> 0 | Y33: =Y5-Y15 -> 0 | Z33: =Z5-Z15 -> 0 | AA33: =AA5-AA15 -> 0 | AB33: =AB5-AB15 -> 0 | AC33: =AC5-AC15 -> 0 | AD33: =AD5-AD15 -> 0 | AE33: =AE5-AE15 -> 0 | AF33: =AF5-AF15 -> 0 | ... AH33: =AH5-AH15 -> 0
B34: =B6-B16 -> 3.13 | C34: =C6-C16 -> 3.22 | D34: =D6-D16 -> 3.21 | E34: =E6-E16 -> 2.94 | F34: =F6-F16 -> 2.93 | H34: =H6-H16 -> 1.03 | I34: =I6-I16 -> 1.03 | J34: =J6-J16 -> 1.01 | K34: =K6-K16 -> 1.11 | L34: =L6-L16 -> 1.13 | N34: =N6-N16 -> 0 | O34: =O6-O16 -> 0 | P34: =P6-P16 -> 0 | Q34: =Q6-Q16 -> 0 | R34: =R6-R16 -> 0 | S34: =S6-S16 -> 0 | T34: =T6-T16 -> 0 | U34: =U6-U16 -> 0 | ... W34: =W6-W16 -> 0 | Y34: =Y6-Y16 -> 0 | Z34: =Z6-Z16 -> 0 | AA34: =AA6-AA16 -> 0 | AB34: =AB6-AB16 -> 0 | AC34: =AC6-AC16 -> 0 | AD34: =AD6-AD16 -> 0 | AE34: =AE6-AE16 -> 0 | AF34: =AF6-AF16 -> 0 | ... AH34: =AH6-AH16 -> 0
B35: =B7-B17 -> 3.17 | C35: =C7-C17 -> 3.19 | D35: =D7-D17 -> 3.21 | E35: =E7-E17 -> 2.97 | F35: =F7-F17 -> 2.88 | H35: =H7-H17 -> 0.99 | I35: =I7-I17 -> 1.02 | J35: =J7-J17 -> 1.11 | K35: =K7-K17 -> 1.15 | L35: =L7-L17 -> 1.13 | N35: =N7-N17 -> 0 | O35: =O7-O17 -> 0 | P35: =P7-P17 -> 0 | Q35: =Q7-Q17 -> 0 | R35: =R7-R17 -> 0 | S35: =S7-S17 -> 0 | T35: =T7-T17 -> 0 | U35: =U7-U17 -> 0 | ... W35: =W7-W17 -> 0 | Y35: =Y7-Y17 -> 0 | Z35: =Z7-Z17 -> 0 | AA35: =AA7-AA17 -> 0 | AB35: =AB7-AB17 -> 0 | AC35: =AC7-AC17 -> 0 | AD35: =AD7-AD17 -> 0 | AE35: =AE7-AE17 -> 0 | AF35: =AF7-AF17 -> 0 | ... AH35: =AH7-AH17 -> 0
A36: PT1- | B36: =B8-B18 -> 3.05 | C36: =C8-C18 -> 3.17 | D36: =D8-D18 -> 3.19 | E36: =E8-E18 -> 2.94 | F36: =F8-F18 -> 2.77 | G36: QE1- | H36: =H8-H18 -> 0.83 | I36: =I8-I18 -> 0.87 | J36: =J8-J18 -> 0.81 | K36: =K8-K18 -> 0.84 | L36: =L8-L18 -> 0.86 | M36: PT2- | N36: =N8-N18 -> 0 | O36: =O8-O18 -> 0 | P36: =P8-P18 -> 0 | Q36: =Q8-Q18 -> 0 | R36: =R8-R18 -> 0 | S36: =S8-S18 -> 0 | T36: =T8-T18 -> 0 | U36: =U8-U18 -> 0 | ... W36: =W8-W18 -> 0 | X36: QE2- | Y36: =Y8-Y18 -> 0 | Z36: =Z8-Z18 -> 0 | AA36: =AA8-AA18 -> 0 | AB36: =AB8-AB18 -> 0 | AC36: =AC8-AC18 -> 0 | AD36: =AD8-AD18 -> 0 | AE36: =AE8-AE18 -> 0 | AF36: =AF8-AF18 -> 0 | ... AH36: =AH8-AH18 -> 0
B37: =B9-B19 -> 3.16 | C37: =C9-C19 -> 3.14 | D37: =D9-D19 -> 3.19 | E37: =E9-E19 -> 2.86 | F37: =F9-F19 -> 2.78 | H37: =H9-H19 -> 0.9 | I37: =I9-I19 -> 0.86 | J37: =J9-J19 -> 0.84 | K37: =K9-K19 -> 0.85 | L37: =L9-L19 -> 0.89 | N37: =N9-N19 -> 0 | O37: =O9-O19 -> 0 | P37: =P9-P19 -> 0 | Q37: =Q9-Q19 -> 0 | R37: =R9-R19 -> 0 | S37: =S9-S19 -> 0 | T37: =T9-T19 -> 0 | U37: =U9-U19 -> 0 | ... W37: =W9-W19 -> 0 | Y37: =Y9-Y19 -> 0 | Z37: =Z9-Z19 -> 0 | AA37: =AA9-AA19 -> 0 | AB37: =AB9-AB19 -> 0 | AC37: =AC9-AC19 -> 0 | AD37: =AD9-AD19 -> 0 | AE37: =AE9-AE19 -> 0 | AF37: =AF9-AF19 -> 0 | ... AH37: =AH9-AH19 -> 0
B38: =B10-B20 -> 3.12 | C38: =C10-C20 -> 3.24 | D38: =D10-D20 -> 3.21 | E38: =E10-E20 -> 2.97 | F38: =F10-F20 -> 2.85 | H38: =H10-H20 -> 0.79 | I38: =I10-I20 -> 0.85 | J38: =J10-J20 -> 0.79 | K38: =K10-K20 -> 0.85 | L38: =L10-L20 -> 0.85 | N38: =N10-N20 -> 0 | O38: =O10-O20 -> 0 | P38: =P10-P20 -> 0 | Q38: =Q10-Q20 -> 0 | R38: =R10-R20 -> 0 | S38: =S10-S20 -> 0 | T38: =T10-T20 -> 0 | U38: =U10-U20 -> 0 | ... W38: =W10-W20 -> 0 | Y38: =Y10-Y20 -> 0 | Z38: =Z10-Z20 -> 0 | AA38: =AA10-AA20 -> 0 | AB38: =AB10-AB20 -> 0 | AC38: =AC10-AC20 -> 0 | AD38: =AD10-AD20 -> 0 | AE38: =AE10-AE20 -> 0 | AF38: =AF10-AF20 -> 0 | ... AH38: =AH10-AH20 -> 0 | AJ38: QE | AK38: =H31 -> 1.04 | AL38: =H32 -> 1.06 | AM38: =H33 -> 1.01 | AN38: =H34 -> 1.03 | AO38: =H35 -> 0.99 | AP38: =I31 -> 1.06 | AQ38: =I32 -> 1.06 | AR38: =I33 -> 1.1 | AS38: =I34 -> 1.03 | AT38: =I35 -> 1.02 | AU38: =J31 -> 1.07 | AV38: =J32 -> 1.08 | AW38: =J33 -> 1.13 | AX38: =J34 -> 1.01 | AY38: =J35 -> 1.11 | AZ38: =K31 -> 1.05 | BA38: =K32 -> 1.06 | BB38: =K33 -> 1.04 | BC38: =K34 -> 1.11 | BD38: =K35 -> 1.15 | BE38: =L31 -> 1.08 | BF38: =L32 -> 1.01 | BG38: =L33 -> 1.07 | BH38: =L34 -> 1.13 | BI38: =L35 -> 1.13
B39: =B11-B21 -> 3.1 | C39: =C11-C21 -> 3.21 | D39: =D11-D21 -> 3.19 | E39: =E11-E21 -> 2.95 | F39: =F11-F21 -> 2.81 | H39: =H11-H21 -> 0.86 | I39: =I11-I21 -> 0.83 | J39: =J11-J21 -> 0.9 | K39: =K11-K21 -> 0.82 | L39: =L11-L21 -> 0.89 | N39: =N11-N21 -> 0 | O39: =O11-O21 -> 0 | P39: =P11-P21 -> 0 | Q39: =Q11-Q21 -> 0 | R39: =R11-R21 -> 0 | S39: =S11-S21 -> 0 | T39: =T11-T21 -> 0 | U39: =U11-U21 -> 0 | ... W39: =W11-W21 -> 0 | Y39: =Y11-Y21 -> 0 | Z39: =Z11-Z21 -> 0 | AA39: =AA11-AA21 -> 0 | AB39: =AB11-AB21 -> 0 | AC39: =AC11-AC21 -> 0 | AD39: =AD11-AD21 -> 0 | AE39: =AE11-AE21 -> 0 | AF39: =AF11-AF21 -> 0 | ... AH39: =AH11-AH21 -> 0
B40: =B12-B22 -> 3.16 | C40: =C12-C22 -> 3.2 | D40: =D12-D22 -> 3.14 | E40: =E12-E22 -> 2.86 | F40: =F12-F22 -> 2.81 | H40: =H12-H22 -> 0.87 | I40: =I12-I22 -> 0.76 | J40: =J12-J22 -> 0.85 | K40: =K12-K22 -> 0.87 | L40: =L12-L22 -> 0.87 | N40: =N12-N22 -> 0 | O40: =O12-O22 -> 0 | P40: =P12-P22 -> 0 | Q40: =Q12-Q22 -> 0 | R40: =R12-R22 -> 0 | S40: =S12-S22 -> 0 | T40: =T12-T22 -> 0 | U40: =U12-U22 -> 0 | ... W40: =W12-W22 -> 0 | Y40: =Y12-Y22 -> 0 | Z40: =Z12-Z22 -> 0 | AA40: =AA12-AA22 -> 0 | AB40: =AB12-AB22 -> 0 | AC40: =AC12-AC22 -> 0 | AD40: =AD12-AD22 -> 0 | AE40: =AE12-AE22 -> 0 | AF40: =AF12-AF22 -> 0 | ... AH40: =AH12-AH22 -> 0
A41: A side- EA | B41: =AVERAGE(B31:F35) -> 3.0728 | C41: R | D41: =MAX(B31:F35)-MIN(B31:F35) -> 0.45 | E41: ER | F41: =B41/(0.975/E26) -> 5.3577026 | G41: A side- EA | H41: =AVERAGE(H31:L35) -> 1.0652 | I41: R | J41: =MAX(H31:L35)-MIN(H31:L35) -> 0.16 | K41: ER | L41: =H41/(1.944/K26) -> 0.76711934 | M41: A side- EA | N41: =AVERAGE(N31:W35) -> 0 | O41: R | P41: =MAX(N31:W35)-MIN(N31:W35) -> 0 | Q41: ER | R41: =N41/(0.975/Q26) -> 0 | S41: % | T41: =1-(P41/2*N41) -> 1 | U41: T-R | V41: =MAX(N31:W40)-MIN(N31:W40) -> 0 | X41: A side- EA | Y41: =AVERAGE(Y31:AH35) -> 0 | Z41: R | AA41: =MAX(Y31:AH35)-MIN(Y31:AH35) -> 0 | AB41: ER | AC41: =Y41/(3.13/AB26) -> 0 | AD41: % | AE41: =1-(AA41/2*Y41) -> 1 | AF41: T-R | AG41: =MAX(Y31:AH40)-MIN(Y31:AH40) -> 0
A42: B side- EA | B42: =AVERAGE(B37:F40) -> 3.0475 | C42: R | D42: =MAX(B36:F40)-MIN(B36:F40) -> 0.47 | E42: ER | F42: =B42/(0.975/E26) -> 5.3135897 | G42: B side- EA | H42: =AVERAGE(H37:L40) -> 0.8495 | I42: R | J42: =MAX(H36:L40)-MIN(H36:L40) -> 0.14 | K42: ER | L42: =H42/(1.944/K26) -> 0.61177984 | M42: B side- EA | N42: =AVERAGE(N37:W40) -> 0 | O42: R | P42: =MAX(N36:W40)-MIN(N36:W40) -> 0 | Q42: ER | R42: =N42/(0.975/Q26) -> 0 | S42: % | T42: =1-(P42/2*N42) -> 1 | U42: T-% | V42: =1-(V41/2*AVERAGE(N41:N42)) -> 1 | X42: B side- EA | Y42: =AVERAGE(Y37:AH40) -> 0 | Z42: R | AA42: =MAX(Y36:AH40)-MIN(Y36:AH40) -> 0 | AB42: ER | AC42: =Y42/(3.13/AB26) -> 0 | AD42: % | AE42: =1-(AA42/2*Y42) -> 1 | AF42: T-% | AG42: =1-(AG41/2*AVERAGE(Y41:Y42)) -> 1
AK43: =H36 -> 0.83 | AL43: =H37 -> 0.9 | AM43: =H38 -> 0.79 | AN43: =H39 -> 0.86 | AO43: =H40 -> 0.87 | AP43: =I36 -> 0.87 | AQ43: =I37 -> 0.86 | AR43: =I38 -> 0.85 | AS43: =I39 -> 0.83 | AT43: =I40 -> 0.76 | AU43: =J36 -> 0.81 | AV43: =J37 -> 0.84 | AW43: =J38 -> 0.79 | AX43: =J39 -> 0.9 | AY43: =J40 -> 0.85 | AZ43: =K36 -> 0.84 | BA43: =K37 -> 0.85 | BB43: =K38 -> 0.85 | BC43: =K39 -> 0.82 | BD43: =K40 -> 0.87 | BE43: =L36 -> 0.86 | BF43: =L37 -> 0.89 | BG43: =L38 -> 0.85 | BH43: =L39 -> 0.89 | BI43: =L40 -> 0.87

Sheet 0504.
A1: PT-01 | G1: QE-01 | M1: PT-02 | X1: QE-02
A2: OP | B2: 1 | C2: 2 | D2: 3 | E2: 4 | F2: 5 | G2: OP | H2: 1 | I2: 2 | J2: 3 | K2: 4 | L2: 5 | M2: OP | N2: 1 | O2: 2 | P2: 3 | Q2: 4 | R2: 5 | S2: 6 | T2: 7 | U2: 8 | V2: 9 | W2: 10 | X2: OP | Y2: 1 | Z2: 2 | AA2: 3 | AB2: 4 | AC2: 5 | AD2: 6 | AE2: 7 | AF2: 8 | AG2: 9 | AH2: 10
A3: N2522+ | B3: 3.22 | C3: 3.15 | D3: 3.08 | E3: 2.91 | F3: 2.82 | G3: N2522+ | H3: 2.83 | I3: 3 | J3: 3.17 | K3: 3.17 | L3: 3.08 | M3: N2522+ | N3: 2.37 | O3: 2.27 | P3: 2.35 | Q3: 2.4 | R3: 2.36 | S3: 2.35 | T3: 2.36 | U3: 2.35 | V3: 2.34 | W3: 2.2 | X3: N2522+
B4: 3.13 | C4: 3.12 | D4: 3.06 | E4: 2.98 | F4: 2.83 | H4: 2.89 | I4: 3 | J4: 3.2 | K4: 3.27 | L4: 3.16 | N4: 2.38 | O4: 2.28 | P4: 2.32 | Q4: 2.39 | R4: 2.41 | S4: 2.39 | T4: 2.38 | U4: 2.33 | V4: 2.27 | W4: 2.22
B5: 3.26 | C5: 3.18 | D5: 3.21 | E5: 2.83 | F5: 2.91 | H5: 2.84 | I5: 2.95 | J5: 3.16 | K5: 3.18 | L5: 3.11 | N5: 2.37 | O5: 2.3 | P5: 2.36 | Q5: 2.36 | R5: 2.39 | S5: 2.44 | T5: 2.42 | U5: 2.38 | V5: 2.3 | W5: 2.22
B6: 3.19 | C6: 3.21 | D6: 3.11 | E6: 2.91 | F6: 2.9 | H6: 2.92 | I6: 2.96 | J6: 3.17 | K6: 3.19 | L6: 3.19 | N6: 2.33 | O6: 2.33 | P6: 2.4 | Q6: 2.35 | R6: 2.4 | S6: 2.38 | T6: 2.36 | U6: 2.35 | V6: 2.32 | W6: 2.2
B7: 3.16 | C7: 3.24 | D7: 3.11 | E7: 2.95 | F7: 2.82 | H7: 2.8 | I7: 2.96 | J7: 3.14 | K7: 3.22 | L7: 3.09 | N7: 2.37 | O7: 2.33 | P7: 2.39 | Q7: 2.34 | R7: 2.38 | S7: 2.34 | T7: 2.44 | U7: 2.34 | V7: 2.28 | W7: 2.13
A8: N2522- | B8: 3.11 | C8: 3.2 | D8: 3.25 | E8: 2.98 | F8: 2.85 | G8: N2522- | H8: 2.94 | I8: 2.94 | J8: 3.03 | K8: 3.26 | L8: 3.18 | M8: N2522- | N8: 2.27 | O8: 2.25 | P8: 2.35 | Q8: 2.32 | R8: 2.32 | S8: 2.31 | T8: 2.35 | U8: 2.41 | V8: 2.36 | W8: 2.2 | X8: N2522-
B9: 3.13 | C9: 3.21 | D9: 3.17 | E9: 2.96 | F9: 2.85 | H9: 2.83 | I9: 2.87 | J9: 3.07 | K9: 3.14 | L9: 3.24 | N9: 2.31 | O9: 2.24 | P9: 2.45 | Q9: 2.43 | R9: 2.36 | S9: 2.43 | T9: 2.44 | U9: 2.46 | V9: 2.47 | W9: 2.28
B10: 3.18 | C10: 3.17 | D10: 3.22 | E10: 2.99 | F10: 2.84 | H10: 2.82 | I10: 2.93 | J10: 3.12 | K10: 3.2 | L10: 3.23 | N10: 2.21 | O10: 2.29 | P10: 2.31 | Q10: 2.3 | R10: 2.37 | S10: 2.42 | T10: 2.4 | U10: 2.39 | V10: 2.36 | W10: 2.24
B11: 3.09 | C11: 3.15 | D11: 3.21 | E11: 3 | F11: 2.88 | H11: 2.86 | I11: 2.92 | J11: 3.04 | K11: 3.24 | L11: 3.2 | N11: 2.25 | O11: 2.28 | P11: 2.31 | Q11: 2.34 | R11: 2.38 | S11: 2.39 | T11: 2.41 | U11: 2.42 | V11: 2.41 | W11: 2.26
B12: 3.14 | C12: 3.2 | D12: 3.14 | E12: 2.9 | F12: 2.84 | H12: 2.81 | I12: 2.83 | J12: 3.18 | K12: 3.2 | L12: 3.21 | N12: 2.17 | O12: 2.26 | P12: 2.36 | Q12: 2.33 | R12: 2.34 | S12: 2.37 | T12: 2.43 | U12: 2.42 | V12: 2.43 | W12: 2.28
A13: PT1+ | B13: 2.79 | C13: 2.74 | D13: 2.7 | E13: 2.5 | F13: 2.42 | G13: QE1+ | H13: 1.76 | I13: 1.91 | J13: 2.05 | K13: 2.02 | L13: 1.99 | M13: PT2+ | N13: 2.03 | O13: 1.97 | P13: 2.02 | Q13: 2.06 | R13: 2.07 | S13: 2.07 | T13: 2.05 | U13: 2.07 | V13: 2.04 | W13: 1.92 | X13: QE2+
B14: 2.77 | C14: 2.81 | D14: 2.65 | E14: 2.5 | F14: 2.44 | H14: 1.75 | I14: 1.88 | J14: 2.03 | K14: 2.11 | L14: 2.01 | N14: 2.05 | O14: 1.97 | P14: 2.06 | Q14: 2.05 | R14: 2.04 | S14: 2.09 | T14: 2.09 | U14: 2.05 | V14: 1.99 | W14: 1.91
B15: 2.83 | C15: 2.76 | D15: 2.72 | E15: 2.5 | F15: 2.45 | H15: 1.73 | I15: 1.84 | J15: 2.03 | K15: 2.11 | L15: 2.02 | N15: 2.07 | O15: 2 | P15: 2.06 | Q15: 2.12 | R15: 2.13 | S15: 2.14 | T15: 2.09 | U15: 2.09 | V15: 2.02 | W15: 1.94
B16: 2.8 | C16: 2.79 | D16: 2.68 | E16: 2.5 | F16: 2.43 | H16: 1.78 | I16: 1.84 | J16: 2.03 | K16: 2.15 | L16: 2.02 | N16: 1.99 | O16: 2.03 | P16: 2.08 | Q16: 2.07 | R16: 2.1 | S16: 2.05 | T16: 2.08 | U16: 2.05 | V16: 2.01 | W16: 1.88
B17: 2.72 | C17: 2.76 | D17: 2.62 | E17: 2.44 | F17: 2.43 | H17: 1.75 | I17: 1.83 | J17: 1.99 | K17: 2.02 | L17: 1.99 | N17: 1.98 | O17: 2.04 | P17: 2.05 | Q17: 2.06 | R17: 2.05 | S17: 2.06 | T17: 2.07 | U17: 2.06 | V17: 1.97 | W17: 1.86
A18: PT1- | B18: 2.7 | C18: 2.78 | D18: 2.78 | E18: 2.53 | F18: 2.44 | G18: Q1E- | H18: 2.02 | I18: 2.08 | J18: 2.21 | K18: 2.34 | L18: 2.34 | M18: 1.94 | N18: 2.05 | O18: 2.04 | P18: 1.99 | Q18: 1.98 | R18: 2.02 | S18: 2.07 | T18: 2 | U18: 2.1 | V18: 1.99 | W18: 1.92 | X18: QE2-
B19: 2.68 | C19: 2.79 | D19: 2.76 | E19: 2.55 | F19: 2.43 | H19: 2.02 | I19: 2.04 | J19: 2.26 | K19: 2.32 | L19: 2.34 | N19: 1.97 | O19: 1.96 | P19: 2.09 | Q19: 2.13 | R19: 2.07 | S19: 2.1 | T19: 2.15 | U19: 2.19 | V19: 2.12 | W19: 2
B20: 2.72 | C20: 2.8 | D20: 2.76 | E20: 2.53 | F20: 2.41 | H20: 2.02 | I20: 2.04 | J20: 2.29 | K20: 2.34 | L20: 2.34 | N20: 1.93 | O20: 1.99 | P20: 2.02 | Q20: 2.04 | R20: 2.02 | S20: 2.03 | T20: 2.07 | U20: 2.05 | V20: 2.04 | W20: 1.92
B21: 2.65 | C21: 2.77 | D21: 2.76 | E21: 2.55 | F21: 2.43 | H21: 2 | I21: 2.08 | J21: 2.26 | K21: 2.38 | L21: 2.3 | N21: 1.92 | O21: 1.97 | P21: 1.98 | Q21: 2.01 | R21: 2.02 | S21: 2.05 | T21: 2.08 | U21: 2.07 | V21: 2.03 | W21: 1.96
B22: 2.74 | C22: 2.73 | D22: 2.79 | E22: 2.53 | F22: 2.42 | H22: 1.98 | I22: 2.05 | J22: 2.24 | K22: 2.38 | L22: 2.3 | N22: 1.91 | O22: 1.95 | P22: 2.02 | Q22: 2.03 | R22: 2.07 | S22: 2.06 | T22: 2.11 | U22: 2.12 | V22: 2.04 | W22: 1.92
A24: 項次 | B24: 單位 | C24: 規格 | E24: 數值 | G24: 項次 | H24: 單位 | I24: 規格 | K24: 數值 | M24: 項次 | N24: 單位 | O24: 規格 | Q24: 數值 | X24: 項次 | Y24: 單位 | Z24: 規格 | AB24: 數值
A25: 咬蝕量 | B25: um | C25: 0.3±0.1 | E25: =AVERAGE(B3:F12)-AVERAGE(B13:F22) -> 0.4234 | G25: 咬蝕量 | H25: um | I25: 0.84±0.07 | K25: =AVERAGE(H3:L12)-AVERAGE(H13:L22) -> 0.9866 | M25: 咬蝕量 | N25: um | O25: 0.3±0.1 | Q25: =AVERAGE(N3:W12)-AVERAGE(N13:W22) -> 0.3099 | X25: 咬蝕量 | Y25: um | Z25: 0.84±0.07 | AB25: =AVERAGE(Y3:AH12)-AVERAGE(Y13:AH22) -> #DIV/0!
A26: 線速 | B26: M/min | C26: ="--" -> -- | E26: 1.7 | G26: 線速 | H26: M/min | I26: ="--" -> -- | K26: 1.4 | M26: 線速 | N26: M/min | O26: ="--" -> -- | Q26: 1.5 | X26: 線速 | Y26: M/min | Z26: ="--" -> -- | AB26: 1.5
A27: 咬蝕速率 | B27: um/min | C27: 0.55±0.17 | E27: =(E25/(0.975/E26)) -> 0.7382359 | G27: 咬蝕速率 | H27: um/min | I27: 0.75±0.07 | K27: =(K25/(1.944/K26)) -> 0.7105144 | M27: 咬蝕速率 | N27: um/min | O27: 0.55±0.17 | Q27: =(Q25/(0.975/Q26)) -> 0.47676923 | X27: 咬蝕速率 | Y27: um/min | Z27: 0.75±0.07 | AB27: =(AB25/(3.13/AB26)) -> #DIV/0!
A28: 量測日期 | C28: =TODAY() -> 46156
A29: PT-01 | G29: QE-01 | M29: PT-02 | X29: QE-02
A30: 咬蝕量 | G30: 咬蝕量 | M30: 咬蝕量 | X30: 咬蝕量
A31: PT1+ | B31: =B3-B13 -> 0.43 | C31: =C3-C13 -> 0.41 | D31: =D3-D13 -> 0.38 | E31: =E3-E13 -> 0.41 | F31: =F3-F13 -> 0.4 | G31: QE1+ | H31: =H3-H13 -> 1.07 | I31: =I3-I13 -> 1.09 | J31: =J3-J13 -> 1.12 | K31: =K3-K13 -> 1.15 | L31: =L3-L13 -> 1.09 | M31: PT2+ | N31: =N3-N13 -> 0.34 | O31: =O3-O13 -> 0.3 | P31: =P3-P13 -> 0.33 | Q31: =Q3-Q13 -> 0.34 | R31: =R3-R13 -> 0.29 | S31: =S3-S13 -> 0.28 | T31: =T3-T13 -> 0.31 | U31: =U3-U13 -> 0.28 | ... W31: =W3-W13 -> 0.28 | X31: QE2+ | Y31: =Y3-Y13 -> 0 | Z31: =Z3-Z13 -> 0 | AA31: =AA3-AA13 -> 0 | AB31: =AB3-AB13 -> 0 | AC31: =AC3-AC13 -> 0 | AD31: =AD3-AD13 -> 0 | AE31: =AE3-AE13 -> 0 | AF31: =AF3-AF13 -> 0 | ... AH31: =AH3-AH13 -> 0 | AJ31: PT | AK31: =B31 -> 0.43 | AL31: =B32 -> 0.36 | AM31: =B33 -> 0.43 | AN31: =B34 -> 0.39 | AO31: =B35 -> 0.44 | AP31: =C31 -> 0.41 | AQ31: =C32 -> 0.31 | AR31: =C33 -> 0.42 | AS31: =C34 -> 0.42 | AT31: =C35 -> 0.48 | AU31: =D31 -> 0.38 | AV31: =D32 -> 0.41 | AW31: =D33 -> 0.49 | AX31: =D34 -> 0.43 | AY31: =D35 -> 0.49 | AZ31: =E31 -> 0.41 | BA31: =E32 -> 0.48 | BB31: =E33 -> 0.33 | BC31: =E34 -> 0.41 | BD31: =E35 -> 0.51 | BE31: =F31 -> 0.4 | BF31: =F32 -> 0.39 | BG31: =F33 -> 0.46 | BH31: =F34 -> 0.47 | BI31: =F35 -> 0.39
B32: =B4-B14 -> 0.36 | C32: =C4-C14 -> 0.31 | D32: =D4-D14 -> 0.41 | E32: =E4-E14 -> 0.48 | F32: =F4-F14 -> 0.39 | H32: =H4-H14 -> 1.14 | I32: =I4-I14 -> 1.12 | J32: =J4-J14 -> 1.17 | K32: =K4-K14 -> 1.16 | L32: =L4-L14 -> 1.15 | N32: =N4-N14 -> 0.33 | O32: =O4-O14 -> 0.31 | P32: =P4-P14 -> 0.26 | Q32: =Q4-Q14 -> 0.34 | R32: =R4-R14 -> 0.37 | S32: =S4-S14 -> 0.3 | T32: =T4-T14 -> 0.29 | U32: =U4-U14 -> 0.28 | ... W32: =W4-W14 -> 0.31 | Y32: =Y4-Y14 -> 0 | Z32: =Z4-Z14 -> 0 | AA32: =AA4-AA14 -> 0 | AB32: =AB4-AB14 -> 0 | AC32: =AC4-AC14 -> 0 | AD32: =AD4-AD14 -> 0 | AE32: =AE4-AE14 -> 0 | AF32: =AF4-AF14 -> 0 | ... AH32: =AH4-AH14 -> 0
B33: =B5-B15 -> 0.43 | C33: =C5-C15 -> 0.42 | D33: =D5-D15 -> 0.49 | E33: =E5-E15 -> 0.33 | F33: =F5-F15 -> 0.46 | H33: =H5-H15 -> 1.11 | I33: =I5-I15 -> 1.11 | J33: =J5-J15 -> 1.13 | K33: =K5-K15 -> 1.07 | L33: =L5-L15 -> 1.09 | N33: =N5-N15 -> 0.3 | O33: =O5-O15 -> 0.3 | P33: =P5-P15 -> 0.3 | Q33: =Q5-Q15 -> 0.24 | R33: =R5-R15 -> 0.26 | S33: =S5-S15 -> 0.3 | T33: =T5-T15 -> 0.33 | U33: =U5-U15 -> 0.29 | ... W33: =W5-W15 -> 0.28 | Y33: =Y5-Y15 -> 0 | Z33: =Z5-Z15 -> 0 | AA33: =AA5-AA15 -> 0 | AB33: =AB5-AB15 -> 0 | AC33: =AC5-AC15 -> 0 | AD33: =AD5-AD15 -> 0 | AE33: =AE5-AE15 -> 0 | AF33: =AF5-AF15 -> 0 | ... AH33: =AH5-AH15 -> 0
B34: =B6-B16 -> 0.39 | C34: =C6-C16 -> 0.42 | D34: =D6-D16 -> 0.43 | E34: =E6-E16 -> 0.41 | F34: =F6-F16 -> 0.47 | H34: =H6-H16 -> 1.14 | I34: =I6-I16 -> 1.12 | J34: =J6-J16 -> 1.14 | K34: =K6-K16 -> 1.04 | L34: =L6-L16 -> 1.17 | N34: =N6-N16 -> 0.34 | O34: =O6-O16 -> 0.3 | P34: =P6-P16 -> 0.32 | Q34: =Q6-Q16 -> 0.28 | R34: =R6-R16 -> 0.3 | S34: =S6-S16 -> 0.33 | T34: =T6-T16 -> 0.28 | U34: =U6-U16 -> 0.3 | ... W34: =W6-W16 -> 0.32 | Y34: =Y6-Y16 -> 0 | Z34: =Z6-Z16 -> 0 | AA34: =AA6-AA16 -> 0 | AB34: =AB6-AB16 -> 0 | AC34: =AC6-AC16 -> 0 | AD34: =AD6-AD16 -> 0 | AE34: =AE6-AE16 -> 0 | AF34: =AF6-AF16 -> 0 | ... AH34: =AH6-AH16 -> 0
B35: =B7-B17 -> 0.44 | C35: =C7-C17 -> 0.48 | D35: =D7-D17 -> 0.49 | E35: =E7-E17 -> 0.51 | F35: =F7-F17 -> 0.39 | H35: =H7-H17 -> 1.05 | I35: =I7-I17 -> 1.13 | J35: =J7-J17 -> 1.15 | K35: =K7-K17 -> 1.2 | L35: =L7-L17 -> 1.1 | N35: =N7-N17 -> 0.39 | O35: =O7-O17 -> 0.29 | P35: =P7-P17 -> 0.34 | Q35: =Q7-Q17 -> 0.28 | R35: =R7-R17 -> 0.33 | S35: =S7-S17 -> 0.28 | T35: =T7-T17 -> 0.37 | U35: =U7-U17 -> 0.28 | ... W35: =W7-W17 -> 0.27 | Y35: =Y7-Y17 -> 0 | Z35: =Z7-Z17 -> 0 | AA35: =AA7-AA17 -> 0 | AB35: =AB7-AB17 -> 0 | AC35: =AC7-AC17 -> 0 | AD35: =AD7-AD17 -> 0 | AE35: =AE7-AE17 -> 0 | AF35: =AF7-AF17 -> 0 | ... AH35: =AH7-AH17 -> 0
A36: PT1- | B36: =B8-B18 -> 0.41 | C36: =C8-C18 -> 0.42 | D36: =D8-D18 -> 0.47 | E36: =E8-E18 -> 0.45 | F36: =F8-F18 -> 0.41 | G36: QE1- | H36: =H8-H18 -> 0.92 | I36: =I8-I18 -> 0.86 | J36: =J8-J18 -> 0.82 | K36: =K8-K18 -> 0.92 | L36: =L8-L18 -> 0.84 | M36: PT2- | N36: =N8-N18 -> 0.22 | O36: =O8-O18 -> 0.21 | P36: =P8-P18 -> 0.36 | Q36: =Q8-Q18 -> 0.34 | R36: =R8-R18 -> 0.3 | S36: =S8-S18 -> 0.24 | T36: =T8-T18 -> 0.35 | U36: =U8-U18 -> 0.31 | ... W36: =W8-W18 -> 0.28 | X36: QE2- | Y36: =Y8-Y18 -> 0 | Z36: =Z8-Z18 -> 0 | AA36: =AA8-AA18 -> 0 | AB36: =AB8-AB18 -> 0 | AC36: =AC8-AC18 -> 0 | AD36: =AD8-AD18 -> 0 | AE36: =AE8-AE18 -> 0 | AF36: =AF8-AF18 -> 0 | ... AH36: =AH8-AH18 -> 0 | AK36: =B36 -> 0.41 | AL36: =B37 -> 0.45 | AM36: =B38 -> 0.46 | AN36: =B39 -> 0.44 | AO36: =B40 -> 0.4 | AP36: =C36 -> 0.42 | AQ36: =C37 -> 0.42 | AR36: =C38 -> 0.37 | AS36: =C39 -> 0.38 | AT36: =C40 -> 0.47 | AU36: =D36 -> 0.47 | AV36: =D37 -> 0.41 | AW36: =D38 -> 0.46 | AX36: =D39 -> 0.45 | AY36: =D40 -> 0.35 | AZ36: =E36 -> 0.45 | BA36: =E37 -> 0.41 | BB36: =E38 -> 0.46 | BC36: =E39 -> 0.45 | BD36: =E40 -> 0.37 | BE36: =F36 -> 0.41 | BF36: =F37 -> 0.42 | BG36: =F38 -> 0.43 | BH36: =F39 -> 0.45 | BI36: =F40 -> 0.42
B37: =B9-B19 -> 0.45 | C37: =C9-C19 -> 0.42 | D37: =D9-D19 -> 0.41 | E37: =E9-E19 -> 0.41 | F37: =F9-F19 -> 0.42 | H37: =H9-H19 -> 0.81 | I37: =I9-I19 -> 0.83 | J37: =J9-J19 -> 0.81 | K37: =K9-K19 -> 0.82 | L37: =L9-L19 -> 0.9 | N37: =N9-N19 -> 0.34 | O37: =O9-O19 -> 0.28 | P37: =P9-P19 -> 0.36 | Q37: =Q9-Q19 -> 0.3 | R37: =R9-R19 -> 0.29 | S37: =S9-S19 -> 0.33 | T37: =T9-T19 -> 0.29 | U37: =U9-U19 -> 0.27 | ... W37: =W9-W19 -> 0.28 | Y37: =Y9-Y19 -> 0 | Z37: =Z9-Z19 -> 0 | AA37: =AA9-AA19 -> 0 | AB37: =AB9-AB19 -> 0 | AC37: =AC9-AC19 -> 0 | AD37: =AD9-AD19 -> 0 | AE37: =AE9-AE19 -> 0 | AF37: =AF9-AF19 -> 0 | ... AH37: =AH9-AH19 -> 0
B38: =B10-B20 -> 0.46 | C38: =C10-C20 -> 0.37 | D38: =D10-D20 -> 0.46 | E38: =E10-E20 -> 0.46 | F38: =F10-F20 -> 0.43 | H38: =H10-H20 -> 0.8 | I38: =I10-I20 -> 0.89 | J38: =J10-J20 -> 0.83 | K38: =K10-K20 -> 0.86 | L38: =L10-L20 -> 0.89 | N38: =N10-N20 -> 0.28 | O38: =O10-O20 -> 0.3 | P38: =P10-P20 -> 0.29 | Q38: =Q10-Q20 -> 0.26 | R38: =R10-R20 -> 0.35 | S38: =S10-S20 -> 0.39 | T38: =T10-T20 -> 0.33 | U38: =U10-U20 -> 0.34 | ... W38: =W10-W20 -> 0.32 | Y38: =Y10-Y20 -> 0 | Z38: =Z10-Z20 -> 0 | AA38: =AA10-AA20 -> 0 | AB38: =AB10-AB20 -> 0 | AC38: =AC10-AC20 -> 0 | AD38: =AD10-AD20 -> 0 | AE38: =AE10-AE20 -> 0 | AF38: =AF10-AF20 -> 0 | ... AH38: =AH10-AH20 -> 0 | AJ38: QE | AK38: =H31 -> 1.07 | AL38: =H32 -> 1.14 | AM38: =H33 -> 1.11 | AN38: =H34 -> 1.14 | AO38: =H35 -> 1.05 | AP38: =I31 -> 1.09 | AQ38: =I32 -> 1.12 | AR38: =I33 -> 1.11 | AS38: =I34 -> 1.12 | AT38: =I35 -> 1.13 | AU38: =J31 -> 1.12 | AV38: =J32 -> 1.17 | AW38: =J33 -> 1.13 | AX38: =J34 -> 1.14 | AY38: =J35 -> 1.15 | AZ38: =K31 -> 1.15 | BA38: =K32 -> 1.16 | BB38: =K33 -> 1.07 | BC38: =K34 -> 1.04 | BD38: =K35 -> 1.2 | BE38: =L31 -> 1.09 | BF38: =L32 -> 1.15 | BG38: =L33 -> 1.09 | BH38: =L34 -> 1.17 | BI38: =L35 -> 1.1
B39: =B11-B21 -> 0.44 | C39: =C11-C21 -> 0.38 | D39: =D11-D21 -> 0.45 | E39: =E11-E21 -> 0.45 | F39: =F11-F21 -> 0.45 | H39: =H11-H21 -> 0.86 | I39: =I11-I21 -> 0.84 | J39: =J11-J21 -> 0.78 | K39: =K11-K21 -> 0.86 | L39: =L11-L21 -> 0.9 | N39: =N11-N21 -> 0.33 | O39: =O11-O21 -> 0.31 | P39: =P11-P21 -> 0.33 | Q39: =Q11-Q21 -> 0.33 | R39: =R11-R21 -> 0.36 | S39: =S11-S21 -> 0.34 | T39: =T11-T21 -> 0.33 | U39: =U11-U21 -> 0.35 | ... W39: =W11-W21 -> 0.3 | Y39: =Y11-Y21 -> 0 | Z39: =Z11-Z21 -> 0 | AA39: =AA11-AA21 -> 0 | AB39: =AB11-AB21 -> 0 | AC39: =AC11-AC21 -> 0 | AD39: =AD11-AD21 -> 0 | AE39: =AE11-AE21 -> 0 | AF39: =AF11-AF21 -> 0 | ... AH39: =AH11-AH21 -> 0
B40: =B12-B22 -> 0.4 | C40: =C12-C22 -> 0.47 | D40: =D12-D22 -> 0.35 | E40: =E12-E22 -> 0.37 | F40: =F12-F22 -> 0.42 | H40: =H12-H22 -> 0.83 | I40: =I12-I22 -> 0.78 | J40: =J12-J22 -> 0.94 | K40: =K12-K22 -> 0.82 | L40: =L12-L22 -> 0.91 | N40: =N12-N22 -> 0.26 | O40: =O12-O22 -> 0.31 | P40: =P12-P22 -> 0.34 | Q40: =Q12-Q22 -> 0.3 | R40: =R12-R22 -> 0.27 | S40: =S12-S22 -> 0.31 | T40: =T12-T22 -> 0.32 | U40: =U12-U22 -> 0.3 | ... W40: =W12-W22 -> 0.36 | Y40: =Y12-Y22 -> 0 | Z40: =Z12-Z22 -> 0 | AA40: =AA12-AA22 -> 0 | AB40: =AB12-AB22 -> 0 | AC40: =AC12-AC22 -> 0 | AD40: =AD12-AD22 -> 0 | AE40: =AE12-AE22 -> 0 | AF40: =AF12-AF22 -> 0 | ... AH40: =AH12-AH22 -> 0
A41: A side- EA | B41: =AVERAGE(B31:F35) -> 0.4216 | C41: R | D41: =MAX(B31:F35)-MIN(B31:F35) -> 0.2 | E41: ER | F41: =B41/(0.975/E26) -> 0.73509744 | G41: A side- EA | H41: =AVERAGE(H31:L35) -> 1.1204 | I41: R | J41: =MAX(H31:L35)-MIN(H31:L35) -> 0.16 | K41: ER | L41: =H41/(1.944/K26) -> 0.80687243 | M41: A side- EA | N41: =AVERAGE(N31:W35) -> 0.3044 | O41: R | P41: =MAX(N31:W35)-MIN(N31:W35) -> 0.15 | Q41: ER | R41: =N41/(0.975/Q26) -> 0.46830769 | S41: % | T41: =1-(P41/2*N41) -> 0.97717 | U41: T-R | V41: =MAX(N31:W40)-MIN(N31:W40) -> 0.18 | X41: A side- EA | Y41: =AVERAGE(Y31:AH35) -> 0 | Z41: R | AA41: =MAX(Y31:AH35)-MIN(Y31:AH35) -> 0 | AB41: ER | AC41: =Y41/(3.13/AB26) -> 0 | AD41: % | AE41: =1-(AA41/2*Y41) -> 1 | AF41: T-R | AG41: =MAX(Y31:AH40)-MIN(Y31:AH40) -> 0
A42: B side- EA | B42: =AVERAGE(B37:F40) -> 0.4235 | C42: R | D42: =MAX(B36:F40)-MIN(B36:F40) -> 0.12 | E42: ER | F42: =B42/(0.975/E26) -> 0.73841026 | G42: B side- EA | H42: =AVERAGE(H37:L40) -> 0.848 | I42: R | J42: =MAX(H36:L40)-MIN(H36:L40) -> 0.16 | K42: ER | L42: =H42/(1.944/K26) -> 0.61069959 | M42: B side- EA | N42: =AVERAGE(N37:W40) -> 0.31975 | O42: R | P42: =MAX(N36:W40)-MIN(N36:W40) -> 0.18 | Q42: ER | R42: =N42/(0.975/Q26) -> 0.49192308 | S42: % | T42: =1-(P42/2*N42) -> 0.9712225 | U42: T-% | V42: =1-(V41/2*AVERAGE(N41:N42)) -> 0.97191325 | X42: B side- EA | Y42: =AVERAGE(Y37:AH40) -> 0 | Z42: R | AA42: =MAX(Y36:AH40)-MIN(Y36:AH40) -> 0 | AB42: ER | AC42: =Y42/(3.13/AB26) -> 0 | AD42: % | AE42: =1-(AA42/2*Y42) -> 1 | AF42: T-% | AG42: =1-(AG41/2*AVERAGE(Y41:Y42)) -> 1
AK43: =H36 -> 0.92 | AL43: =H37 -> 0.81 | AM43: =H38 -> 0.8 | AN43: =H39 -> 0.86 | AO43: =H40 -> 0.83 | AP43: =I36 -> 0.86 | AQ43: =I37 -> 0.83 | AR43: =I38 -> 0.89 | AS43: =I39 -> 0.84 | AT43: =I40 -> 0.78 | AU43: =J36 -> 0.82 | AV43: =J37 -> 0.81 | AW43: =J38 -> 0.83 | AX43: =J39 -> 0.78 | AY43: =J40 -> 0.94 | AZ43: =K36 -> 0.92 | BA43: =K37 -> 0.82 | BB43: =K38 -> 0.86 | BC43: =K39 -> 0.86 | BD43: =K40 -> 0.82 | BE43: =L36 -> 0.84 | BF43: =L37 -> 0.9 | BG43: =L38 -> 0.89 | BH43: =L39 -> 0.9 | BI43: =L40 -> 0.91

Sheet 0430.
A1: PT-01 | G1: QE-01 | M1: PT-02 | X1: QE-02
A2: OP | B2: 1 | C2: 2 | D2: 3 | E2: 4 | F2: 5 | G2: OP | H2: 1 | I2: 2 | J2: 3 | K2: 4 | L2: 5 | M2: OP | N2: 1 | O2: 2 | P2: 3 | Q2: 4 | R2: 5 | S2: 6 | T2: 7 | U2: 8 | V2: 9 | W2: 10 | X2: OP | Y2: 1 | Z2: 2 | AA2: 3 | AB2: 4 | AC2: 5 | AD2: 6 | AE2: 7 | AF2: 8 | AG2: 9 | AH2: 10
A3: N2522+ | B3: 3.24 | C3: 3.27 | D3: 3.09 | E3: 2.92 | F3: 2.83 | G3: N2522+ | H3: 3.2 | I3: 3.15 | J3: 3.11 | K3: 2.96 | L3: 2.9 | M3: N2522+ | N3: 2.38 | O3: 2.26 | P3: 2.36 | Q3: 2.38 | R3: 2.35 | S3: 2.34 | T3: 2.33 | U3: 2.35 | V3: 2.28 | W3: 2.11 | X3: N2522+
B4: 3.24 | C4: 3.21 | D4: 3.14 | E4: 2.94 | F4: 2.84 | H4: 3.19 | I4: 3.32 | J4: 3.14 | K4: 2.91 | L4: 2.93 | N4: 2.34 | O4: 2.35 | P4: 2.37 | Q4: 2.41 | R4: 2.39 | S4: 2.36 | T4: 2.36 | U4: 2.3 | V4: 2.31 | W4: 2.17
B5: 3.24 | C5: 3.22 | D5: 3.19 | E5: 2.94 | F5: 2.87 | H5: 3.24 | I5: 3.22 | J5: 3.2 | K5: 2.9 | L5: 2.93 | N5: 2.36 | O5: 2.37 | P5: 2.39 | Q5: 2.41 | R5: 2.44 | S5: 2.41 | T5: 2.34 | U5: 2.38 | V5: 2.35 | W5: 2.2
B6: 3.17 | C6: 3.18 | D6: 3.13 | E6: 2.93 | F6: 2.88 | H6: 3.16 | I6: 3.13 | J6: 3.13 | K6: 2.87 | L6: 2.9 | N6: 2.32 | O6: 2.35 | P6: 2.33 | Q6: 2.38 | R6: 2.43 | S6: 2.38 | T6: 2.34 | U6: 2.39 | V6: 2.37 | W6: 2.23
B7: 3.24 | C7: 3.21 | D7: 3.06 | E7: 2.95 | F7: 2.86 | H7: 3.14 | I7: 3.25 | J7: 3.19 | K7: 2.9 | L7: 2.86 | N7: 2.38 | O7: 2.28 | P7: 2.28 | Q7: 2.33 | R7: 2.36 | S7: 2.35 | T7: 2.38 | U7: 2.39 | V7: 2.35 | W7: 2.18
A8: N2522- | B8: 3.1 | C8: 3.21 | D8: 3.14 | E8: 2.91 | F8: 2.79 | G8: N2522- | H8: 3.08 | I8: 3.18 | J8: 3.1 | K8: 2.91 | L8: 2.83 | M8: N2522- | N8: 2.15 | O8: 2.25 | P8: 2.38 | Q8: 2.38 | R8: 2.32 | S8: 2.37 | T8: 2.4 | U8: 2.41 | V8: 2.3 | W8: 2.17 | X8: N2522-
B9: 3.16 | C9: 3.14 | D9: 3.15 | E9: 2.98 | F9: 2.86 | H9: 3.08 | I9: 3.21 | J9: 3.14 | K9: 2.95 | L9: 2.86 | N9: 2.22 | O9: 2.19 | P9: 2.36 | Q9: 2.43 | R9: 2.44 | S9: 2.46 | T9: 2.45 | U9: 2.45 | V9: 2.35 | W9: 2.18
B10: 3.14 | C10: 3.23 | D10: 3.14 | E10: 2.99 | F10: 2.82 | H10: 3.1 | I10: 3.24 | J10: 3.2 | K10: 3.01 | L10: 2.86 | N10: 2.2 | O10: 2.31 | P10: 2.35 | Q10: 2.34 | R10: 2.36 | S10: 2.4 | T10: 2.39 | U10: 2.39 | V10: 2.34 | W10: 2.2
B11: 3.17 | C11: 3.17 | D11: 3.14 | E11: 2.97 | F11: 2.91 | H11: 3.15 | I11: 3.12 | J11: 3.11 | K11: 2.93 | L11: 2.83 | N11: 2.19 | O11: 2.25 | P11: 2.32 | Q11: 2.37 | R11: 2.38 | S11: 2.39 | T11: 2.42 | U11: 2.4 | V11: 2.37 | W11: 2.23
B12: 3.11 | C12: 3.19 | D12: 3.22 | E12: 2.94 | F12: 2.78 | H12: 3.11 | I12: 3.21 | J12: 3.22 | K12: 3 | L12: 2.85 | N12: 2.16 | O12: 2.24 | P12: 2.35 | Q12: 2.37 | R12: 2.4 | S12: 2.44 | T12: 2.42 | U12: 2.39 | V12: 2.33 | W12: 2.18
A13: PT1+ | B13: 2.86 | C13: 2.898 | D13: 2.69 | E13: 2.53 | F13: 2.44 | G13: QE1+ | H13: 2.05 | I13: 1.99 | J13: 1.94 | K13: 1.74 | L13: 1.69 | M13: PT2+ | N13: 2.05 | O13: 2.02 | P13: 2.04 | Q13: 2.08 | R13: 2.07 | S13: 2.06 | T13: 2.08 | U13: 2.08 | V13: 2 | W13: 1.9 | X13: QE2+
B14: 2.85 | C14: 2.89 | D14: 2.8 | E14: 2.56 | F14: 2.5 | H14: 1.99 | I14: 2.07 | J14: 1.92 | K14: 1.72 | L14: 1.65 | N14: 2.07 | O14: 2.05 | P14: 2.09 | Q14: 2.12 | R14: 2.13 | S14: 2.1 | T14: 2.12 | U14: 2.07 | V14: 2.04 | W14: 1.96
B15: 2.88 | C15: 2.87 | D15: 2.77 | E15: 2.58 | F15: 2.49 | H15: 2.01 | I15: 2.03 | J15: 1.91 | K15: 1.68 | L15: 1.65 | N15: 2.09 | O15: 2.08 | P15: 2.14 | Q15: 2.15 | R15: 2.16 | S15: 2.11 | T15: 2.1 | U15: 2.12 | V15: 2.1 | W15: 1.99
B16: 2.85 | C16: 2.86 | D16: 2.74 | E16: 2.54 | F16: 2.51 | H16: 1.94 | I16: 1.99 | J16: 1.93 | K16: 1.69 | L16: 1.65 | N16: 2.05 | O16: 2.03 | P16: 2.06 | Q16: 2.09 | R16: 2.14 | S16: 2.08 | T16: 2.1 | U16: 2.1 | V16: 2.04 | W16: 1.93 | X16: 1.95
B17: 2.82 | C17: 2.77 | D17: 2.64 | E17: 2.47 | F17: 2.43 | H17: 1.96 | I17: 1.95 | J17: 1.84 | K17: 1.66 | L17: 1.6 | N17: 2.07 | O17: 2.07 | P17: 2.01 | Q17: 2.01 | R17: 2.08 | S17: 2.08 | T17: 2.11 | U17: 2.07 | V17: 2.01 | W17: 1.92
A18: PT1- | B18: 2.67 | C18: 2.77 | D18: 2.73 | E18: 2.56 | F18: 2.44 | G18: Q1E- | H18: 2.15 | I18: 2.25 | J18: 2.21 | K18: 2.01 | L18: 1.87 | M18: PT2- | N18: 1.89 | O18: 2.03 | P18: 2.07 | Q18: 2.06 | R18: 2.02 | S18: 2.03 | T18: 2.01 | U18: 2.1 | V18: 1.95 | W18: 1.94 | X18: QE2-
B19: 2.71 | C19: 2.78 | D19: 2.81 | E19: 2.56 | F19: 2.43 | H19: 2.14 | I19: 2.28 | J19: 2.24 | K19: 2.01 | L19: 1.86 | N19: 1.92 | O19: 2.09 | P19: 2.14 | Q19: 2.13 | R19: 2.1 | S19: 2.03 | T19: 2.05 | U19: 2.02 | V19: 1.97 | W19: 1.89
B20: 2.75 | C20: 2.8 | D20: 2.79 | E20: 2.55 | F20: 2.43 | H20: 2.17 | I20: 2.25 | J20: 2.23 | K20: 1.98 | L20: 1.85 | N20: 1.95 | O20: 2.06 | P20: 2.11 | Q20: 2.18 | R20: 2.11 | S20: 2.03 | T20: 2.04 | U20: 2 | V20: 1.99 | W20: 1.93
B21: 2.73 | C21: 2.8 | D21: 2.77 | E21: 2.55 | F21: 2.46 | H21: 2.21 | I21: 2.18 | J21: 2.21 | K21: 2 | L21: 1.83 | N21: 1.94 | O21: 2.08 | P21: 2.13 | Q21: 2.14 | R21: 2.09 | S21: 2.07 | T21: 2.07 | U21: 2 | V21: 1.95 | W21: 1.88
B22: 2.7 | C22: 2.81 | D22: 2.79 | E22: 2.55 | F22: 2.46 | H22: 2.15 | I22: 2.21 | J22: 2.21 | K22: 1.98 | L22: 1.83 | N22: 1.96 | O22: 2.08 | P22: 2.14 | Q22: 2.1 | R22: 2.11 | S22: 2.09 | T22: 2.08 | U22: 2 | V22: 1.89 | W22: 1.86
A24: 項次 | B24: 單位 | C24: 規格 | E24: 數值 | G24: 項次 | H24: 單位 | I24: 規格 | K24: 數值 | M24: 項次 | N24: 單位 | O24: 規格 | Q24: 數值 | X24: 項次 | Y24: 單位 | Z24: 規格 | AB24: 數值
A25: 咬蝕量 | B25: um | C25: 0.3±0.1 | E25: =AVERAGE(B3:F12)-AVERAGE(B13:F22) -> 0.39024 | G25: 咬蝕量 | H25: um | I25: 0.84±0.07 | K25: =AVERAGE(H3:L12)-AVERAGE(H13:L22) -> 1.091 | M25: 咬蝕量 | N25: um | O25: 0.3±0.1 | Q25: =AVERAGE(N3:W12)-AVERAGE(N13:W22) -> 0.2877 | X25: 咬蝕量 | Y25: um | Z25: 0.84±0.07 | AB25: =AVERAGE(Y3:AH12)-AVERAGE(Y13:AH22) -> #DIV/0!
A26: 線速 | B26: M/min | C26: ="--" -> -- | E26: 1.7 | G26: 線速 | H26: M/min | I26: ="--" -> -- | K26: 1.4 | M26: 線速 | N26: M/min | O26: ="--" -> -- | Q26: 1.5 | X26: 線速 | Y26: M/min | Z26: ="--" -> -- | AB26: 1.5
A27: 咬蝕速率 | B27: um/min | C27: 0.55±0.17 | E27: =(E25/(0.975/E26)) -> 0.68041846 | G27: 咬蝕速率 | H27: um/min | I27: 0.75±0.07 | K27: =(K25/(1.944/K26)) -> 0.78569959 | M27: 咬蝕速率 | N27: um/min | O27: 0.55±0.17 | Q27: =(Q25/(0.975/Q26)) -> 0.44261538 | X27: 咬蝕速率 | Y27: um/min | Z27: 0.75±0.07 | AB27: =(AB25/(3.13/AB26)) -> #DIV/0!
A28: 量測日期 | C28: =TODAY() -> 46156
A29: PT-01 | G29: QE-01 | M29: PT-02 | X29: QE-02
A30: 咬蝕量 | G30: 咬蝕量 | M30: 咬蝕量 | X30: 咬蝕量
A31: PT1+ | B31: =B3-B13 -> 0.38 | C31: =C3-C13 -> 0.372 | D31: =D3-D13 -> 0.4 | E31: =E3-E13 -> 0.39 | F31: =F3-F13 -> 0.39 | G31: QE1+ | H31: =H3-H13 -> 1.15 | I31: =I3-I13 -> 1.16 | J31: =J3-J13 -> 1.17 | K31: =K3-K13 -> 1.22 | L31: =L3-L13 -> 1.21 | M31: PT2+ | N31: =N3-N13 -> 0.33 | O31: =O3-O13 -> 0.24 | P31: =P3-P13 -> 0.32 | Q31: =Q3-Q13 -> 0.3 | R31: =R3-R13 -> 0.28 | S31: =S3-S13 -> 0.28 | T31: =T3-T13 -> 0.25 | U31: =U3-U13 -> 0.27 | ... W31: =W3-W13 -> 0.21 | X31: QE2+ | Y31: =Y3-Y13 -> 0 | Z31: =Z3-Z13 -> 0 | AA31: =AA3-AA13 -> 0 | AB31: =AB3-AB13 -> 0 | AC31: =AC3-AC13 -> 0 | AD31: =AD3-AD13 -> 0 | AE31: =AE3-AE13 -> 0 | AF31: =AF3-AF13 -> 0 | ... AH31: =AH3-AH13 -> 0 | AJ31: PT | AK31: =B31 -> 0.38 | AL31: =B32 -> 0.39 | AM31: =B33 -> 0.36 | AN31: =B34 -> 0.32 | AO31: =B35 -> 0.42 | AP31: =C31 -> 0.372 | AQ31: =C32 -> 0.32 | AR31: =C33 -> 0.35 | AS31: =C34 -> 0.32 | AT31: =C35 -> 0.44 | AU31: =D31 -> 0.4 | AV31: =D32 -> 0.34 | AW31: =D33 -> 0.42 | AX31: =D34 -> 0.39 | AY31: =D35 -> 0.42 | AZ31: =E31 -> 0.39 | BA31: =E32 -> 0.38 | BB31: =E33 -> 0.36 | BC31: =E34 -> 0.39 | BD31: =E35 -> 0.48 | BE31: =F31 -> 0.39 | BF31: =F32 -> 0.34 | BG31: =F33 -> 0.38 | BH31: =F34 -> 0.37 | BI31: =F35 -> 0.43
B32: =B4-B14 -> 0.39 | C32: =C4-C14 -> 0.32 | D32: =D4-D14 -> 0.34 | E32: =E4-E14 -> 0.38 | F32: =F4-F14 -> 0.34 | H32: =H4-H14 -> 1.2 | I32: =I4-I14 -> 1.25 | J32: =J4-J14 -> 1.22 | K32: =K4-K14 -> 1.19 | L32: =L4-L14 -> 1.28 | N32: =N4-N14 -> 0.27 | O32: =O4-O14 -> 0.3 | P32: =P4-P14 -> 0.28 | Q32: =Q4-Q14 -> 0.29 | R32: =R4-R14 -> 0.26 | S32: =S4-S14 -> 0.26 | T32: =T4-T14 -> 0.24 | U32: =U4-U14 -> 0.23 | ... W32: =W4-W14 -> 0.21 | Y32: =Y4-Y14 -> 0 | Z32: =Z4-Z14 -> 0 | AA32: =AA4-AA14 -> 0 | AB32: =AB4-AB14 -> 0 | AC32: =AC4-AC14 -> 0 | AD32: =AD4-AD14 -> 0 | AE32: =AE4-AE14 -> 0 | AF32: =AF4-AF14 -> 0 | ... AH32: =AH4-AH14 -> 0
B33: =B5-B15 -> 0.36 | C33: =C5-C15 -> 0.35 | D33: =D5-D15 -> 0.42 | E33: =E5-E15 -> 0.36 | F33: =F5-F15 -> 0.38 | H33: =H5-H15 -> 1.23 | I33: =I5-I15 -> 1.19 | J33: =J5-J15 -> 1.29 | K33: =K5-K15 -> 1.22 | L33: =L5-L15 -> 1.28 | N33: =N5-N15 -> 0.27 | O33: =O5-O15 -> 0.29 | P33: =P5-P15 -> 0.25 | Q33: =Q5-Q15 -> 0.26 | R33: =R5-R15 -> 0.28 | S33: =S5-S15 -> 0.3 | T33: =T5-T15 -> 0.24 | U33: =U5-U15 -> 0.26 | ... W33: =W5-W15 -> 0.21 | Y33: =Y5-Y15 -> 0 | Z33: =Z5-Z15 -> 0 | AA33: =AA5-AA15 -> 0 | AB33: =AB5-AB15 -> 0 | AC33: =AC5-AC15 -> 0 | AD33: =AD5-AD15 -> 0 | AE33: =AE5-AE15 -> 0 | AF33: =AF5-AF15 -> 0 | ... AH33: =AH5-AH15 -> 0
B34: =B6-B16 -> 0.32 | C34: =C6-C16 -> 0.32 | D34: =D6-D16 -> 0.39 | E34: =E6-E16 -> 0.39 | F34: =F6-F16 -> 0.37 | H34: =H6-H16 -> 1.22 | I34: =I6-I16 -> 1.14 | J34: =J6-J16 -> 1.2 | K34: =K6-K16 -> 1.18 | L34: =L6-L16 -> 1.25 | N34: =N6-N16 -> 0.27 | O34: =O6-O16 -> 0.32 | P34: =P6-P16 -> 0.27 | Q34: =Q6-Q16 -> 0.29 | R34: =R6-R16 -> 0.29 | S34: =S6-S16 -> 0.3 | T34: =T6-T16 -> 0.24 | U34: =U6-U16 -> 0.29 | ... W34: =W6-W16 -> 0.3 | Y34: =Y6-Y16 -> 0 | Z34: =Z6-Z16 -> 0 | AA34: =AA6-AA16 -> 0 | AB34: =AB6-AB16 -> 0 | AC34: =AC6-AC16 -> 0 | AD34: =AD6-AD16 -> 0 | AE34: =AE6-AE16 -> 0 | AF34: =AF6-AF16 -> 0 | ... AH34: =AH6-AH16 -> 0
B35: =B7-B17 -> 0.42 | C35: =C7-C17 -> 0.44 | D35: =D7-D17 -> 0.42 | E35: =E7-E17 -> 0.48 | F35: =F7-F17 -> 0.43 | H35: =H7-H17 -> 1.18 | I35: =I7-I17 -> 1.3 | J35: =J7-J17 -> 1.35 | K35: =K7-K17 -> 1.24 | L35: =L7-L17 -> 1.26 | N35: =N7-N17 -> 0.31 | O35: =O7-O17 -> 0.21 | P35: =P7-P17 -> 0.27 | Q35: =Q7-Q17 -> 0.32 | R35: =R7-R17 -> 0.28 | S35: =S7-S17 -> 0.27 | T35: =T7-T17 -> 0.27 | U35: =U7-U17 -> 0.32 | ... W35: =W7-W17 -> 0.26 | Y35: =Y7-Y17 -> 0 | Z35: =Z7-Z17 -> 0 | AA35: =AA7-AA17 -> 0 | AB35: =AB7-AB17 -> 0 | AC35: =AC7-AC17 -> 0 | AD35: =AD7-AD17 -> 0 | AE35: =AE7-AE17 -> 0 | AF35: =AF7-AF17 -> 0 | ... AH35: =AH7-AH17 -> 0
A36: PT1- | B36: =B8-B18 -> 0.43 | C36: =C8-C18 -> 0.44 | D36: =D8-D18 -> 0.41 | E36: =E8-E18 -> 0.35 | F36: =F8-F18 -> 0.35 | G36: QE1- | H36: =H8-H18 -> 0.93 | I36: =I8-I18 -> 0.93 | J36: =J8-J18 -> 0.89 | K36: =K8-K18 -> 0.9 | L36: =L8-L18 -> 0.96 | M36: PT2- | N36: =N8-N18 -> 0.26 | O36: =O8-O18 -> 0.22 | P36: =P8-P18 -> 0.31 | Q36: =Q8-Q18 -> 0.32 | R36: =R8-R18 -> 0.3 | S36: =S8-S18 -> 0.34 | T36: =T8-T18 -> 0.39 | U36: =U8-U18 -> 0.31 | ... W36: =W8-W18 -> 0.23 | X36: QE2- | Y36: =Y8-Y18 -> 0 | Z36: =Z8-Z18 -> 0 | AA36: =AA8-AA18 -> 0 | AB36: =AB8-AB18 -> 0 | AC36: =AC8-AC18 -> 0 | AD36: =AD8-AD18 -> 0 | AE36: =AE8-AE18 -> 0 | AF36: =AF8-AF18 -> 0 | ... AH36: =AH8-AH18 -> 0 | AK36: =B36 -> 0.43 | AL36: =B37 -> 0.45 | AM36: =B38 -> 0.39 | AN36: =B39 -> 0.44 | AO36: =B40 -> 0.41 | AP36: =C36 -> 0.44 | AQ36: =C37 -> 0.36 | AR36: =C38 -> 0.43 | AS36: =C39 -> 0.37 | AT36: =C40 -> 0.38 | AU36: =D36 -> 0.41 | AV36: =D37 -> 0.34 | AW36: =D38 -> 0.35 | AX36: =D39 -> 0.37 | AY36: =D40 -> 0.43 | AZ36: =E36 -> 0.35 | BA36: =E37 -> 0.42 | BB36: =E38 -> 0.44 | BC36: =E39 -> 0.42 | BD36: =E40 -> 0.39 | BE36: =F36 -> 0.35 | BF36: =F37 -> 0.43 | BG36: =F38 -> 0.39 | BH36: =F39 -> 0.45 | BI36: =F40 -> 0.32
B37: =B9-B19 -> 0.45 | C37: =C9-C19 -> 0.36 | D37: =D9-D19 -> 0.34 | E37: =E9-E19 -> 0.42 | F37: =F9-F19 -> 0.43 | H37: =H9-H19 -> 0.94 | I37: =I9-I19 -> 0.93 | J37: =J9-J19 -> 0.9 | K37: =K9-K19 -> 0.94 | L37: =L9-L19 -> 1 | N37: =N9-N19 -> 0.3 | O37: =O9-O19 -> 0.1 | P37: =P9-P19 -> 0.22 | Q37: =Q9-Q19 -> 0.3 | R37: =R9-R19 -> 0.34 | S37: =S9-S19 -> 0.43 | T37: =T9-T19 -> 0.4 | U37: =U9-U19 -> 0.43 | ... W37: =W9-W19 -> 0.29 | Y37: =Y9-Y19 -> 0 | Z37: =Z9-Z19 -> 0 | AA37: =AA9-AA19 -> 0 | AB37: =AB9-AB19 -> 0 | AC37: =AC9-AC19 -> 0 | AD37: =AD9-AD19 -> 0 | AE37: =AE9-AE19 -> 0 | AF37: =AF9-AF19 -> 0 | ... AH37: =AH9-AH19 -> 0
B38: =B10-B20 -> 0.39 | C38: =C10-C20 -> 0.43 | D38: =D10-D20 -> 0.35 | E38: =E10-E20 -> 0.44 | F38: =F10-F20 -> 0.39 | H38: =H10-H20 -> 0.93 | I38: =I10-I20 -> 0.99 | J38: =J10-J20 -> 0.97 | K38: =K10-K20 -> 1.03 | L38: =L10-L20 -> 1.01 | N38: =N10-N20 -> 0.25 | O38: =O10-O20 -> 0.25 | P38: =P10-P20 -> 0.24 | Q38: =Q10-Q20 -> 0.16 | R38: =R10-R20 -> 0.25 | S38: =S10-S20 -> 0.37 | T38: =T10-T20 -> 0.35 | U38: =U10-U20 -> 0.39 | ... W38: =W10-W20 -> 0.27 | Y38: =Y10-Y20 -> 0 | Z38: =Z10-Z20 -> 0 | AA38: =AA10-AA20 -> 0 | AB38: =AB10-AB20 -> 0 | AC38: =AC10-AC20 -> 0 | AD38: =AD10-AD20 -> 0 | AE38: =AE10-AE20 -> 0 | AF38: =AF10-AF20 -> 0 | ... AH38: =AH10-AH20 -> 0 | AJ38: QE | AK38: =H31 -> 1.15 | AL38: =H32 -> 1.2 | AM38: =H33 -> 1.23 | AN38: =H34 -> 1.22 | AO38: =H35 -> 1.18 | AP38: =I31 -> 1.16 | AQ38: =I32 -> 1.25 | AR38: =I33 -> 1.19 | AS38: =I34 -> 1.14 | AT38: =I35 -> 1.3 | AU38: =J31 -> 1.17 | AV38: =J32 -> 1.22 | AW38: =J33 -> 1.29 | AX38: =J34 -> 1.2 | AY38: =J35 -> 1.35 | AZ38: =K31 -> 1.22 | BA38: =K32 -> 1.19 | BB38: =K33 -> 1.22 | BC38: =K34 -> 1.18 | BD38: =K35 -> 1.24 | BE38: =L31 -> 1.21 | BF38: =L32 -> 1.28 | BG38: =L33 -> 1.28 | BH38: =L34 -> 1.25 | BI38: =L35 -> 1.26
B39: =B11-B21 -> 0.44 | C39: =C11-C21 -> 0.37 | D39: =D11-D21 -> 0.37 | E39: =E11-E21 -> 0.42 | F39: =F11-F21 -> 0.45 | H39: =H11-H21 -> 0.94 | I39: =I11-I21 -> 0.94 | J39: =J11-J21 -> 0.9 | K39: =K11-K21 -> 0.93 | L39: =L11-L21 -> 1 | N39: =N11-N21 -> 0.25 | O39: =O11-O21 -> 0.17 | P39: =P11-P21 -> 0.19 | Q39: =Q11-Q21 -> 0.23 | R39: =R11-R21 -> 0.29 | S39: =S11-S21 -> 0.32 | T39: =T11-T21 -> 0.35 | U39: =U11-U21 -> 0.4 | ... W39: =W11-W21 -> 0.35 | Y39: =Y11-Y21 -> 0 | Z39: =Z11-Z21 -> 0 | AA39: =AA11-AA21 -> 0 | AB39: =AB11-AB21 -> 0 | AC39: =AC11-AC21 -> 0 | AD39: =AD11-AD21 -> 0 | AE39: =AE11-AE21 -> 0 | AF39: =AF11-AF21 -> 0 | ... AH39: =AH11-AH21 -> 0
